2026_07_29-11:35:41 [D] [<UNNAME>] start init ...
2026_07_29-11:35:41 [D] [<UNNAME>] gmrL3NIiUe7mk2Gv/LbZv6yPs4w+JnpQgKIKDn8/FR/nYMKfKnR93t2jd9VY4qaRhwq9bJUmJ9BN4RYuKnOxUfY=
2026_07_29-11:35:41 [I] [client] socket connect = 1 kConnecting = 0 kConnected = 1 kDisconnecting = 2 kDisconnected = 3
2026_07_29-11:35:41 [W] [manage-CreateClient] 需要创建client Index = 1
2026_07_29-11:35:41 [D] [<UNNAME>] Connection::kConnected
2026_07_29-11:35:42 [W] [analysis] RxFlg.store(1)---serial_number = 0 check_sn = 0
2026_07_29-11:35:42 [W] [analysis] cv通知下发---serial_number = 0 check_sn = 0
2026_07_29-11:35:42 [D] [manage-listenClient] 还未授权成功，请求中
2026_07_29-11:35:42 [D] [<UNNAME>] Connection::kConnected
2026_07_29-11:35:42 [W] [manage-CreateClient] 需要创建client Index = 2
2026_07_29-11:35:42 [W] [analysis] RxFlg.store(1)---serial_number = 1 check_sn = 1
2026_07_29-11:35:42 [W] [analysis] cv通知下发---serial_number = 1 check_sn = 1
2026_07_29-11:35:42 [D] [manage-listenClient] Random: bxMjTE..., VIN: HTWW312510A000123
2026_07_29-11:35:42 [I] [manage-listenClient] License verified successfully for VIN: HTWW312510A000123
2026_07_29-11:35:42 [D] [manage-listenClient] License valid until: 2026-10-15 10:12:20
2026_07_29-11:35:42 [I] [manage-listenClient] License verified successfully for expiry: 1A0A0F0A0C14
2026_07_29-11:35:42 [D] [<UNNAME>] Connection::kConnected
2026_07_29-11:35:42 [W] [analysis] RxFlg.store(1)---serial_number = 2 check_sn = 2
2026_07_29-11:35:42 [W] [analysis] cv通知下发---serial_number = 2 check_sn = 2
2026_07_29-11:35:42 [D] [<UNNAME>] brake_ctrl=1
2026_07_29-11:35:46 [W] [manage-listenClient] 发送心跳
2026_07_29-11:35:51 [W] [manage-listenClient] 发送心跳
2026_07_29-11:35:56 [W] [manage-listenClient] 发送心跳
2026_07_29-11:36:01 [W] [manage-listenClient] 发送心跳
2026_07_29-11:36:06 [W] [manage-listenClient] 发送心跳
2026_07_29-11:36:11 [W] [manage-listenClient] 发送心跳
2026_07_29-11:36:16 [W] [manage-listenClient] 发送心跳
2026_07_29-11:36:21 [W] [manage-listenClient] 发送心跳
2026_07_29-11:36:26 [W] [manage-listenClient] 发送心跳
2026_07_29-11:36:31 [W] [manage-listenClient] 发送心跳
2026_07_29-11:36:36 [W] [manage-listenClient] 发送心跳
2026_07_29-11:36:41 [W] [manage-listenClient] 发送心跳
2026_07_29-11:36:46 [W] [manage-listenClient] 发送心跳
2026_07_29-11:36:51 [W] [manage-listenClient] 发送心跳
2026_07_29-11:36:56 [W] [manage-listenClient] 发送心跳
2026_07_29-11:37:01 [W] [manage-listenClient] 发送心跳
2026_07_29-11:37:06 [W] [manage-listenClient] 发送心跳
2026_07_29-11:37:11 [W] [manage-listenClient] 发送心跳
2026_07_29-11:37:16 [W] [manage-listenClient] 发送心跳
2026_07_29-11:37:21 [W] [manage-listenClient] 发送心跳
2026_07_29-11:37:26 [W] [manage-listenClient] 发送心跳
2026_07_29-11:37:31 [W] [manage-listenClient] 发送心跳
2026_07_29-11:37:36 [W] [manage-listenClient] 发送心跳
2026_07_29-11:37:41 [W] [manage-listenClient] 发送心跳
2026_07_29-11:37:46 [W] [manage-listenClient] 发送心跳
2026_07_29-11:37:51 [W] [manage-listenClient] 发送心跳
2026_07_29-11:37:57 [W] [manage-listenClient] 发送心跳
2026_07_29-11:38:02 [W] [manage-listenClient] 发送心跳
2026_07_29-11:38:07 [W] [manage-listenClient] 发送心跳
2026_07_29-11:38:12 [W] [manage-listenClient] 发送心跳
2026_07_29-11:38:17 [W] [manage-listenClient] 发送心跳
2026_07_29-11:38:22 [W] [manage-listenClient] 发送心跳
2026_07_29-11:38:27 [W] [manage-listenClient] 发送心跳
2026_07_29-11:38:32 [W] [manage-listenClient] 发送心跳
2026_07_29-11:38:37 [W] [manage-listenClient] 发送心跳
2026_07_29-11:38:42 [W] [manage-listenClient] 发送心跳
2026_07_29-11:38:47 [W] [manage-listenClient] 发送心跳
2026_07_29-11:38:52 [W] [manage-listenClient] 发送心跳
2026_07_29-11:38:57 [W] [manage-listenClient] 发送心跳
2026_07_29-11:39:02 [W] [manage-listenClient] 发送心跳
2026_07_29-11:39:07 [W] [manage-listenClient] 发送心跳
2026_07_29-11:39:12 [W] [manage-listenClient] 发送心跳
2026_07_29-11:39:17 [W] [manage-listenClient] 发送心跳
2026_07_29-11:39:22 [W] [manage-listenClient] 发送心跳
2026_07_29-11:39:27 [W] [manage-listenClient] 发送心跳
2026_07_29-11:39:32 [W] [manage-listenClient] 发送心跳
2026_07_29-11:39:37 [W] [manage-listenClient] 发送心跳
2026_07_29-11:39:42 [W] [manage-listenClient] 发送心跳
2026_07_29-11:39:47 [W] [manage-listenClient] 发送心跳
2026_07_29-11:39:52 [W] [manage-listenClient] 发送心跳
2026_07_29-11:39:57 [W] [manage-listenClient] 发送心跳
2026_07_29-11:40:02 [W] [manage-listenClient] 发送心跳
2026_07_29-11:40:07 [W] [manage-listenClient] 发送心跳
2026_07_29-11:40:12 [W] [manage-listenClient] 发送心跳
2026_07_29-11:40:17 [W] [manage-listenClient] 发送心跳
2026_07_29-11:40:22 [W] [manage-listenClient] 发送心跳
2026_07_29-11:40:27 [W] [manage-listenClient] 发送心跳
2026_07_29-11:40:32 [W] [manage-listenClient] 发送心跳
2026_07_29-11:40:37 [W] [manage-listenClient] 发送心跳
2026_07_29-11:40:42 [W] [manage-listenClient] 发送心跳
2026_07_29-11:40:47 [W] [manage-listenClient] 发送心跳
2026_07_29-11:40:52 [W] [manage-listenClient] 发送心跳
2026_07_29-11:40:57 [W] [manage-listenClient] 发送心跳
2026_07_29-11:41:02 [W] [manage-listenClient] 发送心跳
2026_07_29-11:41:07 [W] [manage-listenClient] 发送心跳
2026_07_29-11:41:12 [W] [manage-listenClient] 发送心跳
2026_07_29-11:41:17 [W] [manage-listenClient] 发送心跳
2026_07_29-11:41:22 [W] [manage-listenClient] 发送心跳
2026_07_29-11:41:27 [W] [manage-listenClient] 发送心跳
2026_07_29-11:41:32 [W] [manage-listenClient] 发送心跳
2026_07_29-11:41:37 [W] [manage-listenClient] 发送心跳
2026_07_29-11:41:42 [W] [manage-listenClient] 发送心跳
2026_07_29-11:41:47 [W] [manage-listenClient] 发送心跳
2026_07_29-11:41:52 [W] [manage-listenClient] 发送心跳
2026_07_29-11:41:57 [W] [manage-listenClient] 发送心跳
2026_07_29-11:42:02 [W] [manage-listenClient] 发送心跳
2026_07_29-11:42:07 [W] [manage-listenClient] 发送心跳
2026_07_29-11:42:12 [W] [manage-listenClient] 发送心跳
2026_07_29-11:42:17 [W] [manage-listenClient] 发送心跳
2026_07_29-11:42:22 [W] [manage-listenClient] 发送心跳
2026_07_29-11:42:27 [W] [manage-listenClient] 发送心跳
2026_07_29-11:42:32 [W] [manage-listenClient] 发送心跳
2026_07_29-11:42:37 [W] [manage-listenClient] 发送心跳
2026_07_29-11:42:42 [W] [manage-listenClient] 发送心跳
2026_07_29-11:42:47 [W] [manage-listenClient] 发送心跳
2026_07_29-11:42:52 [W] [manage-listenClient] 发送心跳
2026_07_29-11:42:57 [W] [manage-listenClient] 发送心跳
2026_07_29-11:43:02 [W] [manage-listenClient] 发送心跳
2026_07_29-11:43:07 [W] [manage-listenClient] 发送心跳
2026_07_29-11:43:12 [W] [manage-listenClient] 发送心跳
2026_07_29-11:43:17 [W] [manage-listenClient] 发送心跳
2026_07_29-11:43:22 [W] [manage-listenClient] 发送心跳
2026_07_29-11:43:27 [W] [manage-listenClient] 发送心跳
2026_07_29-11:43:32 [W] [manage-listenClient] 发送心跳
2026_07_29-11:43:37 [W] [manage-listenClient] 发送心跳
2026_07_29-11:43:42 [W] [manage-listenClient] 发送心跳
2026_07_29-11:43:47 [W] [manage-listenClient] 发送心跳
2026_07_29-11:43:52 [W] [manage-listenClient] 发送心跳
2026_07_29-11:43:57 [W] [manage-listenClient] 发送心跳
2026_07_29-11:44:02 [W] [manage-listenClient] 发送心跳
2026_07_29-11:44:07 [W] [manage-listenClient] 发送心跳
2026_07_29-11:44:12 [W] [manage-listenClient] 发送心跳
2026_07_29-11:44:17 [W] [manage-listenClient] 发送心跳
2026_07_29-11:44:22 [W] [manage-listenClient] 发送心跳
2026_07_29-11:44:27 [W] [manage-listenClient] 发送心跳
2026_07_29-11:44:32 [W] [manage-listenClient] 发送心跳
2026_07_29-11:44:37 [W] [manage-listenClient] 发送心跳
2026_07_29-11:44:42 [W] [manage-listenClient] 发送心跳
2026_07_29-11:44:47 [W] [manage-listenClient] 发送心跳
2026_07_29-11:44:52 [W] [manage-listenClient] 发送心跳
2026_07_29-11:44:57 [W] [manage-listenClient] 发送心跳
2026_07_29-11:45:02 [W] [manage-listenClient] 发送心跳
2026_07_29-11:45:07 [W] [manage-listenClient] 发送心跳
2026_07_29-11:45:12 [W] [manage-listenClient] 发送心跳
2026_07_29-11:45:17 [W] [manage-listenClient] 发送心跳
2026_07_29-11:45:22 [W] [manage-listenClient] 发送心跳
2026_07_29-11:45:27 [W] [manage-listenClient] 发送心跳
2026_07_29-11:45:32 [W] [manage-listenClient] 发送心跳
2026_07_29-11:45:37 [W] [manage-listenClient] 发送心跳
2026_07_29-11:45:42 [W] [manage-listenClient] 发送心跳
2026_07_29-11:45:42 [D] [client] disconnect from 192.168.10.1:8090
2026_07_29-11:45:42 [I] [client] socket close = 3
2026_07_29-11:45:42 [W] [manage-listenClient] 断联：开始释放资源
2026_07_29-11:45:42 [W] [manage-listenClient] ClientQue.front()->getClientID() = 1,CurClientID.load() = 0
2026_07_29-11:45:42 [I] [client] socket connect = 1 kConnecting = 0 kConnected = 1 kDisconnecting = 2 kDisconnected = 3
2026_07_29-11:45:42 [W] [manage-CreateClient] 需要创建client Index = 3
2026_07_29-11:45:42 [D] [<UNNAME>] Connection::kConnected
2026_07_29-11:45:43 [W] [analysis] RxFlg.store(1)---serial_number = 123 check_sn = 123
2026_07_29-11:45:43 [W] [analysis] cv通知下发---serial_number = 123 check_sn = 123
2026_07_29-11:45:43 [D] [manage-listenClient] 已经授权成功，重复验证授权码
2026_07_29-11:45:43 [D] [manage-listenClient] Random: bxMjTE..., VIN: HTWW312510A000123
2026_07_29-11:45:43 [I] [manage-listenClient] License verified successfully for VIN: HTWW312510A000123
2026_07_29-11:45:43 [D] [manage-listenClient] License valid until: 2026-10-15 10:12:20
2026_07_29-11:45:43 [I] [manage-listenClient] License verified successfully for expiry: 1A0A0F0A0C14
2026_07_29-11:45:47 [W] [manage-listenClient] 发送心跳
2026_07_29-11:45:52 [W] [manage-listenClient] 发送心跳
2026_07_29-11:45:57 [W] [manage-listenClient] 发送心跳
2026_07_29-11:46:02 [W] [manage-listenClient] 发送心跳
2026_07_29-11:46:07 [W] [manage-listenClient] 发送心跳
2026_07_29-11:46:12 [W] [manage-listenClient] 发送心跳
2026_07_29-11:46:17 [W] [manage-listenClient] 发送心跳
2026_07_29-11:46:22 [W] [manage-listenClient] 发送心跳
2026_07_29-11:46:27 [W] [manage-listenClient] 发送心跳
2026_07_29-11:46:32 [W] [manage-listenClient] 发送心跳
2026_07_29-11:46:37 [W] [manage-listenClient] 发送心跳
2026_07_29-11:46:42 [W] [manage-listenClient] 发送心跳
2026_07_29-11:46:47 [W] [manage-listenClient] 发送心跳
2026_07_29-11:46:52 [W] [manage-listenClient] 发送心跳
2026_07_29-11:46:57 [W] [manage-listenClient] 发送心跳
2026_07_29-11:47:02 [W] [manage-listenClient] 发送心跳
2026_07_29-11:47:07 [W] [manage-listenClient] 发送心跳
2026_07_29-11:47:12 [W] [manage-listenClient] 发送心跳
2026_07_29-11:47:17 [W] [manage-listenClient] 发送心跳
2026_07_29-11:47:22 [W] [manage-listenClient] 发送心跳
2026_07_29-11:47:27 [W] [manage-listenClient] 发送心跳
2026_07_29-11:47:32 [W] [manage-listenClient] 发送心跳
2026_07_29-11:47:37 [W] [manage-listenClient] 发送心跳
2026_07_29-11:47:42 [W] [manage-listenClient] 发送心跳
2026_07_29-11:47:47 [W] [manage-listenClient] 发送心跳
2026_07_29-11:47:52 [W] [manage-listenClient] 发送心跳
2026_07_29-11:47:57 [W] [manage-listenClient] 发送心跳
2026_07_29-11:48:02 [W] [manage-listenClient] 发送心跳
2026_07_29-11:48:07 [W] [manage-listenClient] 发送心跳
2026_07_29-11:48:12 [W] [manage-listenClient] 发送心跳
2026_07_29-11:48:17 [W] [manage-listenClient] 发送心跳
2026_07_29-11:48:22 [W] [manage-listenClient] 发送心跳
2026_07_29-11:48:27 [W] [manage-listenClient] 发送心跳
2026_07_29-11:48:32 [W] [manage-listenClient] 发送心跳
2026_07_29-11:48:37 [W] [manage-listenClient] 发送心跳
2026_07_29-11:48:42 [W] [manage-listenClient] 发送心跳
2026_07_29-11:48:47 [W] [manage-listenClient] 发送心跳
2026_07_29-11:48:52 [W] [manage-listenClient] 发送心跳
2026_07_29-11:48:57 [W] [manage-listenClient] 发送心跳
2026_07_29-11:49:02 [W] [manage-listenClient] 发送心跳
2026_07_29-11:49:07 [W] [manage-listenClient] 发送心跳
2026_07_29-11:49:12 [W] [manage-listenClient] 发送心跳
2026_07_29-11:49:17 [W] [manage-listenClient] 发送心跳
2026_07_29-11:49:22 [W] [manage-listenClient] 发送心跳
2026_07_29-11:49:27 [W] [manage-listenClient] 发送心跳
2026_07_29-11:49:32 [W] [manage-listenClient] 发送心跳
2026_07_29-11:49:37 [W] [manage-listenClient] 发送心跳
2026_07_29-11:49:42 [W] [manage-listenClient] 发送心跳
2026_07_29-11:49:47 [W] [manage-listenClient] 发送心跳
2026_07_29-11:49:52 [W] [manage-listenClient] 发送心跳
2026_07_29-11:49:57 [W] [manage-listenClient] 发送心跳
2026_07_29-11:50:02 [W] [manage-listenClient] 发送心跳
2026_07_29-11:50:07 [W] [manage-listenClient] 发送心跳
2026_07_29-11:50:12 [W] [manage-listenClient] 发送心跳
2026_07_29-11:50:17 [W] [manage-listenClient] 发送心跳
2026_07_29-11:50:22 [W] [manage-listenClient] 发送心跳
2026_07_29-11:50:27 [W] [manage-listenClient] 发送心跳
2026_07_29-11:50:32 [W] [manage-listenClient] 发送心跳
2026_07_29-11:50:37 [W] [manage-listenClient] 发送心跳
2026_07_29-11:50:42 [W] [manage-listenClient] 发送心跳
2026_07_29-11:50:47 [W] [manage-listenClient] 发送心跳
2026_07_29-11:50:52 [W] [manage-listenClient] 发送心跳
2026_07_29-11:50:57 [W] [manage-listenClient] 发送心跳
2026_07_29-11:51:02 [W] [manage-listenClient] 发送心跳
2026_07_29-11:51:07 [W] [manage-listenClient] 发送心跳
2026_07_29-11:51:12 [W] [manage-listenClient] 发送心跳
2026_07_29-11:51:17 [W] [manage-listenClient] 发送心跳
2026_07_29-11:51:22 [W] [manage-listenClient] 发送心跳
2026_07_29-11:51:27 [W] [manage-listenClient] 发送心跳
2026_07_29-11:51:32 [W] [manage-listenClient] 发送心跳
2026_07_29-11:51:37 [W] [manage-listenClient] 发送心跳
2026_07_29-11:51:42 [W] [manage-listenClient] 发送心跳
2026_07_29-11:51:47 [W] [manage-listenClient] 发送心跳
2026_07_29-11:51:52 [W] [manage-listenClient] 发送心跳
2026_07_29-11:51:57 [W] [manage-listenClient] 发送心跳
2026_07_29-11:52:02 [W] [manage-listenClient] 发送心跳
2026_07_29-11:52:07 [W] [manage-listenClient] 发送心跳
2026_07_29-11:52:12 [W] [manage-listenClient] 发送心跳
2026_07_29-11:52:17 [W] [manage-listenClient] 发送心跳
2026_07_29-11:52:22 [W] [manage-listenClient] 发送心跳
2026_07_29-11:52:27 [W] [manage-listenClient] 发送心跳
2026_07_29-11:52:32 [W] [manage-listenClient] 发送心跳
2026_07_29-11:52:37 [W] [manage-listenClient] 发送心跳
2026_07_29-11:52:42 [W] [manage-listenClient] 发送心跳
2026_07_29-11:52:47 [W] [manage-listenClient] 发送心跳
2026_07_29-11:52:52 [W] [manage-listenClient] 发送心跳
2026_07_29-11:52:57 [W] [manage-listenClient] 发送心跳
2026_07_29-11:53:02 [W] [manage-listenClient] 发送心跳
2026_07_29-11:53:07 [W] [manage-listenClient] 发送心跳
2026_07_29-11:53:12 [W] [manage-listenClient] 发送心跳
2026_07_29-11:53:17 [W] [manage-listenClient] 发送心跳
2026_07_29-11:53:22 [W] [manage-listenClient] 发送心跳
2026_07_29-11:53:27 [W] [manage-listenClient] 发送心跳
2026_07_29-11:53:32 [W] [manage-listenClient] 发送心跳
2026_07_29-11:53:37 [W] [manage-listenClient] 发送心跳
2026_07_29-11:53:42 [W] [manage-listenClient] 发送心跳
2026_07_29-11:53:47 [W] [manage-listenClient] 发送心跳
2026_07_29-11:53:52 [W] [manage-listenClient] 发送心跳
2026_07_29-11:53:57 [W] [manage-listenClient] 发送心跳
2026_07_29-11:54:02 [W] [manage-listenClient] 发送心跳
2026_07_29-11:54:07 [W] [manage-listenClient] 发送心跳
2026_07_29-11:54:12 [W] [manage-listenClient] 发送心跳
2026_07_29-11:54:17 [W] [manage-listenClient] 发送心跳
2026_07_29-11:54:22 [W] [manage-listenClient] 发送心跳
2026_07_29-11:54:27 [W] [manage-listenClient] 发送心跳
2026_07_29-11:54:32 [W] [manage-listenClient] 发送心跳
2026_07_29-11:54:37 [W] [manage-listenClient] 发送心跳
2026_07_29-11:54:42 [W] [manage-listenClient] 发送心跳
2026_07_29-11:54:47 [W] [manage-listenClient] 发送心跳
2026_07_29-11:54:52 [W] [manage-listenClient] 发送心跳
2026_07_29-11:54:57 [W] [manage-listenClient] 发送心跳
2026_07_29-11:55:02 [W] [manage-listenClient] 发送心跳
2026_07_29-11:55:07 [W] [manage-listenClient] 发送心跳
2026_07_29-11:55:12 [W] [manage-listenClient] 发送心跳
2026_07_29-11:55:17 [W] [manage-listenClient] 发送心跳
2026_07_29-11:55:22 [W] [manage-listenClient] 发送心跳
2026_07_29-11:55:27 [W] [manage-listenClient] 发送心跳
2026_07_29-11:55:32 [W] [manage-listenClient] 发送心跳
2026_07_29-11:55:37 [W] [manage-listenClient] 发送心跳
2026_07_29-11:55:42 [W] [manage-listenClient] 发送心跳
2026_07_29-11:55:43 [D] [client] disconnect from 192.168.10.1:8090
2026_07_29-11:55:43 [I] [client] socket close = 3
2026_07_29-11:55:43 [W] [manage-listenClient] 断联：开始释放资源
2026_07_29-11:55:43 [W] [manage-listenClient] ClientQue.front()->getClientID() = 2,CurClientID.load() = 1
2026_07_29-11:55:43 [I] [client] socket connect = 1 kConnecting = 0 kConnected = 1 kDisconnecting = 2 kDisconnected = 3
2026_07_29-11:55:43 [W] [manage-CreateClient] 需要创建client Index = 4
2026_07_29-11:55:43 [D] [<UNNAME>] Connection::kConnected
2026_07_29-11:55:43 [W] [analysis] RxFlg.store(1)---serial_number = 244 check_sn = 244
2026_07_29-11:55:43 [W] [analysis] cv通知下发---serial_number = 244 check_sn = 244
2026_07_29-11:55:43 [D] [manage-listenClient] 已经授权成功，重复验证授权码
2026_07_29-11:55:43 [D] [manage-listenClient] Random: bxMjTE..., VIN: HTWW312510A000123
2026_07_29-11:55:43 [I] [manage-listenClient] License verified successfully for VIN: HTWW312510A000123
2026_07_29-11:55:43 [D] [manage-listenClient] License valid until: 2026-10-15 10:12:20
2026_07_29-11:55:43 [I] [manage-listenClient] License verified successfully for expiry: 1A0A0F0A0C14
2026_07_29-11:55:47 [W] [manage-listenClient] 发送心跳
2026_07_29-11:55:52 [W] [manage-listenClient] 发送心跳
2026_07_29-11:55:57 [W] [manage-listenClient] 发送心跳
2026_07_29-11:56:02 [W] [manage-listenClient] 发送心跳
2026_07_29-11:56:07 [W] [manage-listenClient] 发送心跳
2026_07_29-11:56:12 [W] [manage-listenClient] 发送心跳
2026_07_29-11:56:17 [W] [manage-listenClient] 发送心跳
2026_07_29-11:56:22 [W] [manage-listenClient] 发送心跳
2026_07_29-11:56:27 [W] [manage-listenClient] 发送心跳
2026_07_29-11:56:32 [W] [manage-listenClient] 发送心跳
2026_07_29-11:56:37 [W] [manage-listenClient] 发送心跳
2026_07_29-11:56:42 [W] [manage-listenClient] 发送心跳
2026_07_29-11:56:47 [W] [manage-listenClient] 发送心跳
2026_07_29-11:56:52 [W] [manage-listenClient] 发送心跳
2026_07_29-11:56:57 [W] [manage-listenClient] 发送心跳
2026_07_29-11:57:02 [W] [manage-listenClient] 发送心跳
2026_07_29-11:57:07 [W] [manage-listenClient] 发送心跳
2026_07_29-11:57:12 [W] [manage-listenClient] 发送心跳
2026_07_29-11:57:17 [W] [manage-listenClient] 发送心跳
2026_07_29-11:57:22 [W] [manage-listenClient] 发送心跳
2026_07_29-11:57:27 [W] [manage-listenClient] 发送心跳
2026_07_29-11:57:32 [W] [manage-listenClient] 发送心跳
2026_07_29-11:57:37 [W] [manage-listenClient] 发送心跳
2026_07_29-11:57:42 [W] [manage-listenClient] 发送心跳
2026_07_29-11:57:47 [W] [manage-listenClient] 发送心跳
2026_07_29-11:57:52 [W] [manage-listenClient] 发送心跳
2026_07_29-11:57:57 [W] [manage-listenClient] 发送心跳
2026_07_29-11:58:02 [W] [manage-listenClient] 发送心跳
2026_07_29-11:58:07 [W] [manage-listenClient] 发送心跳
2026_07_29-11:58:12 [W] [manage-listenClient] 发送心跳
2026_07_29-11:58:17 [W] [manage-listenClient] 发送心跳
2026_07_29-11:58:22 [W] [manage-listenClient] 发送心跳
2026_07_29-11:58:27 [W] [manage-listenClient] 发送心跳
2026_07_29-11:58:32 [W] [manage-listenClient] 发送心跳
2026_07_29-11:58:37 [W] [manage-listenClient] 发送心跳
2026_07_29-11:58:42 [W] [manage-listenClient] 发送心跳
2026_07_29-11:58:47 [W] [manage-listenClient] 发送心跳
2026_07_29-11:58:52 [W] [manage-listenClient] 发送心跳
2026_07_29-11:58:57 [W] [manage-listenClient] 发送心跳
2026_07_29-11:59:02 [W] [manage-listenClient] 发送心跳
2026_07_29-11:59:07 [W] [manage-listenClient] 发送心跳
2026_07_29-11:59:12 [W] [manage-listenClient] 发送心跳
2026_07_29-11:59:17 [W] [manage-listenClient] 发送心跳
2026_07_29-11:59:22 [W] [manage-listenClient] 发送心跳
2026_07_29-11:59:27 [W] [manage-listenClient] 发送心跳
2026_07_29-11:59:32 [W] [manage-listenClient] 发送心跳
2026_07_29-11:59:37 [W] [manage-listenClient] 发送心跳
2026_07_29-11:59:42 [W] [manage-listenClient] 发送心跳
2026_07_29-11:59:47 [W] [manage-listenClient] 发送心跳
2026_07_29-11:59:52 [W] [manage-listenClient] 发送心跳
2026_07_29-11:59:57 [W] [manage-listenClient] 发送心跳
2026_07_29-12:00:02 [W] [manage-listenClient] 发送心跳
2026_07_29-12:00:07 [W] [manage-listenClient] 发送心跳
2026_07_29-12:00:12 [W] [manage-listenClient] 发送心跳
2026_07_29-12:00:17 [W] [manage-listenClient] 发送心跳
2026_07_29-12:00:22 [W] [manage-listenClient] 发送心跳
2026_07_29-12:00:27 [W] [manage-listenClient] 发送心跳
2026_07_29-12:00:32 [W] [manage-listenClient] 发送心跳
2026_07_29-12:00:37 [W] [manage-listenClient] 发送心跳
2026_07_29-12:00:42 [W] [manage-listenClient] 发送心跳
2026_07_29-12:00:47 [W] [manage-listenClient] 发送心跳
2026_07_29-12:00:52 [W] [manage-listenClient] 发送心跳
2026_07_29-12:00:57 [W] [manage-listenClient] 发送心跳
2026_07_29-12:01:02 [W] [manage-listenClient] 发送心跳
2026_07_29-12:01:07 [W] [manage-listenClient] 发送心跳
2026_07_29-12:01:12 [W] [manage-listenClient] 发送心跳
2026_07_29-12:01:17 [W] [manage-listenClient] 发送心跳
2026_07_29-12:01:22 [W] [manage-listenClient] 发送心跳
2026_07_29-12:01:27 [W] [manage-listenClient] 发送心跳
2026_07_29-12:01:32 [W] [manage-listenClient] 发送心跳
2026_07_29-12:01:37 [W] [manage-listenClient] 发送心跳
2026_07_29-12:01:42 [W] [manage-listenClient] 发送心跳
2026_07_29-12:01:47 [W] [manage-listenClient] 发送心跳
2026_07_29-12:01:52 [W] [manage-listenClient] 发送心跳
2026_07_29-12:01:57 [W] [manage-listenClient] 发送心跳
2026_07_29-12:02:02 [W] [manage-listenClient] 发送心跳
2026_07_29-12:02:07 [W] [manage-listenClient] 发送心跳
2026_07_29-12:02:12 [W] [manage-listenClient] 发送心跳
2026_07_29-12:02:17 [W] [manage-listenClient] 发送心跳
2026_07_29-12:02:22 [W] [manage-listenClient] 发送心跳
2026_07_29-12:02:27 [W] [manage-listenClient] 发送心跳
2026_07_29-12:02:32 [W] [manage-listenClient] 发送心跳
2026_07_29-12:02:37 [W] [manage-listenClient] 发送心跳
2026_07_29-12:02:42 [W] [manage-listenClient] 发送心跳
2026_07_29-12:02:47 [W] [manage-listenClient] 发送心跳
2026_07_29-12:02:52 [W] [manage-listenClient] 发送心跳
2026_07_29-12:02:57 [W] [manage-listenClient] 发送心跳
2026_07_29-12:03:02 [W] [manage-listenClient] 发送心跳
2026_07_29-12:03:07 [W] [manage-listenClient] 发送心跳
2026_07_29-12:03:12 [W] [manage-listenClient] 发送心跳
2026_07_29-12:03:17 [W] [manage-listenClient] 发送心跳
2026_07_29-12:03:22 [W] [manage-listenClient] 发送心跳
2026_07_29-12:03:27 [W] [manage-listenClient] 发送心跳
2026_07_29-12:03:32 [W] [manage-listenClient] 发送心跳
2026_07_29-12:03:37 [W] [manage-listenClient] 发送心跳
2026_07_29-12:03:42 [W] [manage-listenClient] 发送心跳
2026_07_29-12:03:47 [W] [manage-listenClient] 发送心跳
2026_07_29-12:03:52 [W] [manage-listenClient] 发送心跳
2026_07_29-12:03:57 [W] [manage-listenClient] 发送心跳
2026_07_29-12:04:02 [W] [manage-listenClient] 发送心跳
2026_07_29-12:04:07 [W] [manage-listenClient] 发送心跳
2026_07_29-12:04:12 [W] [manage-listenClient] 发送心跳
2026_07_29-12:04:17 [W] [manage-listenClient] 发送心跳
2026_07_29-12:04:22 [W] [manage-listenClient] 发送心跳
2026_07_29-12:04:27 [W] [manage-listenClient] 发送心跳
2026_07_29-12:04:32 [W] [manage-listenClient] 发送心跳
2026_07_29-12:04:37 [W] [manage-listenClient] 发送心跳
2026_07_29-12:04:42 [W] [manage-listenClient] 发送心跳
2026_07_29-12:04:47 [W] [manage-listenClient] 发送心跳
2026_07_29-12:04:52 [W] [manage-listenClient] 发送心跳
2026_07_29-12:04:57 [W] [manage-listenClient] 发送心跳
2026_07_29-12:05:02 [W] [manage-listenClient] 发送心跳
2026_07_29-12:05:07 [W] [manage-listenClient] 发送心跳
2026_07_29-12:05:12 [W] [manage-listenClient] 发送心跳
2026_07_29-12:05:17 [W] [manage-listenClient] 发送心跳
2026_07_29-12:05:22 [W] [manage-listenClient] 发送心跳
2026_07_29-12:05:27 [W] [manage-listenClient] 发送心跳
2026_07_29-12:05:32 [W] [manage-listenClient] 发送心跳
2026_07_29-12:05:37 [W] [manage-listenClient] 发送心跳
2026_07_29-12:05:42 [W] [manage-listenClient] 发送心跳
2026_07_29-12:05:43 [D] [client] disconnect from 192.168.10.1:8090
2026_07_29-12:05:43 [I] [client] socket close = 3
2026_07_29-12:05:43 [W] [manage-listenClient] 断联：开始释放资源
2026_07_29-12:05:43 [W] [manage-listenClient] ClientQue.front()->getClientID() = 3,CurClientID.load() = 2
2026_07_29-12:05:43 [I] [client] socket connect = 1 kConnecting = 0 kConnected = 1 kDisconnecting = 2 kDisconnected = 3
2026_07_29-12:05:43 [W] [manage-CreateClient] 需要创建client Index = 5
2026_07_29-12:05:43 [D] [<UNNAME>] Connection::kConnected
2026_07_29-12:05:43 [W] [analysis] RxFlg.store(1)---serial_number = 365 check_sn = 365
2026_07_29-12:05:43 [W] [analysis] cv通知下发---serial_number = 365 check_sn = 365
2026_07_29-12:05:43 [D] [manage-listenClient] 已经授权成功，重复验证授权码
2026_07_29-12:05:43 [D] [manage-listenClient] Random: bxMjTE..., VIN: HTWW312510A000123
2026_07_29-12:05:43 [I] [manage-listenClient] License verified successfully for VIN: HTWW312510A000123
2026_07_29-12:05:43 [D] [manage-listenClient] License valid until: 2026-10-15 10:12:20
2026_07_29-12:05:43 [I] [manage-listenClient] License verified successfully for expiry: 1A0A0F0A0C14
2026_07_29-12:05:47 [W] [manage-listenClient] 发送心跳
2026_07_29-12:05:52 [W] [manage-listenClient] 发送心跳
2026_07_29-12:05:57 [W] [manage-listenClient] 发送心跳
2026_07_29-12:06:02 [W] [manage-listenClient] 发送心跳
2026_07_29-12:06:07 [W] [manage-listenClient] 发送心跳
2026_07_29-12:06:12 [W] [manage-listenClient] 发送心跳
2026_07_29-12:06:17 [W] [manage-listenClient] 发送心跳
2026_07_29-12:06:22 [W] [manage-listenClient] 发送心跳
2026_07_29-12:06:27 [W] [manage-listenClient] 发送心跳
2026_07_29-12:06:32 [W] [manage-listenClient] 发送心跳
2026_07_29-12:06:37 [W] [manage-listenClient] 发送心跳
2026_07_29-12:06:42 [W] [manage-listenClient] 发送心跳
2026_07_29-12:06:47 [W] [manage-listenClient] 发送心跳
2026_07_29-12:06:52 [W] [manage-listenClient] 发送心跳
2026_07_29-12:06:57 [W] [manage-listenClient] 发送心跳
2026_07_29-12:07:02 [W] [manage-listenClient] 发送心跳
2026_07_29-12:07:07 [W] [manage-listenClient] 发送心跳
2026_07_29-12:07:12 [W] [manage-listenClient] 发送心跳
2026_07_29-12:07:17 [W] [manage-listenClient] 发送心跳
2026_07_29-12:07:22 [W] [manage-listenClient] 发送心跳
2026_07_29-12:07:27 [W] [manage-listenClient] 发送心跳
2026_07_29-12:07:32 [W] [manage-listenClient] 发送心跳
2026_07_29-12:07:37 [W] [manage-listenClient] 发送心跳
2026_07_29-12:07:42 [W] [manage-listenClient] 发送心跳
2026_07_29-12:07:47 [W] [manage-listenClient] 发送心跳
2026_07_29-12:07:52 [W] [manage-listenClient] 发送心跳
2026_07_29-12:07:57 [W] [manage-listenClient] 发送心跳
2026_07_29-12:08:02 [W] [manage-listenClient] 发送心跳
2026_07_29-12:08:07 [W] [manage-listenClient] 发送心跳
2026_07_29-12:08:12 [W] [manage-listenClient] 发送心跳
2026_07_29-12:08:17 [W] [manage-listenClient] 发送心跳
2026_07_29-12:08:22 [W] [manage-listenClient] 发送心跳
2026_07_29-12:08:27 [W] [manage-listenClient] 发送心跳
2026_07_29-12:08:32 [W] [manage-listenClient] 发送心跳
2026_07_29-12:08:37 [W] [manage-listenClient] 发送心跳
2026_07_29-12:08:42 [W] [manage-listenClient] 发送心跳
2026_07_29-12:08:47 [W] [manage-listenClient] 发送心跳
2026_07_29-12:08:52 [W] [manage-listenClient] 发送心跳
2026_07_29-12:08:57 [W] [manage-listenClient] 发送心跳
2026_07_29-12:09:02 [W] [manage-listenClient] 发送心跳
2026_07_29-12:09:07 [W] [manage-listenClient] 发送心跳
2026_07_29-12:09:12 [W] [manage-listenClient] 发送心跳
2026_07_29-12:09:17 [W] [manage-listenClient] 发送心跳
2026_07_29-12:09:22 [W] [manage-listenClient] 发送心跳
2026_07_29-12:09:27 [W] [manage-listenClient] 发送心跳
2026_07_29-12:09:32 [W] [manage-listenClient] 发送心跳
2026_07_29-12:09:37 [W] [manage-listenClient] 发送心跳
2026_07_29-12:09:42 [W] [manage-listenClient] 发送心跳
2026_07_29-12:09:47 [W] [manage-listenClient] 发送心跳
2026_07_29-12:09:52 [W] [manage-listenClient] 发送心跳
2026_07_29-12:09:57 [W] [manage-listenClient] 发送心跳
2026_07_29-12:10:02 [W] [manage-listenClient] 发送心跳
2026_07_29-12:10:07 [W] [manage-listenClient] 发送心跳
2026_07_29-12:10:12 [W] [manage-listenClient] 发送心跳
2026_07_29-12:10:17 [W] [manage-listenClient] 发送心跳
2026_07_29-12:10:22 [W] [manage-listenClient] 发送心跳
2026_07_29-12:10:27 [W] [manage-listenClient] 发送心跳
2026_07_29-12:10:32 [W] [manage-listenClient] 发送心跳
2026_07_29-12:10:37 [W] [manage-listenClient] 发送心跳
2026_07_29-12:10:42 [W] [manage-listenClient] 发送心跳
2026_07_29-12:10:47 [W] [manage-listenClient] 发送心跳
2026_07_29-12:10:52 [W] [manage-listenClient] 发送心跳
2026_07_29-12:10:57 [W] [manage-listenClient] 发送心跳
2026_07_29-12:11:02 [W] [manage-listenClient] 发送心跳
2026_07_29-12:11:07 [W] [manage-listenClient] 发送心跳
2026_07_29-12:11:12 [W] [manage-listenClient] 发送心跳
2026_07_29-12:11:17 [W] [manage-listenClient] 发送心跳
2026_07_29-12:11:22 [W] [manage-listenClient] 发送心跳
2026_07_29-12:11:27 [W] [manage-listenClient] 发送心跳
2026_07_29-12:11:32 [W] [manage-listenClient] 发送心跳
2026_07_29-12:11:37 [W] [manage-listenClient] 发送心跳
2026_07_29-12:11:42 [W] [manage-listenClient] 发送心跳
2026_07_29-12:11:47 [W] [manage-listenClient] 发送心跳
2026_07_29-12:11:52 [W] [manage-listenClient] 发送心跳
2026_07_29-12:11:57 [W] [manage-listenClient] 发送心跳
2026_07_29-12:12:02 [W] [manage-listenClient] 发送心跳
2026_07_29-12:12:07 [W] [manage-listenClient] 发送心跳
2026_07_29-12:12:12 [W] [manage-listenClient] 发送心跳
2026_07_29-12:12:17 [W] [manage-listenClient] 发送心跳
2026_07_29-12:12:22 [W] [manage-listenClient] 发送心跳
2026_07_29-12:12:27 [W] [manage-listenClient] 发送心跳
2026_07_29-12:12:32 [W] [manage-listenClient] 发送心跳
2026_07_29-12:12:37 [W] [manage-listenClient] 发送心跳
2026_07_29-12:12:42 [W] [manage-listenClient] 发送心跳
2026_07_29-12:12:47 [W] [manage-listenClient] 发送心跳
2026_07_29-12:12:52 [W] [manage-listenClient] 发送心跳
2026_07_29-12:12:57 [W] [manage-listenClient] 发送心跳
2026_07_29-12:13:02 [W] [manage-listenClient] 发送心跳
2026_07_29-12:13:07 [W] [manage-listenClient] 发送心跳
2026_07_29-12:13:12 [W] [manage-listenClient] 发送心跳
2026_07_29-12:13:17 [W] [manage-listenClient] 发送心跳
2026_07_29-12:13:22 [W] [manage-listenClient] 发送心跳
2026_07_29-12:13:27 [W] [manage-listenClient] 发送心跳
2026_07_29-12:13:33 [W] [manage-listenClient] 发送心跳
2026_07_29-12:13:38 [W] [manage-listenClient] 发送心跳
2026_07_29-12:13:43 [W] [manage-listenClient] 发送心跳
2026_07_29-12:13:48 [W] [manage-listenClient] 发送心跳
2026_07_29-12:13:53 [W] [manage-listenClient] 发送心跳
2026_07_29-12:13:58 [W] [manage-listenClient] 发送心跳
2026_07_29-12:14:03 [W] [manage-listenClient] 发送心跳
2026_07_29-12:14:08 [W] [manage-listenClient] 发送心跳
2026_07_29-12:14:13 [W] [manage-listenClient] 发送心跳
2026_07_29-12:14:18 [W] [manage-listenClient] 发送心跳
2026_07_29-12:14:23 [W] [manage-listenClient] 发送心跳
2026_07_29-12:14:28 [W] [manage-listenClient] 发送心跳
2026_07_29-12:14:33 [W] [manage-listenClient] 发送心跳
2026_07_29-12:14:38 [W] [manage-listenClient] 发送心跳
2026_07_29-12:14:43 [W] [manage-listenClient] 发送心跳
2026_07_29-12:14:48 [W] [manage-listenClient] 发送心跳
2026_07_29-12:14:53 [W] [manage-listenClient] 发送心跳
2026_07_29-12:14:58 [W] [manage-listenClient] 发送心跳
2026_07_29-12:15:03 [W] [manage-listenClient] 发送心跳
2026_07_29-12:15:08 [W] [manage-listenClient] 发送心跳
2026_07_29-12:15:13 [W] [manage-listenClient] 发送心跳
2026_07_29-12:15:18 [W] [manage-listenClient] 发送心跳
2026_07_29-12:15:23 [W] [manage-listenClient] 发送心跳
2026_07_29-12:15:28 [W] [manage-listenClient] 发送心跳
2026_07_29-12:15:33 [W] [manage-listenClient] 发送心跳
2026_07_29-12:15:38 [W] [manage-listenClient] 发送心跳
2026_07_29-12:15:43 [W] [manage-listenClient] 发送心跳
2026_07_29-12:15:43 [D] [client] disconnect from 192.168.10.1:8090
2026_07_29-12:15:43 [I] [client] socket close = 3
2026_07_29-12:15:43 [W] [manage-listenClient] 断联：开始释放资源
2026_07_29-12:15:43 [W] [manage-listenClient] ClientQue.front()->getClientID() = 4,CurClientID.load() = 3
2026_07_29-12:15:43 [I] [client] socket connect = 1 kConnecting = 0 kConnected = 1 kDisconnecting = 2 kDisconnected = 3
2026_07_29-12:15:43 [W] [manage-CreateClient] 需要创建client Index = 6
2026_07_29-12:15:43 [D] [<UNNAME>] Connection::kConnected
2026_07_29-12:15:44 [W] [analysis] RxFlg.store(1)---serial_number = 486 check_sn = 486
2026_07_29-12:15:44 [W] [analysis] cv通知下发---serial_number = 486 check_sn = 486
2026_07_29-12:15:44 [D] [manage-listenClient] 已经授权成功，重复验证授权码
2026_07_29-12:15:44 [D] [manage-listenClient] Random: bxMjTE..., VIN: HTWW312510A000123
2026_07_29-12:15:44 [I] [manage-listenClient] License verified successfully for VIN: HTWW312510A000123
2026_07_29-12:15:44 [D] [manage-listenClient] License valid until: 2026-10-15 10:12:20
2026_07_29-12:15:44 [I] [manage-listenClient] License verified successfully for expiry: 1A0A0F0A0C14
2026_07_29-12:15:48 [W] [manage-listenClient] 发送心跳
2026_07_29-12:15:53 [W] [manage-listenClient] 发送心跳
2026_07_29-12:15:58 [W] [manage-listenClient] 发送心跳
2026_07_29-12:16:03 [W] [manage-listenClient] 发送心跳
2026_07_29-12:16:08 [W] [manage-listenClient] 发送心跳
2026_07_29-12:16:13 [W] [manage-listenClient] 发送心跳
2026_07_29-12:16:18 [W] [manage-listenClient] 发送心跳
2026_07_29-12:16:23 [W] [manage-listenClient] 发送心跳
2026_07_29-12:16:28 [W] [manage-listenClient] 发送心跳
2026_07_29-12:16:33 [W] [manage-listenClient] 发送心跳
2026_07_29-12:16:38 [W] [manage-listenClient] 发送心跳
2026_07_29-12:16:43 [W] [manage-listenClient] 发送心跳
2026_07_29-12:16:48 [W] [manage-listenClient] 发送心跳
2026_07_29-12:16:53 [W] [manage-listenClient] 发送心跳
2026_07_29-12:16:58 [W] [manage-listenClient] 发送心跳
2026_07_29-12:17:03 [W] [manage-listenClient] 发送心跳
2026_07_29-12:17:08 [W] [manage-listenClient] 发送心跳
2026_07_29-12:17:13 [W] [manage-listenClient] 发送心跳
2026_07_29-12:17:18 [W] [manage-listenClient] 发送心跳
2026_07_29-12:17:23 [W] [manage-listenClient] 发送心跳
2026_07_29-12:17:28 [W] [manage-listenClient] 发送心跳
2026_07_29-12:17:33 [W] [manage-listenClient] 发送心跳
2026_07_29-12:17:38 [W] [manage-listenClient] 发送心跳
2026_07_29-12:17:43 [W] [manage-listenClient] 发送心跳
2026_07_29-12:17:48 [W] [manage-listenClient] 发送心跳
2026_07_29-12:17:53 [W] [manage-listenClient] 发送心跳
2026_07_29-12:17:58 [W] [manage-listenClient] 发送心跳
2026_07_29-12:18:03 [W] [manage-listenClient] 发送心跳
2026_07_29-12:18:08 [W] [manage-listenClient] 发送心跳
2026_07_29-12:18:13 [W] [manage-listenClient] 发送心跳
2026_07_29-12:18:18 [W] [manage-listenClient] 发送心跳
2026_07_29-12:18:23 [W] [manage-listenClient] 发送心跳
2026_07_29-12:18:28 [W] [manage-listenClient] 发送心跳
2026_07_29-12:18:33 [W] [manage-listenClient] 发送心跳
2026_07_29-12:18:38 [W] [manage-listenClient] 发送心跳
2026_07_29-12:18:43 [W] [manage-listenClient] 发送心跳
2026_07_29-12:18:48 [W] [manage-listenClient] 发送心跳
2026_07_29-12:18:53 [W] [manage-listenClient] 发送心跳
2026_07_29-12:18:58 [W] [manage-listenClient] 发送心跳
2026_07_29-12:19:03 [W] [manage-listenClient] 发送心跳
2026_07_29-12:19:08 [W] [manage-listenClient] 发送心跳
2026_07_29-12:19:13 [W] [manage-listenClient] 发送心跳
2026_07_29-12:19:18 [W] [manage-listenClient] 发送心跳
2026_07_29-12:19:23 [W] [manage-listenClient] 发送心跳
2026_07_29-12:19:28 [W] [manage-listenClient] 发送心跳
2026_07_29-12:19:33 [W] [manage-listenClient] 发送心跳
2026_07_29-12:19:38 [W] [manage-listenClient] 发送心跳
2026_07_29-12:19:43 [W] [manage-listenClient] 发送心跳
2026_07_29-12:19:48 [W] [manage-listenClient] 发送心跳
2026_07_29-12:19:53 [W] [manage-listenClient] 发送心跳
2026_07_29-12:19:58 [W] [manage-listenClient] 发送心跳
2026_07_29-12:20:03 [W] [manage-listenClient] 发送心跳
2026_07_29-12:20:08 [W] [manage-listenClient] 发送心跳
2026_07_29-12:20:13 [W] [manage-listenClient] 发送心跳
2026_07_29-12:20:18 [W] [manage-listenClient] 发送心跳
2026_07_29-12:20:23 [W] [manage-listenClient] 发送心跳
2026_07_29-12:20:28 [W] [manage-listenClient] 发送心跳
2026_07_29-12:20:33 [W] [manage-listenClient] 发送心跳
2026_07_29-12:20:38 [W] [manage-listenClient] 发送心跳
2026_07_29-12:20:43 [W] [manage-listenClient] 发送心跳
2026_07_29-12:20:48 [W] [manage-listenClient] 发送心跳
2026_07_29-12:20:53 [W] [manage-listenClient] 发送心跳
2026_07_29-12:20:58 [W] [manage-listenClient] 发送心跳
2026_07_29-12:21:03 [W] [manage-listenClient] 发送心跳
2026_07_29-12:21:08 [W] [manage-listenClient] 发送心跳
2026_07_29-12:21:13 [W] [manage-listenClient] 发送心跳
2026_07_29-12:21:18 [W] [manage-listenClient] 发送心跳
2026_07_29-12:21:23 [W] [manage-listenClient] 发送心跳
2026_07_29-12:21:28 [W] [manage-listenClient] 发送心跳
2026_07_29-12:21:33 [W] [manage-listenClient] 发送心跳
2026_07_29-12:21:38 [W] [manage-listenClient] 发送心跳
2026_07_29-12:21:43 [W] [manage-listenClient] 发送心跳
2026_07_29-12:21:48 [W] [manage-listenClient] 发送心跳
2026_07_29-12:21:53 [W] [manage-listenClient] 发送心跳
2026_07_29-12:21:58 [W] [manage-listenClient] 发送心跳
2026_07_29-12:22:03 [W] [manage-listenClient] 发送心跳
2026_07_29-12:22:08 [W] [manage-listenClient] 发送心跳
2026_07_29-12:22:13 [W] [manage-listenClient] 发送心跳
2026_07_29-12:22:18 [W] [manage-listenClient] 发送心跳
2026_07_29-12:22:23 [W] [manage-listenClient] 发送心跳
2026_07_29-12:22:28 [W] [manage-listenClient] 发送心跳
2026_07_29-12:22:33 [W] [manage-listenClient] 发送心跳
2026_07_29-12:22:38 [W] [manage-listenClient] 发送心跳
2026_07_29-12:22:43 [W] [manage-listenClient] 发送心跳
2026_07_29-12:22:48 [W] [manage-listenClient] 发送心跳
2026_07_29-12:22:53 [W] [manage-listenClient] 发送心跳
2026_07_29-12:22:58 [W] [manage-listenClient] 发送心跳
2026_07_29-12:23:03 [W] [manage-listenClient] 发送心跳
2026_07_29-12:23:08 [W] [manage-listenClient] 发送心跳
2026_07_29-12:23:13 [W] [manage-listenClient] 发送心跳
2026_07_29-12:23:18 [W] [manage-listenClient] 发送心跳
2026_07_29-12:23:23 [W] [manage-listenClient] 发送心跳
2026_07_29-12:23:28 [W] [manage-listenClient] 发送心跳
2026_07_29-12:23:33 [W] [manage-listenClient] 发送心跳
2026_07_29-12:23:38 [W] [manage-listenClient] 发送心跳
2026_07_29-12:23:43 [W] [manage-listenClient] 发送心跳
2026_07_29-12:23:48 [W] [manage-listenClient] 发送心跳
2026_07_29-12:23:53 [W] [manage-listenClient] 发送心跳
2026_07_29-12:23:58 [W] [manage-listenClient] 发送心跳
2026_07_29-12:24:03 [W] [manage-listenClient] 发送心跳
2026_07_29-12:24:08 [W] [manage-listenClient] 发送心跳
2026_07_29-12:24:13 [W] [manage-listenClient] 发送心跳
2026_07_29-12:24:18 [W] [manage-listenClient] 发送心跳
2026_07_29-12:24:23 [W] [manage-listenClient] 发送心跳
2026_07_29-12:24:28 [W] [manage-listenClient] 发送心跳
2026_07_29-12:24:33 [W] [manage-listenClient] 发送心跳
2026_07_29-12:24:38 [W] [manage-listenClient] 发送心跳
2026_07_29-12:24:43 [W] [manage-listenClient] 发送心跳
2026_07_29-12:24:48 [W] [manage-listenClient] 发送心跳
2026_07_29-12:24:53 [W] [manage-listenClient] 发送心跳
2026_07_29-12:24:58 [W] [manage-listenClient] 发送心跳
2026_07_29-12:25:03 [W] [manage-listenClient] 发送心跳
2026_07_29-12:25:08 [W] [manage-listenClient] 发送心跳
2026_07_29-12:25:13 [W] [manage-listenClient] 发送心跳
2026_07_29-12:25:18 [W] [manage-listenClient] 发送心跳
2026_07_29-12:25:23 [W] [manage-listenClient] 发送心跳
2026_07_29-12:25:28 [W] [manage-listenClient] 发送心跳
2026_07_29-12:25:33 [W] [manage-listenClient] 发送心跳
2026_07_29-12:25:38 [W] [manage-listenClient] 发送心跳
2026_07_29-12:25:43 [W] [manage-listenClient] 发送心跳
2026_07_29-12:25:43 [D] [client] disconnect from 192.168.10.1:8090
2026_07_29-12:25:43 [I] [client] socket close = 3
2026_07_29-12:25:43 [W] [manage-listenClient] 断联：开始释放资源
2026_07_29-12:25:43 [W] [manage-listenClient] ClientQue.front()->getClientID() = 5,CurClientID.load() = 4
2026_07_29-12:25:43 [I] [client] socket connect = 1 kConnecting = 0 kConnected = 1 kDisconnecting = 2 kDisconnected = 3
2026_07_29-12:25:43 [W] [manage-CreateClient] 需要创建client Index = 7
2026_07_29-12:25:43 [D] [<UNNAME>] Connection::kConnected
2026_07_29-12:25:44 [W] [analysis] RxFlg.store(1)---serial_number = 607 check_sn = 607
2026_07_29-12:25:44 [W] [analysis] cv通知下发---serial_number = 607 check_sn = 607
2026_07_29-12:25:44 [D] [manage-listenClient] 已经授权成功，重复验证授权码
2026_07_29-12:25:44 [D] [manage-listenClient] Random: bxMjTE..., VIN: HTWW312510A000123
2026_07_29-12:25:44 [I] [manage-listenClient] License verified successfully for VIN: HTWW312510A000123
2026_07_29-12:25:44 [D] [manage-listenClient] License valid until: 2026-10-15 10:12:20
2026_07_29-12:25:44 [I] [manage-listenClient] License verified successfully for expiry: 1A0A0F0A0C14
2026_07_29-12:25:48 [W] [manage-listenClient] 发送心跳
2026_07_29-12:25:53 [W] [manage-listenClient] 发送心跳
2026_07_29-12:25:58 [W] [manage-listenClient] 发送心跳
2026_07_29-12:26:03 [W] [manage-listenClient] 发送心跳
2026_07_29-12:26:08 [W] [manage-listenClient] 发送心跳
2026_07_29-12:26:13 [W] [manage-listenClient] 发送心跳
2026_07_29-12:26:18 [W] [manage-listenClient] 发送心跳
2026_07_29-12:26:23 [W] [manage-listenClient] 发送心跳
2026_07_29-12:26:28 [W] [manage-listenClient] 发送心跳
2026_07_29-12:26:33 [W] [manage-listenClient] 发送心跳
2026_07_29-12:26:38 [W] [manage-listenClient] 发送心跳
2026_07_29-12:26:43 [W] [manage-listenClient] 发送心跳
2026_07_29-12:26:48 [W] [manage-listenClient] 发送心跳
2026_07_29-12:26:53 [W] [manage-listenClient] 发送心跳
2026_07_29-12:26:58 [W] [manage-listenClient] 发送心跳
2026_07_29-12:27:03 [W] [manage-listenClient] 发送心跳
2026_07_29-12:27:08 [W] [manage-listenClient] 发送心跳
2026_07_29-12:27:13 [W] [manage-listenClient] 发送心跳
2026_07_29-12:27:18 [W] [manage-listenClient] 发送心跳
2026_07_29-12:27:23 [W] [manage-listenClient] 发送心跳
2026_07_29-12:27:28 [W] [manage-listenClient] 发送心跳
2026_07_29-12:27:33 [W] [manage-listenClient] 发送心跳
2026_07_29-12:27:38 [W] [manage-listenClient] 发送心跳
2026_07_29-12:27:43 [W] [manage-listenClient] 发送心跳
2026_07_29-12:27:48 [W] [manage-listenClient] 发送心跳
2026_07_29-12:27:53 [W] [manage-listenClient] 发送心跳
2026_07_29-12:27:58 [W] [manage-listenClient] 发送心跳
2026_07_29-12:28:03 [W] [manage-listenClient] 发送心跳
2026_07_29-12:28:08 [W] [manage-listenClient] 发送心跳
2026_07_29-12:28:13 [W] [manage-listenClient] 发送心跳
2026_07_29-12:28:18 [W] [manage-listenClient] 发送心跳
2026_07_29-12:28:23 [W] [manage-listenClient] 发送心跳
2026_07_29-12:28:28 [W] [manage-listenClient] 发送心跳
2026_07_29-12:28:33 [W] [manage-listenClient] 发送心跳
2026_07_29-12:28:38 [W] [manage-listenClient] 发送心跳
2026_07_29-12:28:43 [W] [manage-listenClient] 发送心跳
2026_07_29-12:28:48 [W] [manage-listenClient] 发送心跳
2026_07_29-12:28:53 [W] [manage-listenClient] 发送心跳
2026_07_29-12:28:58 [W] [manage-listenClient] 发送心跳
2026_07_29-12:29:03 [W] [manage-listenClient] 发送心跳
2026_07_29-12:29:08 [W] [manage-listenClient] 发送心跳
2026_07_29-12:29:13 [W] [manage-listenClient] 发送心跳
2026_07_29-12:29:18 [W] [manage-listenClient] 发送心跳
2026_07_29-12:29:23 [W] [manage-listenClient] 发送心跳
2026_07_29-12:29:28 [W] [manage-listenClient] 发送心跳
2026_07_29-12:29:33 [W] [manage-listenClient] 发送心跳
2026_07_29-12:29:38 [W] [manage-listenClient] 发送心跳
2026_07_29-12:29:43 [W] [manage-listenClient] 发送心跳
2026_07_29-12:29:48 [W] [manage-listenClient] 发送心跳
2026_07_29-12:29:53 [W] [manage-listenClient] 发送心跳
2026_07_29-12:29:58 [W] [manage-listenClient] 发送心跳
2026_07_29-12:30:03 [W] [manage-listenClient] 发送心跳
2026_07_29-12:30:08 [W] [manage-listenClient] 发送心跳
2026_07_29-12:30:13 [W] [manage-listenClient] 发送心跳
2026_07_29-12:30:18 [W] [manage-listenClient] 发送心跳
2026_07_29-12:30:23 [W] [manage-listenClient] 发送心跳
2026_07_29-12:30:28 [W] [manage-listenClient] 发送心跳
2026_07_29-12:30:33 [W] [manage-listenClient] 发送心跳
2026_07_29-12:30:38 [W] [manage-listenClient] 发送心跳
2026_07_29-12:30:43 [W] [manage-listenClient] 发送心跳
2026_07_29-12:30:48 [W] [manage-listenClient] 发送心跳
2026_07_29-12:30:53 [W] [manage-listenClient] 发送心跳
2026_07_29-12:30:58 [W] [manage-listenClient] 发送心跳
2026_07_29-12:31:03 [W] [manage-listenClient] 发送心跳
2026_07_29-12:31:08 [W] [manage-listenClient] 发送心跳
2026_07_29-12:31:13 [W] [manage-listenClient] 发送心跳
2026_07_29-12:31:18 [W] [manage-listenClient] 发送心跳
2026_07_29-12:31:23 [W] [manage-listenClient] 发送心跳
2026_07_29-12:31:28 [W] [manage-listenClient] 发送心跳
2026_07_29-12:31:33 [W] [manage-listenClient] 发送心跳
2026_07_29-12:31:38 [W] [manage-listenClient] 发送心跳
2026_07_29-12:31:43 [W] [manage-listenClient] 发送心跳
2026_07_29-12:31:48 [W] [manage-listenClient] 发送心跳
2026_07_29-12:31:53 [W] [manage-listenClient] 发送心跳
2026_07_29-12:31:58 [W] [manage-listenClient] 发送心跳
2026_07_29-12:32:03 [W] [manage-listenClient] 发送心跳
2026_07_29-12:32:08 [W] [manage-listenClient] 发送心跳
2026_07_29-12:32:13 [W] [manage-listenClient] 发送心跳
2026_07_29-12:32:18 [W] [manage-listenClient] 发送心跳
2026_07_29-12:32:23 [W] [manage-listenClient] 发送心跳
2026_07_29-12:32:28 [W] [manage-listenClient] 发送心跳
2026_07_29-12:32:33 [W] [manage-listenClient] 发送心跳
2026_07_29-12:32:38 [W] [manage-listenClient] 发送心跳
2026_07_29-12:32:43 [W] [manage-listenClient] 发送心跳
2026_07_29-12:32:48 [W] [manage-listenClient] 发送心跳
2026_07_29-12:32:53 [W] [manage-listenClient] 发送心跳
2026_07_29-12:32:58 [W] [manage-listenClient] 发送心跳
2026_07_29-12:33:03 [W] [manage-listenClient] 发送心跳
2026_07_29-12:33:08 [W] [manage-listenClient] 发送心跳
2026_07_29-12:33:13 [W] [manage-listenClient] 发送心跳
2026_07_29-12:33:18 [W] [manage-listenClient] 发送心跳
2026_07_29-12:33:23 [W] [manage-listenClient] 发送心跳
2026_07_29-12:33:28 [W] [manage-listenClient] 发送心跳
2026_07_29-12:33:33 [W] [manage-listenClient] 发送心跳
2026_07_29-12:33:38 [W] [manage-listenClient] 发送心跳
2026_07_29-12:33:43 [W] [manage-listenClient] 发送心跳
2026_07_29-12:33:48 [W] [manage-listenClient] 发送心跳
2026_07_29-12:33:53 [W] [manage-listenClient] 发送心跳
2026_07_29-12:33:58 [W] [manage-listenClient] 发送心跳
2026_07_29-12:34:03 [W] [manage-listenClient] 发送心跳
2026_07_29-12:34:08 [W] [manage-listenClient] 发送心跳
2026_07_29-12:34:13 [W] [manage-listenClient] 发送心跳
2026_07_29-12:34:18 [W] [manage-listenClient] 发送心跳
2026_07_29-12:34:23 [W] [manage-listenClient] 发送心跳
2026_07_29-12:34:28 [W] [manage-listenClient] 发送心跳
2026_07_29-12:34:33 [W] [manage-listenClient] 发送心跳
2026_07_29-12:34:38 [W] [manage-listenClient] 发送心跳
2026_07_29-12:34:43 [W] [manage-listenClient] 发送心跳
2026_07_29-12:34:48 [W] [manage-listenClient] 发送心跳
2026_07_29-12:34:53 [W] [manage-listenClient] 发送心跳
2026_07_29-12:34:58 [W] [manage-listenClient] 发送心跳
2026_07_29-12:35:03 [W] [manage-listenClient] 发送心跳
2026_07_29-12:35:08 [W] [manage-listenClient] 发送心跳
2026_07_29-12:35:13 [W] [manage-listenClient] 发送心跳
2026_07_29-12:35:18 [W] [manage-listenClient] 发送心跳
2026_07_29-12:35:23 [W] [manage-listenClient] 发送心跳
2026_07_29-12:35:28 [W] [manage-listenClient] 发送心跳
2026_07_29-12:35:33 [W] [manage-listenClient] 发送心跳
2026_07_29-12:35:38 [W] [manage-listenClient] 发送心跳
2026_07_29-12:35:43 [W] [manage-listenClient] 发送心跳
2026_07_29-12:35:44 [D] [client] disconnect from 192.168.10.1:8090
2026_07_29-12:35:44 [I] [client] socket close = 3
2026_07_29-12:35:44 [W] [manage-listenClient] 断联：开始释放资源
2026_07_29-12:35:44 [W] [manage-listenClient] ClientQue.front()->getClientID() = 6,CurClientID.load() = 5
2026_07_29-12:35:44 [I] [client] socket connect = 1 kConnecting = 0 kConnected = 1 kDisconnecting = 2 kDisconnected = 3
2026_07_29-12:35:44 [W] [manage-CreateClient] 需要创建client Index = 8
2026_07_29-12:35:44 [D] [<UNNAME>] Connection::kConnected
2026_07_29-12:35:44 [W] [analysis] RxFlg.store(1)---serial_number = 728 check_sn = 728
2026_07_29-12:35:44 [W] [analysis] cv通知下发---serial_number = 728 check_sn = 728
2026_07_29-12:35:44 [D] [manage-listenClient] 已经授权成功，重复验证授权码
2026_07_29-12:35:44 [D] [manage-listenClient] Random: bxMjTE..., VIN: HTWW312510A000123
2026_07_29-12:35:44 [I] [manage-listenClient] License verified successfully for VIN: HTWW312510A000123
2026_07_29-12:35:44 [D] [manage-listenClient] License valid until: 2026-10-15 10:12:20
2026_07_29-12:35:44 [I] [manage-listenClient] License verified successfully for expiry: 1A0A0F0A0C14
2026_07_29-12:35:48 [W] [manage-listenClient] 发送心跳
2026_07_29-12:35:54 [W] [manage-listenClient] 发送心跳
2026_07_29-12:35:59 [W] [manage-listenClient] 发送心跳
2026_07_29-12:36:04 [W] [manage-listenClient] 发送心跳
2026_07_29-12:36:09 [W] [manage-listenClient] 发送心跳
2026_07_29-12:36:14 [W] [manage-listenClient] 发送心跳
2026_07_29-12:36:19 [W] [manage-listenClient] 发送心跳
2026_07_29-12:36:24 [W] [manage-listenClient] 发送心跳
2026_07_29-12:36:29 [W] [manage-listenClient] 发送心跳
2026_07_29-12:36:34 [W] [manage-listenClient] 发送心跳
2026_07_29-12:36:39 [W] [manage-listenClient] 发送心跳
2026_07_29-12:36:44 [W] [manage-listenClient] 发送心跳
2026_07_29-12:36:49 [W] [manage-listenClient] 发送心跳
2026_07_29-12:36:54 [W] [manage-listenClient] 发送心跳
2026_07_29-12:36:59 [W] [manage-listenClient] 发送心跳
2026_07_29-12:37:04 [W] [manage-listenClient] 发送心跳
2026_07_29-12:37:09 [W] [manage-listenClient] 发送心跳
2026_07_29-12:37:14 [W] [manage-listenClient] 发送心跳
2026_07_29-12:37:19 [W] [manage-listenClient] 发送心跳
2026_07_29-12:37:24 [W] [manage-listenClient] 发送心跳
2026_07_29-12:37:29 [W] [manage-listenClient] 发送心跳
2026_07_29-12:37:34 [W] [manage-listenClient] 发送心跳
2026_07_29-12:37:39 [W] [manage-listenClient] 发送心跳
2026_07_29-12:37:44 [W] [manage-listenClient] 发送心跳
2026_07_29-12:37:49 [W] [manage-listenClient] 发送心跳
2026_07_29-12:37:54 [W] [manage-listenClient] 发送心跳
2026_07_29-12:37:59 [W] [manage-listenClient] 发送心跳
2026_07_29-12:38:04 [W] [manage-listenClient] 发送心跳
2026_07_29-12:38:09 [W] [manage-listenClient] 发送心跳
2026_07_29-12:38:14 [W] [manage-listenClient] 发送心跳
2026_07_29-12:38:19 [W] [manage-listenClient] 发送心跳
2026_07_29-12:38:24 [W] [manage-listenClient] 发送心跳
2026_07_29-12:38:29 [W] [manage-listenClient] 发送心跳
2026_07_29-12:38:34 [W] [manage-listenClient] 发送心跳
2026_07_29-12:38:39 [W] [manage-listenClient] 发送心跳
2026_07_29-12:38:44 [W] [manage-listenClient] 发送心跳
2026_07_29-12:38:49 [W] [manage-listenClient] 发送心跳
2026_07_29-12:38:54 [W] [manage-listenClient] 发送心跳
2026_07_29-12:38:59 [W] [manage-listenClient] 发送心跳
2026_07_29-12:39:04 [W] [manage-listenClient] 发送心跳
2026_07_29-12:39:09 [W] [manage-listenClient] 发送心跳
2026_07_29-12:39:14 [W] [manage-listenClient] 发送心跳
2026_07_29-12:39:19 [W] [manage-listenClient] 发送心跳
2026_07_29-12:39:24 [W] [manage-listenClient] 发送心跳
2026_07_29-12:39:29 [W] [manage-listenClient] 发送心跳
2026_07_29-12:39:34 [W] [manage-listenClient] 发送心跳
2026_07_29-12:39:39 [W] [manage-listenClient] 发送心跳
2026_07_29-12:39:44 [W] [manage-listenClient] 发送心跳
2026_07_29-12:39:49 [W] [manage-listenClient] 发送心跳
2026_07_29-12:39:54 [W] [manage-listenClient] 发送心跳
2026_07_29-12:39:59 [W] [manage-listenClient] 发送心跳
2026_07_29-12:40:04 [W] [manage-listenClient] 发送心跳
2026_07_29-12:40:09 [W] [manage-listenClient] 发送心跳
2026_07_29-12:40:14 [W] [manage-listenClient] 发送心跳
2026_07_29-12:40:19 [W] [manage-listenClient] 发送心跳
2026_07_29-12:40:24 [W] [manage-listenClient] 发送心跳
2026_07_29-12:40:29 [W] [manage-listenClient] 发送心跳
2026_07_29-12:40:34 [W] [manage-listenClient] 发送心跳
2026_07_29-12:40:39 [W] [manage-listenClient] 发送心跳
2026_07_29-12:40:44 [W] [manage-listenClient] 发送心跳
2026_07_29-12:40:49 [W] [manage-listenClient] 发送心跳
2026_07_29-12:40:54 [W] [manage-listenClient] 发送心跳
2026_07_29-12:40:59 [W] [manage-listenClient] 发送心跳
2026_07_29-12:41:04 [W] [manage-listenClient] 发送心跳
2026_07_29-12:41:09 [W] [manage-listenClient] 发送心跳
2026_07_29-12:41:14 [W] [manage-listenClient] 发送心跳
2026_07_29-12:41:19 [W] [manage-listenClient] 发送心跳
2026_07_29-12:41:24 [W] [manage-listenClient] 发送心跳
2026_07_29-12:41:29 [W] [manage-listenClient] 发送心跳
2026_07_29-12:41:34 [W] [manage-listenClient] 发送心跳
2026_07_29-12:41:39 [W] [manage-listenClient] 发送心跳
2026_07_29-12:41:44 [W] [manage-listenClient] 发送心跳
2026_07_29-12:41:49 [W] [manage-listenClient] 发送心跳
2026_07_29-12:41:54 [W] [manage-listenClient] 发送心跳
2026_07_29-12:41:59 [W] [manage-listenClient] 发送心跳
2026_07_29-12:42:04 [W] [manage-listenClient] 发送心跳
2026_07_29-12:42:09 [W] [manage-listenClient] 发送心跳
2026_07_29-12:42:14 [W] [manage-listenClient] 发送心跳
2026_07_29-12:42:19 [W] [manage-listenClient] 发送心跳
2026_07_29-12:42:24 [W] [manage-listenClient] 发送心跳
2026_07_29-12:42:29 [W] [manage-listenClient] 发送心跳
2026_07_29-12:42:34 [W] [manage-listenClient] 发送心跳
2026_07_29-12:42:39 [W] [manage-listenClient] 发送心跳
2026_07_29-12:42:44 [W] [manage-listenClient] 发送心跳
2026_07_29-12:42:49 [W] [manage-listenClient] 发送心跳
2026_07_29-12:42:54 [W] [manage-listenClient] 发送心跳
2026_07_29-12:42:59 [W] [manage-listenClient] 发送心跳
2026_07_29-12:43:04 [W] [manage-listenClient] 发送心跳
2026_07_29-12:43:09 [W] [manage-listenClient] 发送心跳
2026_07_29-12:43:14 [W] [manage-listenClient] 发送心跳
2026_07_29-12:43:19 [W] [manage-listenClient] 发送心跳
2026_07_29-12:43:24 [W] [manage-listenClient] 发送心跳
2026_07_29-12:43:29 [W] [manage-listenClient] 发送心跳
2026_07_29-12:43:34 [W] [manage-listenClient] 发送心跳
2026_07_29-12:43:39 [W] [manage-listenClient] 发送心跳
2026_07_29-12:43:44 [W] [manage-listenClient] 发送心跳
2026_07_29-12:43:49 [W] [manage-listenClient] 发送心跳
2026_07_29-12:43:54 [W] [manage-listenClient] 发送心跳
2026_07_29-12:43:59 [W] [manage-listenClient] 发送心跳
2026_07_29-12:44:04 [W] [manage-listenClient] 发送心跳
2026_07_29-12:44:09 [W] [manage-listenClient] 发送心跳
2026_07_29-12:44:14 [W] [manage-listenClient] 发送心跳
2026_07_29-12:44:19 [W] [manage-listenClient] 发送心跳
2026_07_29-12:44:24 [W] [manage-listenClient] 发送心跳
2026_07_29-12:44:29 [W] [manage-listenClient] 发送心跳
2026_07_29-12:44:34 [W] [manage-listenClient] 发送心跳
2026_07_29-12:44:39 [W] [manage-listenClient] 发送心跳
2026_07_29-12:44:44 [W] [manage-listenClient] 发送心跳
2026_07_29-12:44:49 [W] [manage-listenClient] 发送心跳
2026_07_29-12:44:54 [W] [manage-listenClient] 发送心跳
2026_07_29-12:44:59 [W] [manage-listenClient] 发送心跳
2026_07_29-12:45:04 [W] [manage-listenClient] 发送心跳
2026_07_29-12:45:09 [W] [manage-listenClient] 发送心跳
2026_07_29-12:45:14 [W] [manage-listenClient] 发送心跳
2026_07_29-12:45:19 [W] [manage-listenClient] 发送心跳
2026_07_29-12:45:24 [W] [manage-listenClient] 发送心跳
2026_07_29-12:45:29 [W] [manage-listenClient] 发送心跳
2026_07_29-12:45:34 [W] [manage-listenClient] 发送心跳
2026_07_29-12:45:39 [W] [manage-listenClient] 发送心跳
2026_07_29-12:45:44 [W] [manage-listenClient] 发送心跳
2026_07_29-12:45:44 [D] [client] disconnect from 192.168.10.1:8090
2026_07_29-12:45:44 [I] [client] socket close = 3
2026_07_29-12:45:44 [W] [manage-listenClient] 断联：开始释放资源
2026_07_29-12:45:44 [W] [manage-listenClient] ClientQue.front()->getClientID() = 7,CurClientID.load() = 6
2026_07_29-12:45:44 [I] [client] socket connect = 1 kConnecting = 0 kConnected = 1 kDisconnecting = 2 kDisconnected = 3
2026_07_29-12:45:44 [W] [manage-CreateClient] 需要创建client Index = 9
2026_07_29-12:45:44 [D] [<UNNAME>] Connection::kConnected
2026_07_29-12:45:45 [W] [analysis] RxFlg.store(1)---serial_number = 849 check_sn = 849
2026_07_29-12:45:45 [W] [analysis] cv通知下发---serial_number = 849 check_sn = 849
2026_07_29-12:45:45 [D] [manage-listenClient] 已经授权成功，重复验证授权码
2026_07_29-12:45:45 [D] [manage-listenClient] Random: bxMjTE..., VIN: HTWW312510A000123
2026_07_29-12:45:45 [I] [manage-listenClient] License verified successfully for VIN: HTWW312510A000123
2026_07_29-12:45:45 [D] [manage-listenClient] License valid until: 2026-10-15 10:12:20
2026_07_29-12:45:45 [I] [manage-listenClient] License verified successfully for expiry: 1A0A0F0A0C14
2026_07_29-12:45:49 [W] [manage-listenClient] 发送心跳
2026_07_29-12:45:54 [W] [manage-listenClient] 发送心跳
2026_07_29-12:45:59 [W] [manage-listenClient] 发送心跳
2026_07_29-12:46:04 [W] [manage-listenClient] 发送心跳
2026_07_29-12:46:09 [W] [manage-listenClient] 发送心跳
2026_07_29-12:46:14 [W] [manage-listenClient] 发送心跳
2026_07_29-12:46:19 [W] [manage-listenClient] 发送心跳
2026_07_29-12:46:24 [W] [manage-listenClient] 发送心跳
2026_07_29-12:46:29 [W] [manage-listenClient] 发送心跳
2026_07_29-12:46:34 [W] [manage-listenClient] 发送心跳
2026_07_29-12:46:40 [W] [manage-listenClient] 发送心跳
2026_07_29-12:46:44 [W] [manage-listenClient] 发送心跳
2026_07_29-12:46:50 [W] [manage-listenClient] 发送心跳
2026_07_29-12:46:55 [W] [manage-listenClient] 发送心跳
2026_07_29-12:47:00 [W] [manage-listenClient] 发送心跳
2026_07_29-12:47:05 [W] [manage-listenClient] 发送心跳
2026_07_29-12:47:10 [W] [manage-listenClient] 发送心跳
2026_07_29-12:47:15 [W] [manage-listenClient] 发送心跳
2026_07_29-12:47:20 [W] [manage-listenClient] 发送心跳
2026_07_29-12:47:25 [W] [manage-listenClient] 发送心跳
2026_07_29-12:47:30 [W] [manage-listenClient] 发送心跳
2026_07_29-12:47:35 [W] [manage-listenClient] 发送心跳
2026_07_29-12:47:40 [W] [manage-listenClient] 发送心跳
2026_07_29-12:47:45 [W] [manage-listenClient] 发送心跳
2026_07_29-12:47:50 [W] [manage-listenClient] 发送心跳
2026_07_29-12:47:55 [W] [manage-listenClient] 发送心跳
2026_07_29-12:48:00 [W] [manage-listenClient] 发送心跳
2026_07_29-12:48:05 [W] [manage-listenClient] 发送心跳
2026_07_29-12:48:10 [W] [manage-listenClient] 发送心跳
2026_07_29-12:48:15 [W] [manage-listenClient] 发送心跳
2026_07_29-12:48:20 [W] [manage-listenClient] 发送心跳
2026_07_29-12:48:25 [W] [manage-listenClient] 发送心跳
2026_07_29-12:48:30 [W] [manage-listenClient] 发送心跳
2026_07_29-12:48:35 [W] [manage-listenClient] 发送心跳
2026_07_29-12:48:40 [W] [manage-listenClient] 发送心跳
2026_07_29-12:48:45 [W] [manage-listenClient] 发送心跳
2026_07_29-12:48:50 [W] [manage-listenClient] 发送心跳
2026_07_29-12:48:55 [W] [manage-listenClient] 发送心跳
2026_07_29-12:49:00 [W] [manage-listenClient] 发送心跳
2026_07_29-12:49:05 [W] [manage-listenClient] 发送心跳
2026_07_29-12:49:10 [W] [manage-listenClient] 发送心跳
2026_07_29-12:49:15 [W] [manage-listenClient] 发送心跳
2026_07_29-12:49:20 [W] [manage-listenClient] 发送心跳
2026_07_29-12:49:25 [W] [manage-listenClient] 发送心跳
2026_07_29-12:49:30 [W] [manage-listenClient] 发送心跳
2026_07_29-12:49:35 [W] [manage-listenClient] 发送心跳
2026_07_29-12:49:40 [W] [manage-listenClient] 发送心跳
2026_07_29-12:49:45 [W] [manage-listenClient] 发送心跳
2026_07_29-12:49:50 [W] [manage-listenClient] 发送心跳
2026_07_29-12:49:55 [W] [manage-listenClient] 发送心跳
2026_07_29-12:50:00 [W] [manage-listenClient] 发送心跳
2026_07_29-12:50:05 [W] [manage-listenClient] 发送心跳
2026_07_29-12:50:10 [W] [manage-listenClient] 发送心跳
2026_07_29-12:50:15 [W] [manage-listenClient] 发送心跳
2026_07_29-12:50:20 [W] [manage-listenClient] 发送心跳
2026_07_29-12:50:25 [W] [manage-listenClient] 发送心跳
2026_07_29-12:50:30 [W] [manage-listenClient] 发送心跳
2026_07_29-12:50:35 [W] [manage-listenClient] 发送心跳
2026_07_29-12:50:40 [W] [manage-listenClient] 发送心跳
2026_07_29-12:50:45 [W] [manage-listenClient] 发送心跳
2026_07_29-12:50:50 [W] [manage-listenClient] 发送心跳
2026_07_29-12:50:55 [W] [manage-listenClient] 发送心跳
2026_07_29-12:51:00 [W] [manage-listenClient] 发送心跳
2026_07_29-12:51:05 [W] [manage-listenClient] 发送心跳
2026_07_29-12:51:10 [W] [manage-listenClient] 发送心跳
2026_07_29-12:51:15 [W] [manage-listenClient] 发送心跳
2026_07_29-12:51:20 [W] [manage-listenClient] 发送心跳
2026_07_29-12:51:25 [W] [manage-listenClient] 发送心跳
2026_07_29-12:51:30 [W] [manage-listenClient] 发送心跳
2026_07_29-12:51:35 [W] [manage-listenClient] 发送心跳
2026_07_29-12:51:40 [W] [manage-listenClient] 发送心跳
2026_07_29-12:51:45 [W] [manage-listenClient] 发送心跳
2026_07_29-12:51:50 [W] [manage-listenClient] 发送心跳
2026_07_29-12:51:55 [W] [manage-listenClient] 发送心跳
2026_07_29-12:52:00 [W] [manage-listenClient] 发送心跳
2026_07_29-12:52:05 [W] [manage-listenClient] 发送心跳
2026_07_29-12:52:10 [W] [manage-listenClient] 发送心跳
2026_07_29-12:52:15 [W] [manage-listenClient] 发送心跳
2026_07_29-12:52:20 [W] [manage-listenClient] 发送心跳
2026_07_29-12:52:25 [W] [manage-listenClient] 发送心跳
2026_07_29-12:52:30 [W] [manage-listenClient] 发送心跳
2026_07_29-12:52:35 [W] [manage-listenClient] 发送心跳
2026_07_29-12:52:40 [W] [manage-listenClient] 发送心跳
2026_07_29-12:52:45 [W] [manage-listenClient] 发送心跳
2026_07_29-12:52:50 [W] [manage-listenClient] 发送心跳
2026_07_29-12:52:55 [W] [manage-listenClient] 发送心跳
2026_07_29-12:53:00 [W] [manage-listenClient] 发送心跳
2026_07_29-12:53:05 [W] [manage-listenClient] 发送心跳
2026_07_29-12:53:10 [W] [manage-listenClient] 发送心跳
2026_07_29-12:53:15 [W] [manage-listenClient] 发送心跳
2026_07_29-12:53:20 [W] [manage-listenClient] 发送心跳
2026_07_29-12:53:25 [W] [manage-listenClient] 发送心跳
2026_07_29-12:53:30 [W] [manage-listenClient] 发送心跳
2026_07_29-12:53:35 [W] [manage-listenClient] 发送心跳
2026_07_29-12:53:40 [W] [manage-listenClient] 发送心跳
2026_07_29-12:53:45 [W] [manage-listenClient] 发送心跳
2026_07_29-12:53:50 [W] [manage-listenClient] 发送心跳
2026_07_29-12:53:55 [W] [manage-listenClient] 发送心跳
2026_07_29-12:54:00 [W] [manage-listenClient] 发送心跳
2026_07_29-12:54:05 [W] [manage-listenClient] 发送心跳
2026_07_29-12:54:10 [W] [manage-listenClient] 发送心跳
2026_07_29-12:54:15 [W] [manage-listenClient] 发送心跳
2026_07_29-12:54:20 [W] [manage-listenClient] 发送心跳
2026_07_29-12:54:25 [W] [manage-listenClient] 发送心跳
2026_07_29-12:54:30 [W] [manage-listenClient] 发送心跳
2026_07_29-12:54:35 [W] [manage-listenClient] 发送心跳
2026_07_29-12:54:40 [W] [manage-listenClient] 发送心跳
2026_07_29-12:54:45 [W] [manage-listenClient] 发送心跳
2026_07_29-12:54:50 [W] [manage-listenClient] 发送心跳
2026_07_29-12:54:55 [W] [manage-listenClient] 发送心跳
2026_07_29-12:55:00 [W] [manage-listenClient] 发送心跳
2026_07_29-12:55:05 [W] [manage-listenClient] 发送心跳
2026_07_29-12:55:10 [W] [manage-listenClient] 发送心跳
2026_07_29-12:55:15 [W] [manage-listenClient] 发送心跳
2026_07_29-12:55:20 [W] [manage-listenClient] 发送心跳
2026_07_29-12:55:25 [W] [manage-listenClient] 发送心跳
2026_07_29-12:55:30 [W] [manage-listenClient] 发送心跳
2026_07_29-12:55:35 [W] [manage-listenClient] 发送心跳
2026_07_29-12:55:40 [W] [manage-listenClient] 发送心跳
2026_07_29-12:55:44 [D] [client] disconnect from 192.168.10.1:8090
2026_07_29-12:55:44 [I] [client] socket close = 3
2026_07_29-12:55:45 [W] [manage-listenClient] 断联：开始释放资源
2026_07_29-12:55:45 [W] [manage-listenClient] ClientQue.front()->getClientID() = 8,CurClientID.load() = 7
2026_07_29-12:55:45 [I] [client] socket connect = 1 kConnecting = 0 kConnected = 1 kDisconnecting = 2 kDisconnected = 3
2026_07_29-12:55:45 [W] [manage-CreateClient] 需要创建client Index = 10
2026_07_29-12:55:45 [D] [<UNNAME>] Connection::kConnected
2026_07_29-12:55:45 [W] [analysis] RxFlg.store(1)---serial_number = 969 check_sn = 969
2026_07_29-12:55:45 [W] [analysis] cv通知下发---serial_number = 969 check_sn = 969
2026_07_29-12:55:45 [W] [manage-listenClient] 发送心跳
2026_07_29-12:55:45 [D] [manage-listenClient] 已经授权成功，重复验证授权码
2026_07_29-12:55:45 [D] [manage-listenClient] Random: bxMjTE..., VIN: HTWW312510A000123
2026_07_29-12:55:45 [I] [manage-listenClient] License verified successfully for VIN: HTWW312510A000123
2026_07_29-12:55:45 [D] [manage-listenClient] License valid until: 2026-10-15 10:12:20
2026_07_29-12:55:45 [I] [manage-listenClient] License verified successfully for expiry: 1A0A0F0A0C14
2026_07_29-12:55:50 [W] [manage-listenClient] 发送心跳
2026_07_29-12:55:55 [W] [manage-listenClient] 发送心跳
2026_07_29-12:56:00 [W] [manage-listenClient] 发送心跳
2026_07_29-12:56:05 [W] [manage-listenClient] 发送心跳
2026_07_29-12:56:10 [W] [manage-listenClient] 发送心跳
2026_07_29-12:56:15 [W] [manage-listenClient] 发送心跳
2026_07_29-12:56:20 [W] [manage-listenClient] 发送心跳
2026_07_29-12:56:25 [W] [manage-listenClient] 发送心跳
2026_07_29-12:56:30 [W] [manage-listenClient] 发送心跳
2026_07_29-12:56:35 [W] [manage-listenClient] 发送心跳
2026_07_29-12:56:40 [W] [manage-listenClient] 发送心跳
2026_07_29-12:56:45 [W] [manage-listenClient] 发送心跳
2026_07_29-12:56:50 [W] [manage-listenClient] 发送心跳
2026_07_29-12:56:55 [W] [manage-listenClient] 发送心跳
2026_07_29-12:57:00 [W] [manage-listenClient] 发送心跳
2026_07_29-12:57:05 [W] [manage-listenClient] 发送心跳
2026_07_29-12:57:10 [W] [manage-listenClient] 发送心跳
2026_07_29-12:57:15 [W] [manage-listenClient] 发送心跳
2026_07_29-12:57:20 [W] [manage-listenClient] 发送心跳
2026_07_29-12:57:25 [W] [manage-listenClient] 发送心跳
2026_07_29-12:57:30 [W] [manage-listenClient] 发送心跳
2026_07_29-12:57:35 [W] [manage-listenClient] 发送心跳
2026_07_29-12:57:40 [W] [manage-listenClient] 发送心跳
2026_07_29-12:57:45 [W] [manage-listenClient] 发送心跳
2026_07_29-12:57:50 [W] [manage-listenClient] 发送心跳
2026_07_29-12:57:55 [W] [manage-listenClient] 发送心跳
2026_07_29-12:58:00 [W] [manage-listenClient] 发送心跳
2026_07_29-12:58:05 [W] [manage-listenClient] 发送心跳
2026_07_29-12:58:10 [W] [manage-listenClient] 发送心跳
2026_07_29-12:58:15 [W] [manage-listenClient] 发送心跳
2026_07_29-12:58:20 [W] [manage-listenClient] 发送心跳
2026_07_29-12:58:25 [W] [manage-listenClient] 发送心跳
2026_07_29-12:58:30 [W] [manage-listenClient] 发送心跳
2026_07_29-12:58:35 [W] [manage-listenClient] 发送心跳
2026_07_29-12:58:40 [W] [manage-listenClient] 发送心跳
2026_07_29-12:58:45 [W] [manage-listenClient] 发送心跳
2026_07_29-12:58:50 [W] [manage-listenClient] 发送心跳
2026_07_29-12:58:55 [W] [manage-listenClient] 发送心跳
2026_07_29-12:59:00 [W] [manage-listenClient] 发送心跳
2026_07_29-12:59:05 [W] [manage-listenClient] 发送心跳
2026_07_29-12:59:10 [W] [manage-listenClient] 发送心跳
2026_07_29-12:59:15 [W] [manage-listenClient] 发送心跳
2026_07_29-12:59:20 [W] [manage-listenClient] 发送心跳
2026_07_29-12:59:25 [W] [manage-listenClient] 发送心跳
2026_07_29-12:59:30 [W] [manage-listenClient] 发送心跳
2026_07_29-12:59:35 [W] [manage-listenClient] 发送心跳
2026_07_29-12:59:40 [W] [manage-listenClient] 发送心跳
2026_07_29-12:59:45 [W] [manage-listenClient] 发送心跳
2026_07_29-12:59:50 [W] [manage-listenClient] 发送心跳
2026_07_29-12:59:55 [W] [manage-listenClient] 发送心跳
2026_07_29-13:00:00 [W] [manage-listenClient] 发送心跳
2026_07_29-13:00:05 [W] [manage-listenClient] 发送心跳
2026_07_29-13:00:10 [W] [manage-listenClient] 发送心跳
2026_07_29-13:00:15 [W] [manage-listenClient] 发送心跳
2026_07_29-13:00:20 [W] [manage-listenClient] 发送心跳
2026_07_29-13:00:25 [W] [manage-listenClient] 发送心跳
2026_07_29-13:00:30 [W] [manage-listenClient] 发送心跳
2026_07_29-13:00:35 [W] [manage-listenClient] 发送心跳
2026_07_29-13:00:40 [W] [manage-listenClient] 发送心跳
2026_07_29-13:00:45 [W] [manage-listenClient] 发送心跳
2026_07_29-13:00:50 [W] [manage-listenClient] 发送心跳
2026_07_29-13:00:55 [W] [manage-listenClient] 发送心跳
2026_07_29-13:01:00 [W] [manage-listenClient] 发送心跳
2026_07_29-13:01:05 [W] [manage-listenClient] 发送心跳
2026_07_29-13:01:10 [W] [manage-listenClient] 发送心跳
2026_07_29-13:01:15 [W] [manage-listenClient] 发送心跳
2026_07_29-13:01:20 [W] [manage-listenClient] 发送心跳
2026_07_29-13:01:25 [W] [manage-listenClient] 发送心跳
2026_07_29-13:01:30 [W] [manage-listenClient] 发送心跳
2026_07_29-13:01:35 [W] [manage-listenClient] 发送心跳
2026_07_29-13:01:40 [W] [manage-listenClient] 发送心跳
2026_07_29-13:01:45 [W] [manage-listenClient] 发送心跳
2026_07_29-13:01:50 [W] [manage-listenClient] 发送心跳
2026_07_29-13:01:55 [W] [manage-listenClient] 发送心跳
2026_07_29-13:02:00 [W] [manage-listenClient] 发送心跳
2026_07_29-13:02:05 [W] [manage-listenClient] 发送心跳
2026_07_29-13:02:10 [W] [manage-listenClient] 发送心跳
2026_07_29-13:02:15 [W] [manage-listenClient] 发送心跳
2026_07_29-13:02:20 [W] [manage-listenClient] 发送心跳
2026_07_29-13:02:25 [W] [manage-listenClient] 发送心跳
2026_07_29-13:02:30 [W] [manage-listenClient] 发送心跳
2026_07_29-13:02:35 [W] [manage-listenClient] 发送心跳
2026_07_29-13:02:40 [W] [manage-listenClient] 发送心跳
2026_07_29-13:02:45 [W] [manage-listenClient] 发送心跳
2026_07_29-13:02:50 [W] [manage-listenClient] 发送心跳
2026_07_29-13:02:55 [W] [manage-listenClient] 发送心跳
2026_07_29-13:03:00 [W] [manage-listenClient] 发送心跳
2026_07_29-13:03:05 [W] [manage-listenClient] 发送心跳
2026_07_29-13:03:10 [W] [manage-listenClient] 发送心跳
2026_07_29-13:03:15 [W] [manage-listenClient] 发送心跳
2026_07_29-13:03:20 [W] [manage-listenClient] 发送心跳
2026_07_29-13:03:25 [W] [manage-listenClient] 发送心跳
2026_07_29-13:03:30 [W] [manage-listenClient] 发送心跳
2026_07_29-13:03:35 [W] [manage-listenClient] 发送心跳
2026_07_29-13:03:40 [W] [manage-listenClient] 发送心跳
2026_07_29-13:03:45 [W] [manage-listenClient] 发送心跳
2026_07_29-13:03:50 [W] [manage-listenClient] 发送心跳
2026_07_29-13:03:55 [W] [manage-listenClient] 发送心跳
2026_07_29-13:04:00 [W] [manage-listenClient] 发送心跳
2026_07_29-13:04:05 [W] [manage-listenClient] 发送心跳
2026_07_29-13:04:10 [W] [manage-listenClient] 发送心跳
2026_07_29-13:04:15 [W] [manage-listenClient] 发送心跳
2026_07_29-13:04:20 [W] [manage-listenClient] 发送心跳
2026_07_29-13:04:25 [W] [manage-listenClient] 发送心跳
2026_07_29-13:04:30 [W] [manage-listenClient] 发送心跳
2026_07_29-13:04:35 [W] [manage-listenClient] 发送心跳
2026_07_29-13:04:40 [W] [manage-listenClient] 发送心跳
2026_07_29-13:04:45 [W] [manage-listenClient] 发送心跳
2026_07_29-13:04:50 [W] [manage-listenClient] 发送心跳
2026_07_29-13:04:55 [W] [manage-listenClient] 发送心跳
2026_07_29-13:05:00 [W] [manage-listenClient] 发送心跳
2026_07_29-13:05:05 [W] [manage-listenClient] 发送心跳
2026_07_29-13:05:10 [W] [manage-listenClient] 发送心跳
2026_07_29-13:05:15 [W] [manage-listenClient] 发送心跳
2026_07_29-13:05:20 [W] [manage-listenClient] 发送心跳
2026_07_29-13:05:25 [W] [manage-listenClient] 发送心跳
2026_07_29-13:05:30 [W] [manage-listenClient] 发送心跳
2026_07_29-13:05:35 [W] [manage-listenClient] 发送心跳
2026_07_29-13:05:40 [W] [manage-listenClient] 发送心跳
2026_07_29-13:05:44 [D] [client] disconnect from 192.168.10.1:8090
2026_07_29-13:05:44 [I] [client] socket close = 3
2026_07_29-13:05:45 [W] [manage-listenClient] 断联：开始释放资源
2026_07_29-13:05:45 [W] [manage-listenClient] ClientQue.front()->getClientID() = 9,CurClientID.load() = 8
2026_07_29-13:05:45 [I] [client] socket connect = 1 kConnecting = 0 kConnected = 1 kDisconnecting = 2 kDisconnected = 3
2026_07_29-13:05:45 [W] [manage-CreateClient] 需要创建client Index = 11
2026_07_29-13:05:45 [D] [<UNNAME>] Connection::kConnected
2026_07_29-13:05:45 [W] [analysis] RxFlg.store(1)---serial_number = 1090 check_sn = 1090
2026_07_29-13:05:45 [W] [analysis] cv通知下发---serial_number = 1090 check_sn = 1090
2026_07_29-13:05:45 [W] [manage-listenClient] 发送心跳
2026_07_29-13:05:45 [D] [manage-listenClient] 已经授权成功，重复验证授权码
2026_07_29-13:05:45 [D] [manage-listenClient] Random: bxMjTE..., VIN: HTWW312510A000123
2026_07_29-13:05:45 [I] [manage-listenClient] License verified successfully for VIN: HTWW312510A000123
2026_07_29-13:05:45 [D] [manage-listenClient] License valid until: 2026-10-15 10:12:20
2026_07_29-13:05:45 [I] [manage-listenClient] License verified successfully for expiry: 1A0A0F0A0C14
2026_07_29-13:05:50 [W] [manage-listenClient] 发送心跳
2026_07_29-13:05:55 [W] [manage-listenClient] 发送心跳
2026_07_29-13:06:00 [W] [manage-listenClient] 发送心跳
2026_07_29-13:06:05 [W] [manage-listenClient] 发送心跳
2026_07_29-13:06:10 [W] [manage-listenClient] 发送心跳
2026_07_29-13:06:15 [W] [manage-listenClient] 发送心跳
2026_07_29-13:06:20 [W] [manage-listenClient] 发送心跳
2026_07_29-13:06:25 [W] [manage-listenClient] 发送心跳
2026_07_29-13:06:30 [W] [manage-listenClient] 发送心跳
2026_07_29-13:06:35 [W] [manage-listenClient] 发送心跳
2026_07_29-13:06:40 [W] [manage-listenClient] 发送心跳
2026_07_29-13:06:45 [W] [manage-listenClient] 发送心跳
2026_07_29-13:06:50 [W] [manage-listenClient] 发送心跳
2026_07_29-13:06:55 [W] [manage-listenClient] 发送心跳
2026_07_29-13:07:00 [W] [manage-listenClient] 发送心跳
2026_07_29-13:07:05 [W] [manage-listenClient] 发送心跳
2026_07_29-13:07:10 [W] [manage-listenClient] 发送心跳
2026_07_29-13:07:16 [W] [manage-listenClient] 发送心跳
2026_07_29-13:07:21 [W] [manage-listenClient] 发送心跳
2026_07_29-13:07:26 [W] [manage-listenClient] 发送心跳
2026_07_29-13:07:31 [W] [manage-listenClient] 发送心跳
2026_07_29-13:07:36 [W] [manage-listenClient] 发送心跳
2026_07_29-13:07:41 [W] [manage-listenClient] 发送心跳
2026_07_29-13:07:46 [W] [manage-listenClient] 发送心跳
2026_07_29-13:07:51 [W] [manage-listenClient] 发送心跳
2026_07_29-13:07:56 [W] [manage-listenClient] 发送心跳
2026_07_29-13:08:01 [W] [manage-listenClient] 发送心跳
2026_07_29-13:08:06 [W] [manage-listenClient] 发送心跳
2026_07_29-13:08:11 [W] [manage-listenClient] 发送心跳
2026_07_29-13:08:16 [W] [manage-listenClient] 发送心跳
2026_07_29-13:08:21 [W] [manage-listenClient] 发送心跳
2026_07_29-13:08:26 [W] [manage-listenClient] 发送心跳
2026_07_29-13:08:31 [W] [manage-listenClient] 发送心跳
2026_07_29-13:08:36 [W] [manage-listenClient] 发送心跳
2026_07_29-13:08:41 [W] [manage-listenClient] 发送心跳
2026_07_29-13:08:46 [W] [manage-listenClient] 发送心跳
2026_07_29-13:08:51 [W] [manage-listenClient] 发送心跳
2026_07_29-13:08:56 [W] [manage-listenClient] 发送心跳
2026_07_29-13:09:01 [W] [manage-listenClient] 发送心跳
2026_07_29-13:09:06 [W] [manage-listenClient] 发送心跳
2026_07_29-13:09:11 [W] [manage-listenClient] 发送心跳
2026_07_29-13:09:16 [W] [manage-listenClient] 发送心跳
2026_07_29-13:09:21 [W] [manage-listenClient] 发送心跳
2026_07_29-13:09:26 [W] [manage-listenClient] 发送心跳
2026_07_29-13:09:31 [W] [manage-listenClient] 发送心跳
2026_07_29-13:09:36 [W] [manage-listenClient] 发送心跳
2026_07_29-13:09:41 [W] [manage-listenClient] 发送心跳
2026_07_29-13:09:46 [W] [manage-listenClient] 发送心跳
2026_07_29-13:09:51 [W] [manage-listenClient] 发送心跳
2026_07_29-13:09:56 [W] [manage-listenClient] 发送心跳
2026_07_29-13:10:01 [W] [manage-listenClient] 发送心跳
2026_07_29-13:10:06 [W] [manage-listenClient] 发送心跳
2026_07_29-13:10:11 [W] [manage-listenClient] 发送心跳
2026_07_29-13:10:16 [W] [manage-listenClient] 发送心跳
2026_07_29-13:10:21 [W] [manage-listenClient] 发送心跳
2026_07_29-13:10:26 [W] [manage-listenClient] 发送心跳
2026_07_29-13:10:31 [W] [manage-listenClient] 发送心跳
2026_07_29-13:10:36 [W] [manage-listenClient] 发送心跳
2026_07_29-13:10:41 [W] [manage-listenClient] 发送心跳
2026_07_29-13:10:46 [W] [manage-listenClient] 发送心跳
2026_07_29-13:10:51 [W] [manage-listenClient] 发送心跳
2026_07_29-13:10:56 [W] [manage-listenClient] 发送心跳
2026_07_29-13:11:01 [W] [manage-listenClient] 发送心跳
2026_07_29-13:11:06 [W] [manage-listenClient] 发送心跳
2026_07_29-13:11:11 [W] [manage-listenClient] 发送心跳
2026_07_29-13:11:16 [W] [manage-listenClient] 发送心跳
2026_07_29-13:11:21 [W] [manage-listenClient] 发送心跳
2026_07_29-13:11:26 [W] [manage-listenClient] 发送心跳
2026_07_29-13:11:31 [W] [manage-listenClient] 发送心跳
2026_07_29-13:11:36 [W] [manage-listenClient] 发送心跳
2026_07_29-13:11:41 [W] [manage-listenClient] 发送心跳
2026_07_29-13:11:46 [W] [manage-listenClient] 发送心跳
2026_07_29-13:11:51 [W] [manage-listenClient] 发送心跳
2026_07_29-13:11:56 [W] [manage-listenClient] 发送心跳
2026_07_29-13:12:01 [W] [manage-listenClient] 发送心跳
2026_07_29-13:12:06 [W] [manage-listenClient] 发送心跳
2026_07_29-13:12:11 [W] [manage-listenClient] 发送心跳
2026_07_29-13:12:16 [W] [manage-listenClient] 发送心跳
2026_07_29-13:12:21 [W] [manage-listenClient] 发送心跳
2026_07_29-13:12:27 [W] [manage-listenClient] 发送心跳
2026_07_29-13:12:32 [W] [manage-listenClient] 发送心跳
2026_07_29-13:12:37 [W] [manage-listenClient] 发送心跳
2026_07_29-13:12:42 [W] [manage-listenClient] 发送心跳
2026_07_29-13:12:47 [W] [manage-listenClient] 发送心跳
2026_07_29-13:12:52 [W] [manage-listenClient] 发送心跳
2026_07_29-13:12:57 [W] [manage-listenClient] 发送心跳
2026_07_29-13:13:02 [W] [manage-listenClient] 发送心跳
2026_07_29-13:13:07 [W] [manage-listenClient] 发送心跳
2026_07_29-13:13:12 [W] [manage-listenClient] 发送心跳
2026_07_29-13:13:17 [W] [manage-listenClient] 发送心跳
2026_07_29-13:13:22 [W] [manage-listenClient] 发送心跳
2026_07_29-13:13:27 [W] [manage-listenClient] 发送心跳
2026_07_29-13:13:32 [W] [manage-listenClient] 发送心跳
2026_07_29-13:13:37 [W] [manage-listenClient] 发送心跳
2026_07_29-13:13:42 [W] [manage-listenClient] 发送心跳
2026_07_29-13:13:47 [W] [manage-listenClient] 发送心跳
2026_07_29-13:13:52 [W] [manage-listenClient] 发送心跳
2026_07_29-13:13:57 [W] [manage-listenClient] 发送心跳
2026_07_29-13:14:02 [W] [manage-listenClient] 发送心跳
2026_07_29-13:14:07 [W] [manage-listenClient] 发送心跳
2026_07_29-13:14:12 [W] [manage-listenClient] 发送心跳
2026_07_29-13:14:17 [W] [manage-listenClient] 发送心跳
2026_07_29-13:14:22 [W] [manage-listenClient] 发送心跳
2026_07_29-13:14:27 [W] [manage-listenClient] 发送心跳
2026_07_29-13:14:32 [W] [manage-listenClient] 发送心跳
2026_07_29-13:14:37 [W] [manage-listenClient] 发送心跳
2026_07_29-13:14:42 [W] [manage-listenClient] 发送心跳
2026_07_29-13:14:47 [W] [manage-listenClient] 发送心跳
2026_07_29-13:14:52 [W] [manage-listenClient] 发送心跳
2026_07_29-13:14:57 [W] [manage-listenClient] 发送心跳
2026_07_29-13:15:02 [W] [manage-listenClient] 发送心跳
2026_07_29-13:15:07 [W] [manage-listenClient] 发送心跳
2026_07_29-13:15:12 [W] [manage-listenClient] 发送心跳
2026_07_29-13:15:17 [W] [manage-listenClient] 发送心跳
2026_07_29-13:15:22 [W] [manage-listenClient] 发送心跳
2026_07_29-13:15:27 [W] [manage-listenClient] 发送心跳
2026_07_29-13:15:32 [W] [manage-listenClient] 发送心跳
2026_07_29-13:15:37 [W] [manage-listenClient] 发送心跳
2026_07_29-13:15:42 [W] [manage-listenClient] 发送心跳
2026_07_29-13:15:45 [D] [client] disconnect from 192.168.10.1:8090
2026_07_29-13:15:45 [I] [client] socket close = 3
2026_07_29-13:15:45 [W] [manage-listenClient] 断联：开始释放资源
2026_07_29-13:15:45 [W] [manage-listenClient] ClientQue.front()->getClientID() = 10,CurClientID.load() = 9
2026_07_29-13:15:45 [I] [client] socket connect = 1 kConnecting = 0 kConnected = 1 kDisconnecting = 2 kDisconnected = 3
2026_07_29-13:15:45 [W] [manage-CreateClient] 需要创建client Index = 12
2026_07_29-13:15:45 [D] [<UNNAME>] Connection::kConnected
2026_07_29-13:15:45 [W] [analysis] RxFlg.store(1)---serial_number = 1211 check_sn = 1211
2026_07_29-13:15:45 [W] [analysis] cv通知下发---serial_number = 1211 check_sn = 1211
2026_07_29-13:15:45 [D] [manage-listenClient] 已经授权成功，重复验证授权码
2026_07_29-13:15:45 [D] [manage-listenClient] Random: bxMjTE..., VIN: HTWW312510A000123
2026_07_29-13:15:45 [I] [manage-listenClient] License verified successfully for VIN: HTWW312510A000123
2026_07_29-13:15:45 [D] [manage-listenClient] License valid until: 2026-10-15 10:12:20
2026_07_29-13:15:45 [I] [manage-listenClient] License verified successfully for expiry: 1A0A0F0A0C14
2026_07_29-13:15:47 [W] [manage-listenClient] 发送心跳
2026_07_29-13:15:52 [W] [manage-listenClient] 发送心跳
2026_07_29-13:15:57 [W] [manage-listenClient] 发送心跳
2026_07_29-13:16:02 [W] [manage-listenClient] 发送心跳
2026_07_29-13:16:07 [W] [manage-listenClient] 发送心跳
2026_07_29-13:16:12 [W] [manage-listenClient] 发送心跳
2026_07_29-13:16:17 [W] [manage-listenClient] 发送心跳
2026_07_29-13:16:22 [W] [manage-listenClient] 发送心跳
2026_07_29-13:16:27 [W] [manage-listenClient] 发送心跳
2026_07_29-13:16:32 [W] [manage-listenClient] 发送心跳
2026_07_29-13:16:37 [W] [manage-listenClient] 发送心跳
2026_07_29-13:16:42 [W] [manage-listenClient] 发送心跳
2026_07_29-13:16:47 [W] [manage-listenClient] 发送心跳
2026_07_29-13:16:52 [W] [manage-listenClient] 发送心跳
2026_07_29-13:16:57 [W] [manage-listenClient] 发送心跳
2026_07_29-13:17:02 [W] [manage-listenClient] 发送心跳
2026_07_29-13:17:07 [W] [manage-listenClient] 发送心跳
2026_07_29-13:17:12 [W] [manage-listenClient] 发送心跳
2026_07_29-13:17:17 [W] [manage-listenClient] 发送心跳
2026_07_29-13:17:22 [W] [manage-listenClient] 发送心跳
2026_07_29-13:17:27 [W] [manage-listenClient] 发送心跳
2026_07_29-13:17:32 [W] [manage-listenClient] 发送心跳
2026_07_29-13:17:37 [W] [manage-listenClient] 发送心跳
2026_07_29-13:17:42 [W] [manage-listenClient] 发送心跳
2026_07_29-13:17:47 [W] [manage-listenClient] 发送心跳
2026_07_29-13:17:52 [W] [manage-listenClient] 发送心跳
2026_07_29-13:17:57 [W] [manage-listenClient] 发送心跳
2026_07_29-13:18:02 [W] [manage-listenClient] 发送心跳
2026_07_29-13:18:07 [W] [manage-listenClient] 发送心跳
2026_07_29-13:18:12 [W] [manage-listenClient] 发送心跳
2026_07_29-13:18:17 [W] [manage-listenClient] 发送心跳
2026_07_29-13:18:22 [W] [manage-listenClient] 发送心跳
2026_07_29-13:18:27 [W] [manage-listenClient] 发送心跳
2026_07_29-13:18:32 [W] [manage-listenClient] 发送心跳
2026_07_29-13:18:37 [W] [manage-listenClient] 发送心跳
2026_07_29-13:18:43 [W] [manage-listenClient] 发送心跳
2026_07_29-13:18:48 [W] [manage-listenClient] 发送心跳
2026_07_29-13:18:53 [W] [manage-listenClient] 发送心跳
2026_07_29-13:18:58 [W] [manage-listenClient] 发送心跳
2026_07_29-13:19:03 [W] [manage-listenClient] 发送心跳
2026_07_29-13:19:08 [W] [manage-listenClient] 发送心跳
2026_07_29-13:19:13 [W] [manage-listenClient] 发送心跳
2026_07_29-13:19:17 [W] [manage-listenClient] 发送心跳
2026_07_29-13:19:22 [W] [manage-listenClient] 发送心跳
2026_07_29-13:19:27 [W] [manage-listenClient] 发送心跳
2026_07_29-13:19:32 [W] [manage-listenClient] 发送心跳
2026_07_29-13:19:37 [W] [manage-listenClient] 发送心跳
2026_07_29-13:19:42 [W] [manage-listenClient] 发送心跳
2026_07_29-13:19:47 [W] [manage-listenClient] 发送心跳
2026_07_29-13:19:52 [W] [manage-listenClient] 发送心跳
2026_07_29-13:19:57 [W] [manage-listenClient] 发送心跳
2026_07_29-13:20:02 [W] [manage-listenClient] 发送心跳
2026_07_29-13:20:07 [W] [manage-listenClient] 发送心跳
2026_07_29-13:20:12 [W] [manage-listenClient] 发送心跳
2026_07_29-13:20:17 [W] [manage-listenClient] 发送心跳
2026_07_29-13:20:22 [W] [manage-listenClient] 发送心跳
2026_07_29-13:20:27 [W] [manage-listenClient] 发送心跳
2026_07_29-13:20:32 [W] [manage-listenClient] 发送心跳
2026_07_29-13:20:37 [W] [manage-listenClient] 发送心跳
2026_07_29-13:20:42 [W] [manage-listenClient] 发送心跳
2026_07_29-13:20:47 [W] [manage-listenClient] 发送心跳
2026_07_29-13:20:52 [W] [manage-listenClient] 发送心跳
2026_07_29-13:20:57 [W] [manage-listenClient] 发送心跳
2026_07_29-13:21:02 [W] [manage-listenClient] 发送心跳
2026_07_29-13:21:07 [W] [manage-listenClient] 发送心跳
2026_07_29-13:21:12 [W] [manage-listenClient] 发送心跳
2026_07_29-13:21:17 [W] [manage-listenClient] 发送心跳
2026_07_29-13:21:22 [W] [manage-listenClient] 发送心跳
2026_07_29-13:21:27 [W] [manage-listenClient] 发送心跳
2026_07_29-13:21:32 [W] [manage-listenClient] 发送心跳
2026_07_29-13:21:37 [W] [manage-listenClient] 发送心跳
2026_07_29-13:21:42 [W] [manage-listenClient] 发送心跳
2026_07_29-13:21:47 [W] [manage-listenClient] 发送心跳
2026_07_29-13:21:52 [W] [manage-listenClient] 发送心跳
2026_07_29-13:21:57 [W] [manage-listenClient] 发送心跳
2026_07_29-13:22:02 [W] [manage-listenClient] 发送心跳
2026_07_29-13:22:07 [W] [manage-listenClient] 发送心跳
2026_07_29-13:22:12 [W] [manage-listenClient] 发送心跳
2026_07_29-13:22:17 [W] [manage-listenClient] 发送心跳
2026_07_29-13:22:22 [W] [manage-listenClient] 发送心跳
2026_07_29-13:22:27 [W] [manage-listenClient] 发送心跳
2026_07_29-13:22:32 [W] [manage-listenClient] 发送心跳
2026_07_29-13:22:37 [W] [manage-listenClient] 发送心跳
2026_07_29-13:22:42 [W] [manage-listenClient] 发送心跳
2026_07_29-13:22:47 [W] [manage-listenClient] 发送心跳
2026_07_29-13:22:52 [W] [manage-listenClient] 发送心跳
2026_07_29-13:22:57 [W] [manage-listenClient] 发送心跳
2026_07_29-13:23:02 [W] [manage-listenClient] 发送心跳
2026_07_29-13:23:07 [W] [manage-listenClient] 发送心跳
2026_07_29-13:23:12 [W] [manage-listenClient] 发送心跳
2026_07_29-13:23:17 [W] [manage-listenClient] 发送心跳
2026_07_29-13:23:22 [W] [manage-listenClient] 发送心跳
2026_07_29-13:23:27 [W] [manage-listenClient] 发送心跳
2026_07_29-13:23:32 [W] [manage-listenClient] 发送心跳
2026_07_29-13:23:37 [W] [manage-listenClient] 发送心跳
2026_07_29-13:23:42 [W] [manage-listenClient] 发送心跳
2026_07_29-13:23:47 [W] [manage-listenClient] 发送心跳
2026_07_29-13:23:52 [W] [manage-listenClient] 发送心跳
2026_07_29-13:23:57 [W] [manage-listenClient] 发送心跳
2026_07_29-13:24:02 [W] [manage-listenClient] 发送心跳
2026_07_29-13:24:07 [W] [manage-listenClient] 发送心跳
2026_07_29-13:24:12 [W] [manage-listenClient] 发送心跳
2026_07_29-13:24:17 [W] [manage-listenClient] 发送心跳
2026_07_29-13:24:22 [W] [manage-listenClient] 发送心跳
2026_07_29-13:24:27 [W] [manage-listenClient] 发送心跳
2026_07_29-13:24:32 [W] [manage-listenClient] 发送心跳
2026_07_29-13:24:37 [W] [manage-listenClient] 发送心跳
2026_07_29-13:24:42 [W] [manage-listenClient] 发送心跳
2026_07_29-13:24:47 [W] [manage-listenClient] 发送心跳
2026_07_29-13:24:52 [W] [manage-listenClient] 发送心跳
2026_07_29-13:24:57 [W] [manage-listenClient] 发送心跳
2026_07_29-13:25:02 [W] [manage-listenClient] 发送心跳
2026_07_29-13:25:07 [W] [manage-listenClient] 发送心跳
2026_07_29-13:25:12 [W] [manage-listenClient] 发送心跳
2026_07_29-13:25:17 [W] [manage-listenClient] 发送心跳
2026_07_29-13:25:22 [W] [manage-listenClient] 发送心跳
2026_07_29-13:25:27 [W] [manage-listenClient] 发送心跳
2026_07_29-13:25:32 [W] [manage-listenClient] 发送心跳
2026_07_29-13:25:37 [W] [manage-listenClient] 发送心跳
2026_07_29-13:25:42 [W] [manage-listenClient] 发送心跳
2026_07_29-13:25:45 [D] [client] disconnect from 192.168.10.1:8090
2026_07_29-13:25:45 [I] [client] socket close = 3
2026_07_29-13:25:45 [W] [manage-listenClient] 断联：开始释放资源
2026_07_29-13:25:45 [W] [manage-listenClient] ClientQue.front()->getClientID() = 11,CurClientID.load() = 10
2026_07_29-13:25:45 [I] [client] socket connect = 1 kConnecting = 0 kConnected = 1 kDisconnecting = 2 kDisconnected = 3
2026_07_29-13:25:45 [W] [manage-CreateClient] 需要创建client Index = 13
2026_07_29-13:25:45 [D] [<UNNAME>] Connection::kConnected
2026_07_29-13:25:46 [W] [analysis] RxFlg.store(1)---serial_number = 1332 check_sn = 1332
2026_07_29-13:25:46 [W] [analysis] cv通知下发---serial_number = 1332 check_sn = 1332
2026_07_29-13:25:46 [D] [manage-listenClient] 已经授权成功，重复验证授权码
2026_07_29-13:25:46 [D] [manage-listenClient] Random: bxMjTE..., VIN: HTWW312510A000123
2026_07_29-13:25:46 [I] [manage-listenClient] License verified successfully for VIN: HTWW312510A000123
2026_07_29-13:25:46 [D] [manage-listenClient] License valid until: 2026-10-15 10:12:20
2026_07_29-13:25:46 [I] [manage-listenClient] License verified successfully for expiry: 1A0A0F0A0C14
2026_07_29-13:25:48 [W] [manage-listenClient] 发送心跳
2026_07_29-13:25:53 [W] [manage-listenClient] 发送心跳
2026_07_29-13:25:58 [W] [manage-listenClient] 发送心跳
2026_07_29-13:26:03 [W] [manage-listenClient] 发送心跳
2026_07_29-13:26:08 [W] [manage-listenClient] 发送心跳
2026_07_29-13:26:13 [W] [manage-listenClient] 发送心跳
2026_07_29-13:26:18 [W] [manage-listenClient] 发送心跳
2026_07_29-13:26:23 [W] [manage-listenClient] 发送心跳
2026_07_29-13:26:28 [W] [manage-listenClient] 发送心跳
2026_07_29-13:26:33 [W] [manage-listenClient] 发送心跳
2026_07_29-13:26:38 [W] [manage-listenClient] 发送心跳
2026_07_29-13:26:43 [W] [manage-listenClient] 发送心跳
2026_07_29-13:26:48 [W] [manage-listenClient] 发送心跳
2026_07_29-13:26:53 [W] [manage-listenClient] 发送心跳
2026_07_29-13:26:58 [W] [manage-listenClient] 发送心跳
2026_07_29-13:27:03 [W] [manage-listenClient] 发送心跳
2026_07_29-13:27:08 [W] [manage-listenClient] 发送心跳
2026_07_29-13:27:13 [W] [manage-listenClient] 发送心跳
2026_07_29-13:27:18 [W] [manage-listenClient] 发送心跳
2026_07_29-13:27:23 [W] [manage-listenClient] 发送心跳
2026_07_29-13:27:28 [W] [manage-listenClient] 发送心跳
2026_07_29-13:27:33 [W] [manage-listenClient] 发送心跳
2026_07_29-13:27:38 [W] [manage-listenClient] 发送心跳
2026_07_29-13:27:43 [W] [manage-listenClient] 发送心跳
2026_07_29-13:27:48 [W] [manage-listenClient] 发送心跳
2026_07_29-13:27:53 [W] [manage-listenClient] 发送心跳
2026_07_29-13:27:58 [W] [manage-listenClient] 发送心跳
2026_07_29-13:28:03 [W] [manage-listenClient] 发送心跳
2026_07_29-13:28:08 [W] [manage-listenClient] 发送心跳
2026_07_29-13:28:13 [W] [manage-listenClient] 发送心跳
2026_07_29-13:28:18 [W] [manage-listenClient] 发送心跳
2026_07_29-13:28:23 [W] [manage-listenClient] 发送心跳
2026_07_29-13:28:28 [W] [manage-listenClient] 发送心跳
2026_07_29-13:28:33 [W] [manage-listenClient] 发送心跳
2026_07_29-13:28:38 [W] [manage-listenClient] 发送心跳
2026_07_29-13:28:43 [W] [manage-listenClient] 发送心跳
2026_07_29-13:28:48 [W] [manage-listenClient] 发送心跳
2026_07_29-13:28:53 [W] [manage-listenClient] 发送心跳
2026_07_29-13:28:58 [W] [manage-listenClient] 发送心跳
2026_07_29-13:29:03 [W] [manage-listenClient] 发送心跳
2026_07_29-13:29:08 [W] [manage-listenClient] 发送心跳
2026_07_29-13:29:13 [W] [manage-listenClient] 发送心跳
2026_07_29-13:29:18 [W] [manage-listenClient] 发送心跳
2026_07_29-13:29:23 [W] [manage-listenClient] 发送心跳
2026_07_29-13:29:28 [W] [manage-listenClient] 发送心跳
2026_07_29-13:29:33 [W] [manage-listenClient] 发送心跳
2026_07_29-13:29:38 [W] [manage-listenClient] 发送心跳
2026_07_29-13:29:43 [W] [manage-listenClient] 发送心跳
2026_07_29-13:29:48 [W] [manage-listenClient] 发送心跳
2026_07_29-13:29:53 [W] [manage-listenClient] 发送心跳
2026_07_29-13:29:58 [W] [manage-listenClient] 发送心跳
2026_07_29-13:30:03 [W] [manage-listenClient] 发送心跳
2026_07_29-13:30:08 [W] [manage-listenClient] 发送心跳
2026_07_29-13:30:13 [W] [manage-listenClient] 发送心跳
2026_07_29-13:30:18 [W] [manage-listenClient] 发送心跳
2026_07_29-13:30:23 [W] [manage-listenClient] 发送心跳
2026_07_29-13:30:28 [W] [manage-listenClient] 发送心跳
2026_07_29-13:30:33 [W] [manage-listenClient] 发送心跳
2026_07_29-13:30:38 [W] [manage-listenClient] 发送心跳
2026_07_29-13:30:43 [W] [manage-listenClient] 发送心跳
2026_07_29-13:30:48 [W] [manage-listenClient] 发送心跳
2026_07_29-13:30:53 [W] [manage-listenClient] 发送心跳
2026_07_29-13:30:58 [W] [manage-listenClient] 发送心跳
2026_07_29-13:31:03 [W] [manage-listenClient] 发送心跳
2026_07_29-13:31:08 [W] [manage-listenClient] 发送心跳
2026_07_29-13:31:13 [W] [manage-listenClient] 发送心跳
2026_07_29-13:31:18 [W] [manage-listenClient] 发送心跳
2026_07_29-13:31:23 [W] [manage-listenClient] 发送心跳
2026_07_29-13:31:28 [W] [manage-listenClient] 发送心跳
2026_07_29-13:31:33 [W] [manage-listenClient] 发送心跳
2026_07_29-13:31:38 [W] [manage-listenClient] 发送心跳
2026_07_29-13:31:43 [W] [manage-listenClient] 发送心跳
2026_07_29-13:31:48 [W] [manage-listenClient] 发送心跳
2026_07_29-13:31:53 [W] [manage-listenClient] 发送心跳
2026_07_29-13:31:58 [W] [manage-listenClient] 发送心跳
2026_07_29-13:32:03 [W] [manage-listenClient] 发送心跳
2026_07_29-13:32:08 [W] [manage-listenClient] 发送心跳
2026_07_29-13:32:13 [W] [manage-listenClient] 发送心跳
2026_07_29-13:32:18 [W] [manage-listenClient] 发送心跳
2026_07_29-13:32:23 [W] [manage-listenClient] 发送心跳
2026_07_29-13:32:28 [W] [manage-listenClient] 发送心跳
2026_07_29-13:32:33 [W] [manage-listenClient] 发送心跳
2026_07_29-13:32:38 [W] [manage-listenClient] 发送心跳
2026_07_29-13:32:43 [W] [manage-listenClient] 发送心跳
2026_07_29-13:32:48 [W] [manage-listenClient] 发送心跳
2026_07_29-13:32:53 [W] [manage-listenClient] 发送心跳
2026_07_29-13:32:58 [W] [manage-listenClient] 发送心跳
2026_07_29-13:33:03 [W] [manage-listenClient] 发送心跳
2026_07_29-13:33:08 [W] [manage-listenClient] 发送心跳
2026_07_29-13:33:13 [W] [manage-listenClient] 发送心跳
2026_07_29-13:33:19 [W] [manage-listenClient] 发送心跳
2026_07_29-13:33:24 [W] [manage-listenClient] 发送心跳
2026_07_29-13:33:29 [W] [manage-listenClient] 发送心跳
2026_07_29-13:33:34 [W] [manage-listenClient] 发送心跳
2026_07_29-13:33:39 [W] [manage-listenClient] 发送心跳
2026_07_29-13:33:44 [W] [manage-listenClient] 发送心跳
2026_07_29-13:33:49 [W] [manage-listenClient] 发送心跳
2026_07_29-13:33:54 [W] [manage-listenClient] 发送心跳
2026_07_29-13:33:59 [W] [manage-listenClient] 发送心跳
2026_07_29-13:34:04 [W] [manage-listenClient] 发送心跳
2026_07_29-13:34:09 [W] [manage-listenClient] 发送心跳
2026_07_29-13:34:14 [W] [manage-listenClient] 发送心跳
2026_07_29-13:34:19 [W] [manage-listenClient] 发送心跳
2026_07_29-13:34:23 [W] [manage-listenClient] 发送心跳
2026_07_29-13:34:28 [W] [manage-listenClient] 发送心跳
2026_07_29-13:34:33 [W] [manage-listenClient] 发送心跳
2026_07_29-13:34:38 [W] [manage-listenClient] 发送心跳
2026_07_29-13:34:43 [W] [manage-listenClient] 发送心跳
2026_07_29-13:34:48 [W] [manage-listenClient] 发送心跳
2026_07_29-13:34:53 [W] [manage-listenClient] 发送心跳
2026_07_29-13:34:58 [W] [manage-listenClient] 发送心跳
2026_07_29-13:35:03 [W] [manage-listenClient] 发送心跳
2026_07_29-13:35:08 [W] [manage-listenClient] 发送心跳
2026_07_29-13:35:13 [W] [manage-listenClient] 发送心跳
2026_07_29-13:35:18 [W] [manage-listenClient] 发送心跳
2026_07_29-13:35:23 [W] [manage-listenClient] 发送心跳
2026_07_29-13:35:28 [W] [manage-listenClient] 发送心跳
2026_07_29-13:35:33 [W] [manage-listenClient] 发送心跳
2026_07_29-13:35:38 [W] [manage-listenClient] 发送心跳
2026_07_29-13:35:43 [W] [manage-listenClient] 发送心跳
2026_07_29-13:35:45 [D] [client] disconnect from 192.168.10.1:8090
2026_07_29-13:35:45 [I] [client] socket close = 3
2026_07_29-13:35:45 [W] [manage-listenClient] 断联：开始释放资源
2026_07_29-13:35:45 [W] [manage-listenClient] ClientQue.front()->getClientID() = 12,CurClientID.load() = 11
2026_07_29-13:35:45 [I] [client] socket connect = 1 kConnecting = 0 kConnected = 1 kDisconnecting = 2 kDisconnected = 3
2026_07_29-13:35:46 [W] [manage-CreateClient] 需要创建client Index = 14
2026_07_29-13:35:46 [D] [<UNNAME>] Connection::kConnected
2026_07_29-13:35:46 [W] [analysis] RxFlg.store(1)---serial_number = 1453 check_sn = 1453
2026_07_29-13:35:46 [W] [analysis] cv通知下发---serial_number = 1453 check_sn = 1453
2026_07_29-13:35:46 [D] [manage-listenClient] 已经授权成功，重复验证授权码
2026_07_29-13:35:46 [D] [manage-listenClient] Random: bxMjTE..., VIN: HTWW312510A000123
2026_07_29-13:35:46 [I] [manage-listenClient] License verified successfully for VIN: HTWW312510A000123
2026_07_29-13:35:46 [D] [manage-listenClient] License valid until: 2026-10-15 10:12:20
2026_07_29-13:35:46 [I] [manage-listenClient] License verified successfully for expiry: 1A0A0F0A0C14
2026_07_29-13:35:49 [W] [manage-listenClient] 发送心跳
2026_07_29-13:35:54 [W] [manage-listenClient] 发送心跳
2026_07_29-13:35:59 [W] [manage-listenClient] 发送心跳
2026_07_29-13:36:04 [W] [manage-listenClient] 发送心跳
2026_07_29-13:36:09 [W] [manage-listenClient] 发送心跳
2026_07_29-13:36:14 [W] [manage-listenClient] 发送心跳
2026_07_29-13:36:19 [W] [manage-listenClient] 发送心跳
2026_07_29-13:36:24 [W] [manage-listenClient] 发送心跳
2026_07_29-13:36:29 [W] [manage-listenClient] 发送心跳
2026_07_29-13:36:34 [W] [manage-listenClient] 发送心跳
2026_07_29-13:36:39 [W] [manage-listenClient] 发送心跳
2026_07_29-13:36:44 [W] [manage-listenClient] 发送心跳
2026_07_29-13:36:49 [W] [manage-listenClient] 发送心跳
2026_07_29-13:36:54 [W] [manage-listenClient] 发送心跳
2026_07_29-13:36:59 [W] [manage-listenClient] 发送心跳
2026_07_29-13:37:04 [W] [manage-listenClient] 发送心跳
2026_07_29-13:37:09 [W] [manage-listenClient] 发送心跳
2026_07_29-13:37:14 [W] [manage-listenClient] 发送心跳
2026_07_29-13:37:19 [W] [manage-listenClient] 发送心跳
2026_07_29-13:37:24 [W] [manage-listenClient] 发送心跳
2026_07_29-13:37:29 [W] [manage-listenClient] 发送心跳
2026_07_29-13:37:34 [W] [manage-listenClient] 发送心跳
2026_07_29-13:37:39 [W] [manage-listenClient] 发送心跳
2026_07_29-13:37:44 [W] [manage-listenClient] 发送心跳
2026_07_29-13:37:49 [W] [manage-listenClient] 发送心跳
2026_07_29-13:37:54 [W] [manage-listenClient] 发送心跳
2026_07_29-13:37:59 [W] [manage-listenClient] 发送心跳
2026_07_29-13:38:04 [W] [manage-listenClient] 发送心跳
2026_07_29-13:38:09 [W] [manage-listenClient] 发送心跳
2026_07_29-13:38:14 [W] [manage-listenClient] 发送心跳
2026_07_29-13:38:19 [W] [manage-listenClient] 发送心跳
2026_07_29-13:38:24 [W] [manage-listenClient] 发送心跳
2026_07_29-13:38:29 [W] [manage-listenClient] 发送心跳
2026_07_29-13:38:34 [W] [manage-listenClient] 发送心跳
2026_07_29-13:38:39 [W] [manage-listenClient] 发送心跳
2026_07_29-13:38:44 [W] [manage-listenClient] 发送心跳
2026_07_29-13:38:49 [W] [manage-listenClient] 发送心跳
2026_07_29-13:38:54 [W] [manage-listenClient] 发送心跳
2026_07_29-13:38:59 [W] [manage-listenClient] 发送心跳
2026_07_29-13:39:04 [W] [manage-listenClient] 发送心跳
2026_07_29-13:39:09 [W] [manage-listenClient] 发送心跳
2026_07_29-13:39:14 [W] [manage-listenClient] 发送心跳
2026_07_29-13:39:19 [W] [manage-listenClient] 发送心跳
2026_07_29-13:39:24 [W] [manage-listenClient] 发送心跳
2026_07_29-13:39:29 [W] [manage-listenClient] 发送心跳
2026_07_29-13:39:34 [W] [manage-listenClient] 发送心跳
2026_07_29-13:39:39 [W] [manage-listenClient] 发送心跳
2026_07_29-13:39:44 [W] [manage-listenClient] 发送心跳
2026_07_29-13:39:49 [W] [manage-listenClient] 发送心跳
2026_07_29-13:39:54 [W] [manage-listenClient] 发送心跳
2026_07_29-13:39:59 [W] [manage-listenClient] 发送心跳
2026_07_29-13:40:04 [W] [manage-listenClient] 发送心跳
2026_07_29-13:40:09 [W] [manage-listenClient] 发送心跳
2026_07_29-13:40:14 [W] [manage-listenClient] 发送心跳
2026_07_29-13:40:19 [W] [manage-listenClient] 发送心跳
2026_07_29-13:40:24 [W] [manage-listenClient] 发送心跳
2026_07_29-13:40:29 [W] [manage-listenClient] 发送心跳
2026_07_29-13:40:34 [W] [manage-listenClient] 发送心跳
2026_07_29-13:40:39 [W] [manage-listenClient] 发送心跳
2026_07_29-13:40:44 [W] [manage-listenClient] 发送心跳
2026_07_29-13:40:49 [W] [manage-listenClient] 发送心跳
2026_07_29-13:40:54 [W] [manage-listenClient] 发送心跳
2026_07_29-13:40:59 [W] [manage-listenClient] 发送心跳
2026_07_29-13:41:04 [W] [manage-listenClient] 发送心跳
2026_07_29-13:41:09 [W] [manage-listenClient] 发送心跳
2026_07_29-13:41:14 [W] [manage-listenClient] 发送心跳
2026_07_29-13:41:19 [W] [manage-listenClient] 发送心跳
2026_07_29-13:41:24 [W] [manage-listenClient] 发送心跳
2026_07_29-13:41:29 [W] [manage-listenClient] 发送心跳
2026_07_29-13:41:34 [W] [manage-listenClient] 发送心跳
2026_07_29-13:41:39 [W] [manage-listenClient] 发送心跳
2026_07_29-13:41:44 [W] [manage-listenClient] 发送心跳
2026_07_29-13:41:49 [W] [manage-listenClient] 发送心跳
2026_07_29-13:41:54 [W] [manage-listenClient] 发送心跳
2026_07_29-13:41:59 [W] [manage-listenClient] 发送心跳
2026_07_29-13:42:04 [W] [manage-listenClient] 发送心跳
2026_07_29-13:42:09 [W] [manage-listenClient] 发送心跳
2026_07_29-13:42:14 [W] [manage-listenClient] 发送心跳
2026_07_29-13:42:19 [W] [manage-listenClient] 发送心跳
2026_07_29-13:42:24 [W] [manage-listenClient] 发送心跳
2026_07_29-13:42:29 [W] [manage-listenClient] 发送心跳
2026_07_29-13:42:34 [W] [manage-listenClient] 发送心跳
2026_07_29-13:42:39 [W] [manage-listenClient] 发送心跳
2026_07_29-13:42:44 [W] [manage-listenClient] 发送心跳
2026_07_29-13:42:49 [W] [manage-listenClient] 发送心跳
2026_07_29-13:42:54 [W] [manage-listenClient] 发送心跳
2026_07_29-13:42:59 [W] [manage-listenClient] 发送心跳
2026_07_29-13:43:04 [W] [manage-listenClient] 发送心跳
2026_07_29-13:43:09 [W] [manage-listenClient] 发送心跳
2026_07_29-13:43:14 [W] [manage-listenClient] 发送心跳
2026_07_29-13:43:19 [W] [manage-listenClient] 发送心跳
2026_07_29-13:43:24 [W] [manage-listenClient] 发送心跳
2026_07_29-13:43:29 [W] [manage-listenClient] 发送心跳
2026_07_29-13:43:34 [W] [manage-listenClient] 发送心跳
2026_07_29-13:43:39 [W] [manage-listenClient] 发送心跳
2026_07_29-13:43:44 [W] [manage-listenClient] 发送心跳
2026_07_29-13:43:49 [W] [manage-listenClient] 发送心跳
2026_07_29-13:43:54 [W] [manage-listenClient] 发送心跳
2026_07_29-13:43:59 [W] [manage-listenClient] 发送心跳
2026_07_29-13:44:04 [W] [manage-listenClient] 发送心跳
2026_07_29-13:44:09 [W] [manage-listenClient] 发送心跳
2026_07_29-13:44:14 [W] [manage-listenClient] 发送心跳
2026_07_29-13:44:19 [W] [manage-listenClient] 发送心跳
2026_07_29-13:44:24 [W] [manage-listenClient] 发送心跳
2026_07_29-13:44:29 [W] [manage-listenClient] 发送心跳
2026_07_29-13:44:34 [W] [manage-listenClient] 发送心跳
2026_07_29-13:44:39 [W] [manage-listenClient] 发送心跳
2026_07_29-13:44:44 [W] [manage-listenClient] 发送心跳
2026_07_29-13:44:49 [W] [manage-listenClient] 发送心跳
2026_07_29-13:44:54 [W] [manage-listenClient] 发送心跳
2026_07_29-13:44:59 [W] [manage-listenClient] 发送心跳
2026_07_29-13:45:04 [W] [manage-listenClient] 发送心跳
2026_07_29-13:45:09 [W] [manage-listenClient] 发送心跳
2026_07_29-13:45:14 [W] [manage-listenClient] 发送心跳
2026_07_29-13:45:19 [W] [manage-listenClient] 发送心跳
2026_07_29-13:45:24 [W] [manage-listenClient] 发送心跳
2026_07_29-13:45:29 [W] [manage-listenClient] 发送心跳
2026_07_29-13:45:34 [W] [manage-listenClient] 发送心跳
2026_07_29-13:45:39 [W] [manage-listenClient] 发送心跳
2026_07_29-13:45:44 [W] [manage-listenClient] 发送心跳
2026_07_29-13:45:46 [D] [client] disconnect from 192.168.10.1:8090
2026_07_29-13:45:46 [I] [client] socket close = 3
2026_07_29-13:45:46 [W] [manage-listenClient] 断联：开始释放资源
2026_07_29-13:45:46 [W] [manage-listenClient] ClientQue.front()->getClientID() = 13,CurClientID.load() = 12
2026_07_29-13:45:46 [I] [client] socket connect = 1 kConnecting = 0 kConnected = 1 kDisconnecting = 2 kDisconnected = 3
2026_07_29-13:45:46 [W] [manage-CreateClient] 需要创建client Index = 15
2026_07_29-13:45:46 [D] [<UNNAME>] Connection::kConnected
2026_07_29-13:45:47 [W] [analysis] RxFlg.store(1)---serial_number = 1574 check_sn = 1574
2026_07_29-13:45:47 [W] [analysis] cv通知下发---serial_number = 1574 check_sn = 1574
2026_07_29-13:45:47 [D] [manage-listenClient] 已经授权成功，重复验证授权码
2026_07_29-13:45:47 [D] [manage-listenClient] Random: bxMjTE..., VIN: HTWW312510A000123
2026_07_29-13:45:47 [I] [manage-listenClient] License verified successfully for VIN: HTWW312510A000123
2026_07_29-13:45:47 [D] [manage-listenClient] License valid until: 2026-10-15 10:12:20
2026_07_29-13:45:47 [I] [manage-listenClient] License verified successfully for expiry: 1A0A0F0A0C14
2026_07_29-13:45:49 [W] [manage-listenClient] 发送心跳
2026_07_29-13:45:54 [W] [manage-listenClient] 发送心跳
2026_07_29-13:45:59 [W] [manage-listenClient] 发送心跳
2026_07_29-13:46:04 [W] [manage-listenClient] 发送心跳
2026_07_29-13:46:09 [W] [manage-listenClient] 发送心跳
2026_07_29-13:46:14 [W] [manage-listenClient] 发送心跳
2026_07_29-13:46:19 [W] [manage-listenClient] 发送心跳
2026_07_29-13:46:24 [W] [manage-listenClient] 发送心跳
2026_07_29-13:46:29 [W] [manage-listenClient] 发送心跳
2026_07_29-13:46:34 [W] [manage-listenClient] 发送心跳
2026_07_29-13:46:39 [W] [manage-listenClient] 发送心跳
2026_07_29-13:46:44 [W] [manage-listenClient] 发送心跳
2026_07_29-13:46:49 [W] [manage-listenClient] 发送心跳
2026_07_29-13:46:54 [W] [manage-listenClient] 发送心跳
2026_07_29-13:46:59 [W] [manage-listenClient] 发送心跳
2026_07_29-13:47:04 [W] [manage-listenClient] 发送心跳
2026_07_29-13:47:09 [W] [manage-listenClient] 发送心跳
2026_07_29-13:47:14 [W] [manage-listenClient] 发送心跳
2026_07_29-13:47:19 [W] [manage-listenClient] 发送心跳
2026_07_29-13:47:24 [W] [manage-listenClient] 发送心跳
2026_07_29-13:47:29 [W] [manage-listenClient] 发送心跳
2026_07_29-13:47:34 [W] [manage-listenClient] 发送心跳
2026_07_29-13:47:39 [W] [manage-listenClient] 发送心跳
2026_07_29-13:47:45 [W] [manage-listenClient] 发送心跳
2026_07_29-13:47:50 [W] [manage-listenClient] 发送心跳
2026_07_29-13:47:55 [W] [manage-listenClient] 发送心跳
2026_07_29-13:48:00 [W] [manage-listenClient] 发送心跳
2026_07_29-13:48:05 [W] [manage-listenClient] 发送心跳
2026_07_29-13:48:10 [W] [manage-listenClient] 发送心跳
2026_07_29-13:48:15 [W] [manage-listenClient] 发送心跳
2026_07_29-13:48:20 [W] [manage-listenClient] 发送心跳
2026_07_29-13:48:25 [W] [manage-listenClient] 发送心跳
2026_07_29-13:48:30 [W] [manage-listenClient] 发送心跳
2026_07_29-13:48:35 [W] [manage-listenClient] 发送心跳
2026_07_29-13:48:40 [W] [manage-listenClient] 发送心跳
2026_07_29-13:48:45 [W] [manage-listenClient] 发送心跳
2026_07_29-13:48:50 [W] [manage-listenClient] 发送心跳
2026_07_29-13:48:55 [W] [manage-listenClient] 发送心跳
2026_07_29-13:49:00 [W] [manage-listenClient] 发送心跳
2026_07_29-13:49:05 [W] [manage-listenClient] 发送心跳
2026_07_29-13:49:10 [W] [manage-listenClient] 发送心跳
2026_07_29-13:49:15 [W] [manage-listenClient] 发送心跳
2026_07_29-13:49:20 [W] [manage-listenClient] 发送心跳
2026_07_29-13:49:25 [W] [manage-listenClient] 发送心跳
2026_07_29-13:49:30 [W] [manage-listenClient] 发送心跳
2026_07_29-13:49:35 [W] [manage-listenClient] 发送心跳
2026_07_29-13:49:40 [W] [manage-listenClient] 发送心跳
2026_07_29-13:49:45 [W] [manage-listenClient] 发送心跳
2026_07_29-13:49:50 [W] [manage-listenClient] 发送心跳
2026_07_29-13:49:55 [W] [manage-listenClient] 发送心跳
2026_07_29-13:50:00 [W] [manage-listenClient] 发送心跳
2026_07_29-13:50:05 [W] [manage-listenClient] 发送心跳
2026_07_29-13:50:10 [W] [manage-listenClient] 发送心跳
2026_07_29-13:50:15 [W] [manage-listenClient] 发送心跳
2026_07_29-13:50:20 [W] [manage-listenClient] 发送心跳
2026_07_29-13:50:25 [W] [manage-listenClient] 发送心跳
2026_07_29-13:50:30 [W] [manage-listenClient] 发送心跳
2026_07_29-13:50:35 [W] [manage-listenClient] 发送心跳
2026_07_29-13:50:40 [W] [manage-listenClient] 发送心跳
2026_07_29-13:50:45 [W] [manage-listenClient] 发送心跳
2026_07_29-13:50:50 [W] [manage-listenClient] 发送心跳
2026_07_29-13:50:55 [W] [manage-listenClient] 发送心跳
2026_07_29-13:51:00 [W] [manage-listenClient] 发送心跳
2026_07_29-13:51:05 [W] [manage-listenClient] 发送心跳
2026_07_29-13:51:10 [W] [manage-listenClient] 发送心跳
2026_07_29-13:51:15 [W] [manage-listenClient] 发送心跳
2026_07_29-13:51:20 [W] [manage-listenClient] 发送心跳
2026_07_29-13:51:25 [W] [manage-listenClient] 发送心跳
2026_07_29-13:51:30 [W] [manage-listenClient] 发送心跳
2026_07_29-13:51:35 [W] [manage-listenClient] 发送心跳
2026_07_29-13:51:40 [W] [manage-listenClient] 发送心跳
2026_07_29-13:51:45 [W] [manage-listenClient] 发送心跳
2026_07_29-13:51:50 [W] [manage-listenClient] 发送心跳
2026_07_29-13:51:55 [W] [manage-listenClient] 发送心跳
2026_07_29-13:52:00 [W] [manage-listenClient] 发送心跳
2026_07_29-13:52:05 [W] [manage-listenClient] 发送心跳
2026_07_29-13:52:10 [W] [manage-listenClient] 发送心跳
2026_07_29-13:52:15 [W] [manage-listenClient] 发送心跳
2026_07_29-13:52:20 [W] [manage-listenClient] 发送心跳
2026_07_29-13:52:25 [W] [manage-listenClient] 发送心跳
2026_07_29-13:52:30 [W] [manage-listenClient] 发送心跳
2026_07_29-13:52:35 [W] [manage-listenClient] 发送心跳
2026_07_29-13:52:40 [W] [manage-listenClient] 发送心跳
2026_07_29-13:52:45 [W] [manage-listenClient] 发送心跳
2026_07_29-13:52:50 [W] [manage-listenClient] 发送心跳
2026_07_29-13:52:55 [W] [manage-listenClient] 发送心跳
2026_07_29-13:53:00 [W] [manage-listenClient] 发送心跳
2026_07_29-13:53:05 [W] [manage-listenClient] 发送心跳
2026_07_29-13:53:10 [W] [manage-listenClient] 发送心跳
2026_07_29-13:53:15 [W] [manage-listenClient] 发送心跳
2026_07_29-13:53:20 [W] [manage-listenClient] 发送心跳
2026_07_29-13:53:25 [W] [manage-listenClient] 发送心跳
2026_07_29-13:53:30 [W] [manage-listenClient] 发送心跳
2026_07_29-13:53:35 [W] [manage-listenClient] 发送心跳
2026_07_29-13:53:40 [W] [manage-listenClient] 发送心跳
2026_07_29-13:53:45 [W] [manage-listenClient] 发送心跳
2026_07_29-13:53:50 [W] [manage-listenClient] 发送心跳
2026_07_29-13:53:55 [W] [manage-listenClient] 发送心跳
2026_07_29-13:54:00 [W] [manage-listenClient] 发送心跳
2026_07_29-13:54:05 [W] [manage-listenClient] 发送心跳
2026_07_29-13:54:10 [W] [manage-listenClient] 发送心跳
2026_07_29-13:54:15 [W] [manage-listenClient] 发送心跳
2026_07_29-13:54:20 [W] [manage-listenClient] 发送心跳
2026_07_29-13:54:25 [W] [manage-listenClient] 发送心跳
2026_07_29-13:54:30 [W] [manage-listenClient] 发送心跳
2026_07_29-13:54:35 [W] [manage-listenClient] 发送心跳
2026_07_29-13:54:40 [W] [manage-listenClient] 发送心跳
2026_07_29-13:54:45 [W] [manage-listenClient] 发送心跳
2026_07_29-13:54:50 [W] [manage-listenClient] 发送心跳
2026_07_29-13:54:55 [W] [manage-listenClient] 发送心跳
2026_07_29-13:55:00 [W] [manage-listenClient] 发送心跳
2026_07_29-13:55:05 [W] [manage-listenClient] 发送心跳
2026_07_29-13:55:10 [W] [manage-listenClient] 发送心跳
2026_07_29-13:55:15 [W] [manage-listenClient] 发送心跳
2026_07_29-13:55:20 [W] [manage-listenClient] 发送心跳
2026_07_29-13:55:25 [W] [manage-listenClient] 发送心跳
2026_07_29-13:55:30 [W] [manage-listenClient] 发送心跳
2026_07_29-13:55:35 [W] [manage-listenClient] 发送心跳
2026_07_29-13:55:40 [W] [manage-listenClient] 发送心跳
2026_07_29-13:55:45 [W] [manage-listenClient] 发送心跳
2026_07_29-13:55:46 [D] [client] disconnect from 192.168.10.1:8090
2026_07_29-13:55:46 [I] [client] socket close = 3
2026_07_29-13:55:46 [W] [manage-listenClient] 断联：开始释放资源
2026_07_29-13:55:46 [W] [manage-listenClient] ClientQue.front()->getClientID() = 14,CurClientID.load() = 13
2026_07_29-13:55:46 [I] [client] socket connect = 1 kConnecting = 0 kConnected = 1 kDisconnecting = 2 kDisconnected = 3
2026_07_29-13:55:46 [W] [manage-CreateClient] 需要创建client Index = 16
2026_07_29-13:55:46 [D] [<UNNAME>] Connection::kConnected
2026_07_29-13:55:47 [W] [analysis] RxFlg.store(1)---serial_number = 1695 check_sn = 1695
2026_07_29-13:55:47 [W] [analysis] cv通知下发---serial_number = 1695 check_sn = 1695
2026_07_29-13:55:47 [D] [manage-listenClient] 已经授权成功，重复验证授权码
2026_07_29-13:55:47 [D] [manage-listenClient] Random: bxMjTE..., VIN: HTWW312510A000123
2026_07_29-13:55:47 [I] [manage-listenClient] License verified successfully for VIN: HTWW312510A000123
2026_07_29-13:55:47 [D] [manage-listenClient] License valid until: 2026-10-15 10:12:20
2026_07_29-13:55:47 [I] [manage-listenClient] License verified successfully for expiry: 1A0A0F0A0C14
2026_07_29-13:55:50 [W] [manage-listenClient] 发送心跳
2026_07_29-13:55:55 [W] [manage-listenClient] 发送心跳
2026_07_29-13:56:00 [W] [manage-listenClient] 发送心跳
2026_07_29-13:56:05 [W] [manage-listenClient] 发送心跳
2026_07_29-13:56:10 [W] [manage-listenClient] 发送心跳
2026_07_29-13:56:15 [W] [manage-listenClient] 发送心跳
2026_07_29-13:56:20 [W] [manage-listenClient] 发送心跳
2026_07_29-13:56:25 [W] [manage-listenClient] 发送心跳
2026_07_29-13:56:30 [W] [manage-listenClient] 发送心跳
2026_07_29-13:56:35 [W] [manage-listenClient] 发送心跳
2026_07_29-13:56:40 [W] [manage-listenClient] 发送心跳
2026_07_29-13:56:45 [W] [manage-listenClient] 发送心跳
2026_07_29-13:56:50 [W] [manage-listenClient] 发送心跳
2026_07_29-13:56:55 [W] [manage-listenClient] 发送心跳
2026_07_29-13:57:00 [W] [manage-listenClient] 发送心跳
2026_07_29-13:57:05 [W] [manage-listenClient] 发送心跳
2026_07_29-13:57:10 [W] [manage-listenClient] 发送心跳
2026_07_29-13:57:15 [W] [manage-listenClient] 发送心跳
2026_07_29-13:57:20 [W] [manage-listenClient] 发送心跳
2026_07_29-13:57:25 [W] [manage-listenClient] 发送心跳
2026_07_29-13:57:30 [W] [manage-listenClient] 发送心跳
2026_07_29-13:57:35 [W] [manage-listenClient] 发送心跳
2026_07_29-13:57:40 [W] [manage-listenClient] 发送心跳
2026_07_29-13:57:45 [W] [manage-listenClient] 发送心跳
2026_07_29-13:57:50 [W] [manage-listenClient] 发送心跳
2026_07_29-13:57:55 [W] [manage-listenClient] 发送心跳
2026_07_29-13:58:00 [W] [manage-listenClient] 发送心跳
2026_07_29-13:58:05 [W] [manage-listenClient] 发送心跳
2026_07_29-13:58:10 [W] [manage-listenClient] 发送心跳
2026_07_29-13:58:15 [W] [manage-listenClient] 发送心跳
2026_07_29-13:58:20 [W] [manage-listenClient] 发送心跳
2026_07_29-13:58:25 [W] [manage-listenClient] 发送心跳
2026_07_29-13:58:30 [W] [manage-listenClient] 发送心跳
2026_07_29-13:58:35 [W] [manage-listenClient] 发送心跳
2026_07_29-13:58:40 [W] [manage-listenClient] 发送心跳
2026_07_29-13:58:45 [W] [manage-listenClient] 发送心跳
2026_07_29-13:58:50 [W] [manage-listenClient] 发送心跳
2026_07_29-13:58:55 [W] [manage-listenClient] 发送心跳
2026_07_29-13:59:00 [W] [manage-listenClient] 发送心跳
2026_07_29-13:59:05 [W] [manage-listenClient] 发送心跳
2026_07_29-13:59:10 [W] [manage-listenClient] 发送心跳
2026_07_29-13:59:15 [W] [manage-listenClient] 发送心跳
2026_07_29-13:59:20 [W] [manage-listenClient] 发送心跳
2026_07_29-13:59:25 [W] [manage-listenClient] 发送心跳
2026_07_29-13:59:30 [W] [manage-listenClient] 发送心跳
2026_07_29-13:59:35 [W] [manage-listenClient] 发送心跳
2026_07_29-13:59:41 [W] [manage-listenClient] 发送心跳
2026_07_29-13:59:46 [W] [manage-listenClient] 发送心跳
2026_07_29-13:59:51 [W] [manage-listenClient] 发送心跳
2026_07_29-13:59:56 [W] [manage-listenClient] 发送心跳
2026_07_29-14:00:01 [W] [manage-listenClient] 发送心跳
2026_07_29-14:00:06 [W] [manage-listenClient] 发送心跳
2026_07_29-14:00:11 [W] [manage-listenClient] 发送心跳
2026_07_29-14:00:16 [W] [manage-listenClient] 发送心跳
2026_07_29-14:00:21 [W] [manage-listenClient] 发送心跳
2026_07_29-14:00:26 [W] [manage-listenClient] 发送心跳
2026_07_29-14:00:31 [W] [manage-listenClient] 发送心跳
2026_07_29-14:00:36 [W] [manage-listenClient] 发送心跳
2026_07_29-14:00:41 [W] [manage-listenClient] 发送心跳
2026_07_29-14:00:46 [W] [manage-listenClient] 发送心跳
2026_07_29-14:00:51 [W] [manage-listenClient] 发送心跳
2026_07_29-14:00:56 [W] [manage-listenClient] 发送心跳
2026_07_29-14:01:01 [W] [manage-listenClient] 发送心跳
2026_07_29-14:01:06 [W] [manage-listenClient] 发送心跳
2026_07_29-14:01:11 [W] [manage-listenClient] 发送心跳
2026_07_29-14:01:16 [W] [manage-listenClient] 发送心跳
2026_07_29-14:01:21 [W] [manage-listenClient] 发送心跳
2026_07_29-14:01:26 [W] [manage-listenClient] 发送心跳
2026_07_29-14:01:31 [W] [manage-listenClient] 发送心跳
2026_07_29-14:01:36 [W] [manage-listenClient] 发送心跳
2026_07_29-14:01:41 [W] [manage-listenClient] 发送心跳
2026_07_29-14:01:46 [W] [manage-listenClient] 发送心跳
2026_07_29-14:01:51 [W] [manage-listenClient] 发送心跳
2026_07_29-14:01:56 [W] [manage-listenClient] 发送心跳
2026_07_29-14:02:01 [W] [manage-listenClient] 发送心跳
2026_07_29-14:02:06 [W] [manage-listenClient] 发送心跳
2026_07_29-14:02:11 [W] [manage-listenClient] 发送心跳
2026_07_29-14:02:16 [W] [manage-listenClient] 发送心跳
2026_07_29-14:02:21 [W] [manage-listenClient] 发送心跳
2026_07_29-14:02:26 [W] [manage-listenClient] 发送心跳
2026_07_29-14:02:31 [W] [manage-listenClient] 发送心跳
2026_07_29-14:02:36 [W] [manage-listenClient] 发送心跳
2026_07_29-14:02:41 [W] [manage-listenClient] 发送心跳
2026_07_29-14:02:46 [W] [manage-listenClient] 发送心跳
2026_07_29-14:02:51 [W] [manage-listenClient] 发送心跳
2026_07_29-14:02:56 [W] [manage-listenClient] 发送心跳
2026_07_29-14:03:01 [W] [manage-listenClient] 发送心跳
2026_07_29-14:03:06 [W] [manage-listenClient] 发送心跳
2026_07_29-14:03:11 [W] [manage-listenClient] 发送心跳
2026_07_29-14:03:16 [W] [manage-listenClient] 发送心跳
2026_07_29-14:03:21 [W] [manage-listenClient] 发送心跳
2026_07_29-14:03:26 [W] [manage-listenClient] 发送心跳
2026_07_29-14:03:31 [W] [manage-listenClient] 发送心跳
2026_07_29-14:03:36 [W] [manage-listenClient] 发送心跳
2026_07_29-14:03:41 [W] [manage-listenClient] 发送心跳
2026_07_29-14:03:46 [W] [manage-listenClient] 发送心跳
2026_07_29-14:03:51 [W] [manage-listenClient] 发送心跳
2026_07_29-14:03:56 [W] [manage-listenClient] 发送心跳
2026_07_29-14:04:01 [W] [manage-listenClient] 发送心跳
2026_07_29-14:04:06 [W] [manage-listenClient] 发送心跳
2026_07_29-14:04:11 [W] [manage-listenClient] 发送心跳
2026_07_29-14:04:16 [W] [manage-listenClient] 发送心跳
2026_07_29-14:04:21 [W] [manage-listenClient] 发送心跳
2026_07_29-14:04:26 [W] [manage-listenClient] 发送心跳
2026_07_29-14:04:31 [W] [manage-listenClient] 发送心跳
2026_07_29-14:04:36 [W] [manage-listenClient] 发送心跳
2026_07_29-14:04:41 [W] [manage-listenClient] 发送心跳
2026_07_29-14:04:46 [W] [manage-listenClient] 发送心跳
2026_07_29-14:04:51 [W] [manage-listenClient] 发送心跳
2026_07_29-14:04:56 [W] [manage-listenClient] 发送心跳
2026_07_29-14:05:01 [W] [manage-listenClient] 发送心跳
2026_07_29-14:05:06 [W] [manage-listenClient] 发送心跳
2026_07_29-14:05:11 [W] [manage-listenClient] 发送心跳
2026_07_29-14:05:16 [W] [manage-listenClient] 发送心跳
2026_07_29-14:05:21 [W] [manage-listenClient] 发送心跳
2026_07_29-14:05:26 [W] [manage-listenClient] 发送心跳
2026_07_29-14:05:31 [W] [manage-listenClient] 发送心跳
2026_07_29-14:05:36 [W] [manage-listenClient] 发送心跳
2026_07_29-14:05:41 [W] [manage-listenClient] 发送心跳
2026_07_29-14:05:46 [W] [manage-listenClient] 发送心跳
2026_07_29-14:05:47 [D] [client] disconnect from 192.168.10.1:8090
2026_07_29-14:05:47 [I] [client] socket close = 3
2026_07_29-14:05:47 [W] [manage-listenClient] 断联：开始释放资源
2026_07_29-14:05:47 [W] [manage-listenClient] ClientQue.front()->getClientID() = 15,CurClientID.load() = 14
2026_07_29-14:05:47 [I] [client] socket connect = 1 kConnecting = 0 kConnected = 1 kDisconnecting = 2 kDisconnected = 3
2026_07_29-14:05:47 [W] [manage-CreateClient] 需要创建client Index = 17
2026_07_29-14:05:47 [D] [<UNNAME>] Connection::kConnected
2026_07_29-14:05:47 [W] [analysis] RxFlg.store(1)---serial_number = 1816 check_sn = 1816
2026_07_29-14:05:47 [W] [analysis] cv通知下发---serial_number = 1816 check_sn = 1816
2026_07_29-14:05:47 [D] [manage-listenClient] 已经授权成功，重复验证授权码
2026_07_29-14:05:47 [D] [manage-listenClient] Random: bxMjTE..., VIN: HTWW312510A000123
2026_07_29-14:05:47 [I] [manage-listenClient] License verified successfully for VIN: HTWW312510A000123
2026_07_29-14:05:47 [D] [manage-listenClient] License valid until: 2026-10-15 10:12:20
2026_07_29-14:05:47 [I] [manage-listenClient] License verified successfully for expiry: 1A0A0F0A0C14
2026_07_29-14:05:52 [W] [manage-listenClient] 发送心跳
2026_07_29-14:05:57 [W] [manage-listenClient] 发送心跳
2026_07_29-14:06:02 [W] [manage-listenClient] 发送心跳
2026_07_29-14:06:03 [D] [<UNNAME>] Connection::kConnected
2026_07_29-14:06:03 [W] [analysis] RxFlg.store(1)---serial_number = 1820 check_sn = 1820
2026_07_29-14:06:03 [W] [analysis] cv通知下发---serial_number = 1820 check_sn = 1820
2026_07_29-14:06:03 [D] [<UNNAME>] linear_speed=0.000000, angular_speed=0.000000, iscanmove=0
2026_07_29-14:06:03 [D] [<UNNAME>] Connection::kConnected
2026_07_29-14:06:03 [W] [analysis] RxFlg.store(1)---serial_number = 1821 check_sn = 1821
2026_07_29-14:06:03 [W] [analysis] cv通知下发---serial_number = 1821 check_sn = 1821
2026_07_29-14:06:03 [D] [<UNNAME>] brake_ctrl=0
