2026_07_31-11:13:54 [D] [<UNNAME>] start init ...
2026_07_31-11:13:54 [D] [<UNNAME>] gmrL3NIiUe7mk2Gv/LbZv6yPs4w+JnpQgKIKDn8/FR/nYMKfKnR93t2jd9VY4qaRhwq9bJUmJ9BN4RYuKnOxUfY=
2026_07_31-11:13:54 [I] [client] socket connect = 1 kConnecting = 0 kConnected = 1 kDisconnecting = 2 kDisconnected = 3
2026_07_31-11:13:54 [W] [manage-CreateClient] 需要创建client Index = 1
2026_07_31-11:13:54 [D] [<UNNAME>] Connection::kConnected
2026_07_31-11:13:55 [W] [analysis] RxFlg.store(1)---serial_number = 0 check_sn = 0
2026_07_31-11:13:55 [W] [analysis] cv通知下发---serial_number = 0 check_sn = 0
2026_07_31-11:13:55 [E] [analysis] [auth=0]:未授权
2026_07_31-11:13:55 [D] [manage-listenClient] 还未授权成功，请求中
2026_07_31-11:13:55 [D] [<UNNAME>] Connection::kConnected
2026_07_31-11:13:55 [W] [manage-CreateClient] 需要创建client Index = 2
2026_07_31-11:13:55 [W] [analysis] RxFlg.store(1)---serial_number = 1 check_sn = 1
2026_07_31-11:13:55 [W] [analysis] cv通知下发---serial_number = 1 check_sn = 1
2026_07_31-11:13:55 [D] [manage-listenClient] Random: bxMjTE..., VIN: HTWW312510A000123
2026_07_31-11:13:55 [I] [manage-listenClient] License verified successfully for VIN: HTWW312510A000123
2026_07_31-11:13:55 [D] [manage-listenClient] License valid until: 2026-10-15 10:12:20
2026_07_31-11:13:55 [I] [manage-listenClient] License verified successfully for expiry: 1A0A0F0A0C14
2026_07_31-11:13:55 [D] [<UNNAME>] Connection::kConnected
2026_07_31-11:13:55 [W] [analysis] RxFlg.store(1)---serial_number = 2 check_sn = 2
2026_07_31-11:13:55 [W] [analysis] cv通知下发---serial_number = 2 check_sn = 2
2026_07_31-11:13:55 [D] [<UNNAME>] brake_ctrl=1
2026_07_31-11:13:59 [W] [manage-listenClient] 发送心跳
2026_07_31-11:14:04 [W] [manage-listenClient] 发送心跳
2026_07_31-11:14:09 [W] [manage-listenClient] 发送心跳
2026_07_31-11:14:14 [W] [manage-listenClient] 发送心跳
2026_07_31-11:14:19 [W] [manage-listenClient] 发送心跳
2026_07_31-11:14:24 [W] [manage-listenClient] 发送心跳
2026_07_31-11:14:29 [W] [manage-listenClient] 发送心跳
2026_07_31-11:14:34 [W] [manage-listenClient] 发送心跳
2026_07_31-11:14:39 [W] [manage-listenClient] 发送心跳
2026_07_31-11:14:44 [W] [manage-listenClient] 发送心跳
2026_07_31-11:14:49 [W] [manage-listenClient] 发送心跳
2026_07_31-11:14:54 [W] [manage-listenClient] 发送心跳
2026_07_31-11:14:59 [W] [manage-listenClient] 发送心跳
2026_07_31-11:15:04 [W] [manage-listenClient] 发送心跳
2026_07_31-11:15:09 [W] [manage-listenClient] 发送心跳
2026_07_31-11:15:14 [W] [manage-listenClient] 发送心跳
2026_07_31-11:15:19 [W] [manage-listenClient] 发送心跳
2026_07_31-11:15:24 [W] [manage-listenClient] 发送心跳
2026_07_31-11:15:29 [W] [manage-listenClient] 发送心跳
2026_07_31-11:15:34 [W] [manage-listenClient] 发送心跳
2026_07_31-11:15:39 [W] [manage-listenClient] 发送心跳
2026_07_31-11:15:44 [W] [manage-listenClient] 发送心跳
2026_07_31-11:15:49 [W] [manage-listenClient] 发送心跳
2026_07_31-11:15:54 [W] [manage-listenClient] 发送心跳
2026_07_31-11:15:59 [W] [manage-listenClient] 发送心跳
2026_07_31-11:16:04 [W] [manage-listenClient] 发送心跳
2026_07_31-11:16:09 [W] [manage-listenClient] 发送心跳
2026_07_31-11:16:14 [W] [manage-listenClient] 发送心跳
2026_07_31-11:16:19 [W] [manage-listenClient] 发送心跳
2026_07_31-11:16:24 [W] [manage-listenClient] 发送心跳
2026_07_31-11:16:29 [W] [manage-listenClient] 发送心跳
2026_07_31-11:16:34 [W] [manage-listenClient] 发送心跳
2026_07_31-11:16:39 [W] [manage-listenClient] 发送心跳
2026_07_31-11:16:44 [W] [manage-listenClient] 发送心跳
2026_07_31-11:16:49 [W] [manage-listenClient] 发送心跳
2026_07_31-11:16:54 [W] [manage-listenClient] 发送心跳
2026_07_31-11:16:59 [W] [manage-listenClient] 发送心跳
2026_07_31-11:17:04 [W] [manage-listenClient] 发送心跳
2026_07_31-11:17:09 [W] [manage-listenClient] 发送心跳
2026_07_31-11:17:14 [W] [manage-listenClient] 发送心跳
2026_07_31-11:17:19 [W] [manage-listenClient] 发送心跳
2026_07_31-11:17:24 [W] [manage-listenClient] 发送心跳
2026_07_31-11:17:29 [W] [manage-listenClient] 发送心跳
2026_07_31-11:17:34 [W] [manage-listenClient] 发送心跳
2026_07_31-11:17:39 [W] [manage-listenClient] 发送心跳
2026_07_31-11:17:44 [W] [manage-listenClient] 发送心跳
2026_07_31-11:17:49 [W] [manage-listenClient] 发送心跳
2026_07_31-11:17:54 [W] [manage-listenClient] 发送心跳
2026_07_31-11:17:59 [W] [manage-listenClient] 发送心跳
2026_07_31-11:18:04 [W] [manage-listenClient] 发送心跳
2026_07_31-11:18:09 [W] [manage-listenClient] 发送心跳
2026_07_31-11:18:14 [W] [manage-listenClient] 发送心跳
2026_07_31-11:18:19 [W] [manage-listenClient] 发送心跳
2026_07_31-11:18:24 [W] [manage-listenClient] 发送心跳
2026_07_31-11:18:29 [W] [manage-listenClient] 发送心跳
2026_07_31-11:18:34 [W] [manage-listenClient] 发送心跳
2026_07_31-11:18:39 [W] [manage-listenClient] 发送心跳
2026_07_31-11:18:44 [W] [manage-listenClient] 发送心跳
2026_07_31-11:18:49 [W] [manage-listenClient] 发送心跳
2026_07_31-11:18:54 [W] [manage-listenClient] 发送心跳
2026_07_31-11:18:59 [W] [manage-listenClient] 发送心跳
2026_07_31-11:19:04 [W] [manage-listenClient] 发送心跳
2026_07_31-11:19:09 [W] [manage-listenClient] 发送心跳
2026_07_31-11:19:14 [W] [manage-listenClient] 发送心跳
2026_07_31-11:19:20 [W] [manage-listenClient] 发送心跳
2026_07_31-11:19:25 [W] [manage-listenClient] 发送心跳
2026_07_31-11:19:30 [W] [manage-listenClient] 发送心跳
2026_07_31-11:19:35 [W] [manage-listenClient] 发送心跳
2026_07_31-11:19:40 [W] [manage-listenClient] 发送心跳
2026_07_31-11:19:45 [W] [manage-listenClient] 发送心跳
2026_07_31-11:19:50 [W] [manage-listenClient] 发送心跳
2026_07_31-11:19:55 [W] [manage-listenClient] 发送心跳
2026_07_31-11:20:00 [W] [manage-listenClient] 发送心跳
2026_07_31-11:20:05 [W] [manage-listenClient] 发送心跳
2026_07_31-11:20:10 [W] [manage-listenClient] 发送心跳
2026_07_31-11:20:15 [W] [manage-listenClient] 发送心跳
2026_07_31-11:20:20 [W] [manage-listenClient] 发送心跳
2026_07_31-11:20:25 [W] [manage-listenClient] 发送心跳
2026_07_31-11:20:30 [W] [manage-listenClient] 发送心跳
2026_07_31-11:20:35 [W] [manage-listenClient] 发送心跳
2026_07_31-11:20:40 [W] [manage-listenClient] 发送心跳
2026_07_31-11:20:45 [W] [manage-listenClient] 发送心跳
2026_07_31-11:20:50 [W] [manage-listenClient] 发送心跳
2026_07_31-11:20:55 [W] [manage-listenClient] 发送心跳
2026_07_31-11:21:00 [W] [manage-listenClient] 发送心跳
2026_07_31-11:21:05 [W] [manage-listenClient] 发送心跳
2026_07_31-11:21:10 [W] [manage-listenClient] 发送心跳
2026_07_31-11:21:15 [W] [manage-listenClient] 发送心跳
2026_07_31-11:21:20 [W] [manage-listenClient] 发送心跳
2026_07_31-11:21:25 [W] [manage-listenClient] 发送心跳
2026_07_31-11:21:30 [W] [manage-listenClient] 发送心跳
2026_07_31-11:21:35 [W] [manage-listenClient] 发送心跳
2026_07_31-11:21:40 [W] [manage-listenClient] 发送心跳
2026_07_31-11:21:45 [W] [manage-listenClient] 发送心跳
2026_07_31-11:21:50 [W] [manage-listenClient] 发送心跳
2026_07_31-11:21:55 [W] [manage-listenClient] 发送心跳
2026_07_31-11:22:00 [W] [manage-listenClient] 发送心跳
2026_07_31-11:22:05 [W] [manage-listenClient] 发送心跳
2026_07_31-11:22:10 [W] [manage-listenClient] 发送心跳
2026_07_31-11:22:15 [W] [manage-listenClient] 发送心跳
2026_07_31-11:22:20 [W] [manage-listenClient] 发送心跳
2026_07_31-11:22:25 [W] [manage-listenClient] 发送心跳
2026_07_31-11:22:30 [W] [manage-listenClient] 发送心跳
2026_07_31-11:22:35 [W] [manage-listenClient] 发送心跳
2026_07_31-11:22:40 [W] [manage-listenClient] 发送心跳
2026_07_31-11:22:45 [W] [manage-listenClient] 发送心跳
2026_07_31-11:22:50 [W] [manage-listenClient] 发送心跳
2026_07_31-11:22:55 [W] [manage-listenClient] 发送心跳
2026_07_31-11:23:00 [W] [manage-listenClient] 发送心跳
2026_07_31-11:23:05 [W] [manage-listenClient] 发送心跳
2026_07_31-11:23:10 [W] [manage-listenClient] 发送心跳
2026_07_31-11:23:15 [W] [manage-listenClient] 发送心跳
2026_07_31-11:23:20 [W] [manage-listenClient] 发送心跳
2026_07_31-11:23:25 [W] [manage-listenClient] 发送心跳
2026_07_31-11:23:30 [W] [manage-listenClient] 发送心跳
2026_07_31-11:23:35 [W] [manage-listenClient] 发送心跳
2026_07_31-11:23:40 [W] [manage-listenClient] 发送心跳
2026_07_31-11:23:45 [W] [manage-listenClient] 发送心跳
2026_07_31-11:23:50 [W] [manage-listenClient] 发送心跳
2026_07_31-11:23:55 [W] [manage-listenClient] 发送心跳
2026_07_31-11:23:55 [D] [client] disconnect from 192.168.10.1:8090
2026_07_31-11:23:55 [I] [client] socket close = 3
2026_07_31-11:23:55 [W] [manage-listenClient] 断联：开始释放资源
2026_07_31-11:23:55 [W] [manage-listenClient] ClientQue.front()->getClientID() = 1,CurClientID.load() = 0
2026_07_31-11:23:55 [I] [client] socket connect = 1 kConnecting = 0 kConnected = 1 kDisconnecting = 2 kDisconnected = 3
2026_07_31-11:23:56 [W] [manage-CreateClient] 需要创建client Index = 3
2026_07_31-11:23:56 [D] [<UNNAME>] Connection::kConnected
2026_07_31-11:23:56 [W] [analysis] RxFlg.store(1)---serial_number = 123 check_sn = 123
2026_07_31-11:23:56 [W] [analysis] cv通知下发---serial_number = 123 check_sn = 123
2026_07_31-11:23:56 [D] [manage-listenClient] 已经授权成功，重复验证授权码
2026_07_31-11:23:56 [D] [manage-listenClient] Random: bxMjTE..., VIN: HTWW312510A000123
2026_07_31-11:23:56 [I] [manage-listenClient] License verified successfully for VIN: HTWW312510A000123
2026_07_31-11:23:56 [D] [manage-listenClient] License valid until: 2026-10-15 10:12:20
2026_07_31-11:23:56 [I] [manage-listenClient] License verified successfully for expiry: 1A0A0F0A0C14
2026_07_31-11:24:00 [W] [manage-listenClient] 发送心跳
2026_07_31-11:24:05 [W] [manage-listenClient] 发送心跳
2026_07_31-11:24:10 [W] [manage-listenClient] 发送心跳
2026_07_31-11:24:15 [W] [manage-listenClient] 发送心跳
2026_07_31-11:24:20 [W] [manage-listenClient] 发送心跳
2026_07_31-11:24:25 [W] [manage-listenClient] 发送心跳
2026_07_31-11:24:30 [W] [manage-listenClient] 发送心跳
2026_07_31-11:24:35 [W] [manage-listenClient] 发送心跳
2026_07_31-11:24:40 [W] [manage-listenClient] 发送心跳
2026_07_31-11:24:45 [W] [manage-listenClient] 发送心跳
2026_07_31-11:24:50 [W] [manage-listenClient] 发送心跳
2026_07_31-11:24:55 [W] [manage-listenClient] 发送心跳
2026_07_31-11:25:00 [W] [manage-listenClient] 发送心跳
2026_07_31-11:25:05 [W] [manage-listenClient] 发送心跳
2026_07_31-11:25:09 [W] [manage-listenClient] 发送心跳
2026_07_31-11:25:14 [W] [manage-listenClient] 发送心跳
2026_07_31-11:25:19 [W] [manage-listenClient] 发送心跳
2026_07_31-11:25:24 [W] [manage-listenClient] 发送心跳
2026_07_31-11:25:29 [W] [manage-listenClient] 发送心跳
2026_07_31-11:25:34 [W] [manage-listenClient] 发送心跳
2026_07_31-11:25:39 [W] [manage-listenClient] 发送心跳
2026_07_31-11:25:44 [W] [manage-listenClient] 发送心跳
2026_07_31-11:25:49 [W] [manage-listenClient] 发送心跳
2026_07_31-11:25:54 [W] [manage-listenClient] 发送心跳
2026_07_31-11:25:59 [W] [manage-listenClient] 发送心跳
2026_07_31-11:26:04 [W] [manage-listenClient] 发送心跳
2026_07_31-11:26:09 [W] [manage-listenClient] 发送心跳
2026_07_31-11:26:14 [W] [manage-listenClient] 发送心跳
2026_07_31-11:26:19 [W] [manage-listenClient] 发送心跳
2026_07_31-11:26:24 [W] [manage-listenClient] 发送心跳
2026_07_31-11:26:29 [W] [manage-listenClient] 发送心跳
2026_07_31-11:26:34 [W] [manage-listenClient] 发送心跳
2026_07_31-11:26:39 [W] [manage-listenClient] 发送心跳
2026_07_31-11:26:44 [W] [manage-listenClient] 发送心跳
2026_07_31-11:26:49 [W] [manage-listenClient] 发送心跳
2026_07_31-11:26:54 [W] [manage-listenClient] 发送心跳
2026_07_31-11:26:59 [W] [manage-listenClient] 发送心跳
2026_07_31-11:27:04 [W] [manage-listenClient] 发送心跳
2026_07_31-11:27:09 [W] [manage-listenClient] 发送心跳
2026_07_31-11:27:14 [W] [manage-listenClient] 发送心跳
2026_07_31-11:27:19 [W] [manage-listenClient] 发送心跳
2026_07_31-11:27:24 [W] [manage-listenClient] 发送心跳
2026_07_31-11:27:29 [W] [manage-listenClient] 发送心跳
2026_07_31-11:27:34 [W] [manage-listenClient] 发送心跳
2026_07_31-11:27:39 [W] [manage-listenClient] 发送心跳
2026_07_31-11:27:44 [W] [manage-listenClient] 发送心跳
2026_07_31-11:27:49 [W] [manage-listenClient] 发送心跳
2026_07_31-11:27:54 [W] [manage-listenClient] 发送心跳
2026_07_31-11:27:59 [W] [manage-listenClient] 发送心跳
2026_07_31-11:28:04 [W] [manage-listenClient] 发送心跳
2026_07_31-11:28:09 [W] [manage-listenClient] 发送心跳
2026_07_31-11:28:14 [W] [manage-listenClient] 发送心跳
2026_07_31-11:28:19 [W] [manage-listenClient] 发送心跳
2026_07_31-11:28:24 [W] [manage-listenClient] 发送心跳
2026_07_31-11:28:29 [W] [manage-listenClient] 发送心跳
2026_07_31-11:28:34 [W] [manage-listenClient] 发送心跳
2026_07_31-11:28:39 [W] [manage-listenClient] 发送心跳
2026_07_31-11:28:44 [W] [manage-listenClient] 发送心跳
2026_07_31-11:28:49 [W] [manage-listenClient] 发送心跳
2026_07_31-11:28:54 [W] [manage-listenClient] 发送心跳
2026_07_31-11:28:59 [W] [manage-listenClient] 发送心跳
2026_07_31-11:29:04 [W] [manage-listenClient] 发送心跳
2026_07_31-11:29:09 [W] [manage-listenClient] 发送心跳
2026_07_31-11:29:14 [W] [manage-listenClient] 发送心跳
2026_07_31-11:29:19 [W] [manage-listenClient] 发送心跳
2026_07_31-11:29:24 [W] [manage-listenClient] 发送心跳
2026_07_31-11:29:29 [W] [manage-listenClient] 发送心跳
2026_07_31-11:29:34 [W] [manage-listenClient] 发送心跳
2026_07_31-11:29:39 [W] [manage-listenClient] 发送心跳
2026_07_31-11:29:44 [W] [manage-listenClient] 发送心跳
2026_07_31-11:29:49 [W] [manage-listenClient] 发送心跳
2026_07_31-11:29:54 [W] [manage-listenClient] 发送心跳
2026_07_31-11:29:59 [W] [manage-listenClient] 发送心跳
2026_07_31-11:30:04 [W] [manage-listenClient] 发送心跳
2026_07_31-11:30:09 [W] [manage-listenClient] 发送心跳
2026_07_31-11:30:14 [W] [manage-listenClient] 发送心跳
2026_07_31-11:30:19 [W] [manage-listenClient] 发送心跳
2026_07_31-11:30:24 [W] [manage-listenClient] 发送心跳
2026_07_31-11:30:29 [W] [manage-listenClient] 发送心跳
2026_07_31-11:30:34 [W] [manage-listenClient] 发送心跳
2026_07_31-11:30:39 [W] [manage-listenClient] 发送心跳
2026_07_31-11:30:44 [W] [manage-listenClient] 发送心跳
2026_07_31-11:30:49 [W] [manage-listenClient] 发送心跳
2026_07_31-11:30:54 [W] [manage-listenClient] 发送心跳
2026_07_31-11:30:59 [W] [manage-listenClient] 发送心跳
2026_07_31-11:31:04 [W] [manage-listenClient] 发送心跳
2026_07_31-11:31:09 [W] [manage-listenClient] 发送心跳
2026_07_31-11:31:14 [W] [manage-listenClient] 发送心跳
2026_07_31-11:31:19 [W] [manage-listenClient] 发送心跳
2026_07_31-11:31:24 [W] [manage-listenClient] 发送心跳
2026_07_31-11:31:29 [W] [manage-listenClient] 发送心跳
2026_07_31-11:31:34 [W] [manage-listenClient] 发送心跳
2026_07_31-11:31:39 [W] [manage-listenClient] 发送心跳
2026_07_31-11:31:44 [W] [manage-listenClient] 发送心跳
2026_07_31-11:31:49 [W] [manage-listenClient] 发送心跳
2026_07_31-11:31:54 [W] [manage-listenClient] 发送心跳
2026_07_31-11:31:59 [W] [manage-listenClient] 发送心跳
2026_07_31-11:32:04 [W] [manage-listenClient] 发送心跳
2026_07_31-11:32:09 [W] [manage-listenClient] 发送心跳
2026_07_31-11:32:14 [W] [manage-listenClient] 发送心跳
2026_07_31-11:32:19 [W] [manage-listenClient] 发送心跳
2026_07_31-11:32:24 [W] [manage-listenClient] 发送心跳
2026_07_31-11:32:29 [W] [manage-listenClient] 发送心跳
2026_07_31-11:32:34 [W] [manage-listenClient] 发送心跳
2026_07_31-11:32:39 [W] [manage-listenClient] 发送心跳
2026_07_31-11:32:44 [W] [manage-listenClient] 发送心跳
2026_07_31-11:32:49 [W] [manage-listenClient] 发送心跳
2026_07_31-11:32:54 [W] [manage-listenClient] 发送心跳
2026_07_31-11:32:59 [W] [manage-listenClient] 发送心跳
2026_07_31-11:33:04 [W] [manage-listenClient] 发送心跳
2026_07_31-11:33:09 [W] [manage-listenClient] 发送心跳
2026_07_31-11:33:14 [W] [manage-listenClient] 发送心跳
2026_07_31-11:33:19 [W] [manage-listenClient] 发送心跳
2026_07_31-11:33:24 [W] [manage-listenClient] 发送心跳
2026_07_31-11:33:30 [W] [manage-listenClient] 发送心跳
2026_07_31-11:33:35 [W] [manage-listenClient] 发送心跳
2026_07_31-11:33:40 [W] [manage-listenClient] 发送心跳
2026_07_31-11:33:45 [W] [manage-listenClient] 发送心跳
2026_07_31-11:33:50 [W] [manage-listenClient] 发送心跳
2026_07_31-11:33:55 [W] [manage-listenClient] 发送心跳
2026_07_31-11:33:56 [D] [client] disconnect from 192.168.10.1:8090
2026_07_31-11:33:56 [I] [client] socket close = 3
2026_07_31-11:33:56 [W] [manage-listenClient] 断联：开始释放资源
2026_07_31-11:33:56 [W] [manage-listenClient] ClientQue.front()->getClientID() = 2,CurClientID.load() = 1
2026_07_31-11:33:56 [I] [client] socket connect = 1 kConnecting = 0 kConnected = 1 kDisconnecting = 2 kDisconnected = 3
2026_07_31-11:33:56 [W] [manage-CreateClient] 需要创建client Index = 4
2026_07_31-11:33:56 [D] [<UNNAME>] Connection::kConnected
2026_07_31-11:33:56 [W] [analysis] RxFlg.store(1)---serial_number = 244 check_sn = 244
2026_07_31-11:33:56 [W] [analysis] cv通知下发---serial_number = 244 check_sn = 244
2026_07_31-11:33:56 [D] [manage-listenClient] 已经授权成功，重复验证授权码
2026_07_31-11:33:56 [D] [manage-listenClient] Random: bxMjTE..., VIN: HTWW312510A000123
2026_07_31-11:33:56 [I] [manage-listenClient] License verified successfully for VIN: HTWW312510A000123
2026_07_31-11:33:56 [D] [manage-listenClient] License valid until: 2026-10-15 10:12:20
2026_07_31-11:33:56 [I] [manage-listenClient] License verified successfully for expiry: 1A0A0F0A0C14
2026_07_31-11:34:00 [W] [manage-listenClient] 发送心跳
2026_07_31-11:34:05 [W] [manage-listenClient] 发送心跳
2026_07_31-11:34:10 [W] [manage-listenClient] 发送心跳
2026_07_31-11:34:15 [W] [manage-listenClient] 发送心跳
2026_07_31-11:34:20 [W] [manage-listenClient] 发送心跳
2026_07_31-11:34:25 [W] [manage-listenClient] 发送心跳
2026_07_31-11:34:30 [W] [manage-listenClient] 发送心跳
2026_07_31-11:34:35 [W] [manage-listenClient] 发送心跳
2026_07_31-11:34:40 [W] [manage-listenClient] 发送心跳
2026_07_31-11:34:45 [W] [manage-listenClient] 发送心跳
2026_07_31-11:34:50 [W] [manage-listenClient] 发送心跳
2026_07_31-11:34:55 [W] [manage-listenClient] 发送心跳
2026_07_31-11:35:00 [W] [manage-listenClient] 发送心跳
2026_07_31-11:35:05 [W] [manage-listenClient] 发送心跳
2026_07_31-11:35:10 [W] [manage-listenClient] 发送心跳
2026_07_31-11:35:15 [W] [manage-listenClient] 发送心跳
2026_07_31-11:35:20 [W] [manage-listenClient] 发送心跳
2026_07_31-11:35:25 [W] [manage-listenClient] 发送心跳
2026_07_31-11:35:30 [W] [manage-listenClient] 发送心跳
2026_07_31-11:35:35 [W] [manage-listenClient] 发送心跳
2026_07_31-11:35:40 [W] [manage-listenClient] 发送心跳
2026_07_31-11:35:45 [W] [manage-listenClient] 发送心跳
2026_07_31-11:35:50 [W] [manage-listenClient] 发送心跳
2026_07_31-11:35:55 [W] [manage-listenClient] 发送心跳
2026_07_31-11:36:00 [W] [manage-listenClient] 发送心跳
2026_07_31-11:36:05 [W] [manage-listenClient] 发送心跳
2026_07_31-11:36:10 [W] [manage-listenClient] 发送心跳
2026_07_31-11:36:15 [W] [manage-listenClient] 发送心跳
2026_07_31-11:36:20 [W] [manage-listenClient] 发送心跳
2026_07_31-11:36:25 [W] [manage-listenClient] 发送心跳
2026_07_31-11:36:30 [W] [manage-listenClient] 发送心跳
2026_07_31-11:36:35 [W] [manage-listenClient] 发送心跳
2026_07_31-11:36:40 [W] [manage-listenClient] 发送心跳
2026_07_31-11:36:45 [W] [manage-listenClient] 发送心跳
2026_07_31-11:36:50 [W] [manage-listenClient] 发送心跳
2026_07_31-11:36:55 [W] [manage-listenClient] 发送心跳
2026_07_31-11:37:00 [W] [manage-listenClient] 发送心跳
2026_07_31-11:37:05 [W] [manage-listenClient] 发送心跳
2026_07_31-11:37:10 [W] [manage-listenClient] 发送心跳
2026_07_31-11:37:15 [W] [manage-listenClient] 发送心跳
2026_07_31-11:37:20 [W] [manage-listenClient] 发送心跳
2026_07_31-11:37:25 [W] [manage-listenClient] 发送心跳
2026_07_31-11:37:30 [W] [manage-listenClient] 发送心跳
2026_07_31-11:37:35 [W] [manage-listenClient] 发送心跳
2026_07_31-11:37:40 [W] [manage-listenClient] 发送心跳
2026_07_31-11:37:45 [W] [manage-listenClient] 发送心跳
2026_07_31-11:37:50 [W] [manage-listenClient] 发送心跳
2026_07_31-11:37:55 [W] [manage-listenClient] 发送心跳
2026_07_31-11:38:00 [W] [manage-listenClient] 发送心跳
2026_07_31-11:38:05 [W] [manage-listenClient] 发送心跳
2026_07_31-11:38:10 [W] [manage-listenClient] 发送心跳
2026_07_31-11:38:15 [W] [manage-listenClient] 发送心跳
2026_07_31-11:38:20 [W] [manage-listenClient] 发送心跳
2026_07_31-11:38:25 [W] [manage-listenClient] 发送心跳
2026_07_31-11:38:30 [W] [manage-listenClient] 发送心跳
2026_07_31-11:38:35 [W] [manage-listenClient] 发送心跳
2026_07_31-11:38:40 [W] [manage-listenClient] 发送心跳
2026_07_31-11:38:45 [W] [manage-listenClient] 发送心跳
2026_07_31-11:38:50 [W] [manage-listenClient] 发送心跳
2026_07_31-11:38:55 [W] [manage-listenClient] 发送心跳
2026_07_31-11:39:00 [W] [manage-listenClient] 发送心跳
2026_07_31-11:39:05 [W] [manage-listenClient] 发送心跳
2026_07_31-11:39:10 [W] [manage-listenClient] 发送心跳
2026_07_31-11:39:15 [W] [manage-listenClient] 发送心跳
2026_07_31-11:39:20 [W] [manage-listenClient] 发送心跳
2026_07_31-11:39:25 [W] [manage-listenClient] 发送心跳
2026_07_31-11:39:30 [W] [manage-listenClient] 发送心跳
2026_07_31-11:39:35 [W] [manage-listenClient] 发送心跳
2026_07_31-11:39:40 [W] [manage-listenClient] 发送心跳
2026_07_31-11:39:45 [W] [manage-listenClient] 发送心跳
2026_07_31-11:39:50 [W] [manage-listenClient] 发送心跳
2026_07_31-11:39:55 [W] [manage-listenClient] 发送心跳
2026_07_31-11:40:00 [W] [manage-listenClient] 发送心跳
2026_07_31-11:40:05 [W] [manage-listenClient] 发送心跳
2026_07_31-11:40:10 [W] [manage-listenClient] 发送心跳
2026_07_31-11:40:15 [W] [manage-listenClient] 发送心跳
2026_07_31-11:40:20 [W] [manage-listenClient] 发送心跳
2026_07_31-11:40:25 [W] [manage-listenClient] 发送心跳
2026_07_31-11:40:30 [W] [manage-listenClient] 发送心跳
2026_07_31-11:40:35 [W] [manage-listenClient] 发送心跳
2026_07_31-11:40:40 [W] [manage-listenClient] 发送心跳
2026_07_31-11:40:45 [W] [manage-listenClient] 发送心跳
2026_07_31-11:40:50 [W] [manage-listenClient] 发送心跳
2026_07_31-11:40:55 [W] [manage-listenClient] 发送心跳
2026_07_31-11:41:00 [W] [manage-listenClient] 发送心跳
2026_07_31-11:41:05 [W] [manage-listenClient] 发送心跳
2026_07_31-11:41:10 [W] [manage-listenClient] 发送心跳
2026_07_31-11:41:15 [W] [manage-listenClient] 发送心跳
2026_07_31-11:41:20 [W] [manage-listenClient] 发送心跳
2026_07_31-11:41:25 [W] [manage-listenClient] 发送心跳
2026_07_31-11:41:30 [W] [manage-listenClient] 发送心跳
2026_07_31-11:41:35 [W] [manage-listenClient] 发送心跳
2026_07_31-11:41:40 [W] [manage-listenClient] 发送心跳
2026_07_31-11:41:45 [W] [manage-listenClient] 发送心跳
2026_07_31-11:41:50 [W] [manage-listenClient] 发送心跳
2026_07_31-11:41:55 [W] [manage-listenClient] 发送心跳
2026_07_31-11:42:00 [W] [manage-listenClient] 发送心跳
2026_07_31-11:42:05 [W] [manage-listenClient] 发送心跳
2026_07_31-11:42:10 [W] [manage-listenClient] 发送心跳
2026_07_31-11:42:15 [W] [manage-listenClient] 发送心跳
2026_07_31-11:42:20 [W] [manage-listenClient] 发送心跳
2026_07_31-11:42:25 [W] [manage-listenClient] 发送心跳
2026_07_31-11:42:30 [W] [manage-listenClient] 发送心跳
2026_07_31-11:42:35 [W] [manage-listenClient] 发送心跳
2026_07_31-11:42:40 [W] [manage-listenClient] 发送心跳
2026_07_31-11:42:45 [W] [manage-listenClient] 发送心跳
2026_07_31-11:42:50 [W] [manage-listenClient] 发送心跳
2026_07_31-11:42:55 [W] [manage-listenClient] 发送心跳
2026_07_31-11:43:00 [W] [manage-listenClient] 发送心跳
2026_07_31-11:43:05 [W] [manage-listenClient] 发送心跳
2026_07_31-11:43:10 [W] [manage-listenClient] 发送心跳
2026_07_31-11:43:15 [W] [manage-listenClient] 发送心跳
2026_07_31-11:43:20 [W] [manage-listenClient] 发送心跳
2026_07_31-11:43:25 [W] [manage-listenClient] 发送心跳
2026_07_31-11:43:30 [W] [manage-listenClient] 发送心跳
2026_07_31-11:43:35 [W] [manage-listenClient] 发送心跳
2026_07_31-11:43:40 [W] [manage-listenClient] 发送心跳
2026_07_31-11:43:45 [W] [manage-listenClient] 发送心跳
2026_07_31-11:43:50 [W] [manage-listenClient] 发送心跳
2026_07_31-11:43:55 [W] [manage-listenClient] 发送心跳
2026_07_31-11:43:56 [D] [client] disconnect from 192.168.10.1:8090
2026_07_31-11:43:56 [I] [client] socket close = 3
2026_07_31-11:43:56 [W] [manage-listenClient] 断联：开始释放资源
2026_07_31-11:43:56 [W] [manage-listenClient] ClientQue.front()->getClientID() = 3,CurClientID.load() = 2
2026_07_31-11:43:56 [I] [client] socket connect = 1 kConnecting = 0 kConnected = 1 kDisconnecting = 2 kDisconnected = 3
2026_07_31-11:43:56 [W] [manage-CreateClient] 需要创建client Index = 5
2026_07_31-11:43:56 [D] [<UNNAME>] Connection::kConnected
2026_07_31-11:43:57 [W] [analysis] RxFlg.store(1)---serial_number = 365 check_sn = 365
2026_07_31-11:43:57 [W] [analysis] cv通知下发---serial_number = 365 check_sn = 365
2026_07_31-11:43:57 [D] [manage-listenClient] 已经授权成功，重复验证授权码
2026_07_31-11:43:57 [D] [manage-listenClient] Random: bxMjTE..., VIN: HTWW312510A000123
2026_07_31-11:43:57 [I] [manage-listenClient] License verified successfully for VIN: HTWW312510A000123
2026_07_31-11:43:57 [D] [manage-listenClient] License valid until: 2026-10-15 10:12:20
2026_07_31-11:43:57 [I] [manage-listenClient] License verified successfully for expiry: 1A0A0F0A0C14
2026_07_31-11:44:00 [W] [manage-listenClient] 发送心跳
2026_07_31-11:44:05 [W] [manage-listenClient] 发送心跳
2026_07_31-11:44:10 [W] [manage-listenClient] 发送心跳
2026_07_31-11:44:15 [W] [manage-listenClient] 发送心跳
2026_07_31-11:44:20 [W] [manage-listenClient] 发送心跳
2026_07_31-11:44:25 [W] [manage-listenClient] 发送心跳
2026_07_31-11:44:30 [W] [manage-listenClient] 发送心跳
2026_07_31-11:44:35 [W] [manage-listenClient] 发送心跳
2026_07_31-11:44:40 [W] [manage-listenClient] 发送心跳
2026_07_31-11:44:45 [W] [manage-listenClient] 发送心跳
2026_07_31-11:44:50 [W] [manage-listenClient] 发送心跳
2026_07_31-11:44:55 [W] [manage-listenClient] 发送心跳
2026_07_31-11:45:00 [W] [manage-listenClient] 发送心跳
2026_07_31-11:45:05 [W] [manage-listenClient] 发送心跳
2026_07_31-11:45:10 [W] [manage-listenClient] 发送心跳
2026_07_31-11:45:15 [W] [manage-listenClient] 发送心跳
2026_07_31-11:45:20 [W] [manage-listenClient] 发送心跳
2026_07_31-11:45:25 [W] [manage-listenClient] 发送心跳
2026_07_31-11:45:30 [W] [manage-listenClient] 发送心跳
2026_07_31-11:45:35 [W] [manage-listenClient] 发送心跳
2026_07_31-11:45:40 [W] [manage-listenClient] 发送心跳
2026_07_31-11:45:45 [W] [manage-listenClient] 发送心跳
2026_07_31-11:45:50 [W] [manage-listenClient] 发送心跳
2026_07_31-11:45:55 [W] [manage-listenClient] 发送心跳
2026_07_31-11:46:00 [W] [manage-listenClient] 发送心跳
2026_07_31-11:46:05 [W] [manage-listenClient] 发送心跳
2026_07_31-11:46:10 [W] [manage-listenClient] 发送心跳
2026_07_31-11:46:15 [W] [manage-listenClient] 发送心跳
2026_07_31-11:46:20 [W] [manage-listenClient] 发送心跳
2026_07_31-11:46:25 [W] [manage-listenClient] 发送心跳
2026_07_31-11:46:30 [W] [manage-listenClient] 发送心跳
2026_07_31-11:46:35 [W] [manage-listenClient] 发送心跳
2026_07_31-11:46:40 [W] [manage-listenClient] 发送心跳
2026_07_31-11:46:45 [W] [manage-listenClient] 发送心跳
2026_07_31-11:46:50 [W] [manage-listenClient] 发送心跳
2026_07_31-11:46:55 [W] [manage-listenClient] 发送心跳
2026_07_31-11:47:00 [W] [manage-listenClient] 发送心跳
2026_07_31-11:47:05 [W] [manage-listenClient] 发送心跳
2026_07_31-11:47:10 [W] [manage-listenClient] 发送心跳
2026_07_31-11:47:15 [W] [manage-listenClient] 发送心跳
2026_07_31-11:47:20 [W] [manage-listenClient] 发送心跳
2026_07_31-11:47:25 [W] [manage-listenClient] 发送心跳
2026_07_31-11:47:30 [W] [manage-listenClient] 发送心跳
2026_07_31-11:47:35 [W] [manage-listenClient] 发送心跳
2026_07_31-11:47:40 [W] [manage-listenClient] 发送心跳
2026_07_31-11:47:45 [W] [manage-listenClient] 发送心跳
2026_07_31-11:47:50 [W] [manage-listenClient] 发送心跳
2026_07_31-11:47:55 [W] [manage-listenClient] 发送心跳
2026_07_31-11:48:00 [W] [manage-listenClient] 发送心跳
2026_07_31-11:48:05 [W] [manage-listenClient] 发送心跳
2026_07_31-11:48:10 [W] [manage-listenClient] 发送心跳
2026_07_31-11:48:15 [W] [manage-listenClient] 发送心跳
2026_07_31-11:48:20 [W] [manage-listenClient] 发送心跳
2026_07_31-11:48:25 [W] [manage-listenClient] 发送心跳
2026_07_31-11:48:30 [W] [manage-listenClient] 发送心跳
2026_07_31-11:48:35 [W] [manage-listenClient] 发送心跳
2026_07_31-11:48:40 [W] [manage-listenClient] 发送心跳
2026_07_31-11:48:45 [W] [manage-listenClient] 发送心跳
2026_07_31-11:48:50 [W] [manage-listenClient] 发送心跳
2026_07_31-11:48:55 [W] [manage-listenClient] 发送心跳
2026_07_31-11:49:00 [W] [manage-listenClient] 发送心跳
2026_07_31-11:49:05 [W] [manage-listenClient] 发送心跳
2026_07_31-11:49:10 [W] [manage-listenClient] 发送心跳
2026_07_31-11:49:15 [W] [manage-listenClient] 发送心跳
2026_07_31-11:49:20 [W] [manage-listenClient] 发送心跳
2026_07_31-11:49:25 [W] [manage-listenClient] 发送心跳
2026_07_31-11:49:30 [W] [manage-listenClient] 发送心跳
2026_07_31-11:49:35 [W] [manage-listenClient] 发送心跳
2026_07_31-11:49:40 [W] [manage-listenClient] 发送心跳
2026_07_31-11:49:45 [W] [manage-listenClient] 发送心跳
2026_07_31-11:49:50 [W] [manage-listenClient] 发送心跳
2026_07_31-11:49:55 [W] [manage-listenClient] 发送心跳
2026_07_31-11:50:00 [W] [manage-listenClient] 发送心跳
2026_07_31-11:50:05 [W] [manage-listenClient] 发送心跳
2026_07_31-11:50:10 [W] [manage-listenClient] 发送心跳
2026_07_31-11:50:15 [W] [manage-listenClient] 发送心跳
2026_07_31-11:50:20 [W] [manage-listenClient] 发送心跳
2026_07_31-11:50:25 [W] [manage-listenClient] 发送心跳
2026_07_31-11:50:30 [W] [manage-listenClient] 发送心跳
2026_07_31-11:50:35 [W] [manage-listenClient] 发送心跳
2026_07_31-11:50:40 [W] [manage-listenClient] 发送心跳
2026_07_31-11:50:45 [W] [manage-listenClient] 发送心跳
2026_07_31-11:50:50 [W] [manage-listenClient] 发送心跳
2026_07_31-11:50:55 [W] [manage-listenClient] 发送心跳
2026_07_31-11:51:00 [W] [manage-listenClient] 发送心跳
2026_07_31-11:51:05 [W] [manage-listenClient] 发送心跳
2026_07_31-11:51:10 [W] [manage-listenClient] 发送心跳
2026_07_31-11:51:15 [W] [manage-listenClient] 发送心跳
2026_07_31-11:51:20 [W] [manage-listenClient] 发送心跳
2026_07_31-11:51:25 [W] [manage-listenClient] 发送心跳
2026_07_31-11:51:30 [W] [manage-listenClient] 发送心跳
2026_07_31-11:51:35 [W] [manage-listenClient] 发送心跳
2026_07_31-11:51:40 [W] [manage-listenClient] 发送心跳
2026_07_31-11:51:45 [W] [manage-listenClient] 发送心跳
2026_07_31-11:51:50 [W] [manage-listenClient] 发送心跳
2026_07_31-11:51:55 [W] [manage-listenClient] 发送心跳
2026_07_31-11:52:00 [W] [manage-listenClient] 发送心跳
2026_07_31-11:52:05 [W] [manage-listenClient] 发送心跳
2026_07_31-11:52:10 [W] [manage-listenClient] 发送心跳
2026_07_31-11:52:15 [W] [manage-listenClient] 发送心跳
2026_07_31-11:52:20 [W] [manage-listenClient] 发送心跳
2026_07_31-11:52:25 [W] [manage-listenClient] 发送心跳
2026_07_31-11:52:30 [W] [manage-listenClient] 发送心跳
2026_07_31-11:52:35 [W] [manage-listenClient] 发送心跳
2026_07_31-11:52:40 [W] [manage-listenClient] 发送心跳
2026_07_31-11:52:45 [W] [manage-listenClient] 发送心跳
2026_07_31-11:52:50 [W] [manage-listenClient] 发送心跳
2026_07_31-11:52:55 [W] [manage-listenClient] 发送心跳
2026_07_31-11:53:00 [W] [manage-listenClient] 发送心跳
2026_07_31-11:53:05 [W] [manage-listenClient] 发送心跳
2026_07_31-11:53:10 [W] [manage-listenClient] 发送心跳
2026_07_31-11:53:15 [W] [manage-listenClient] 发送心跳
2026_07_31-11:53:20 [W] [manage-listenClient] 发送心跳
2026_07_31-11:53:25 [W] [manage-listenClient] 发送心跳
2026_07_31-11:53:30 [W] [manage-listenClient] 发送心跳
2026_07_31-11:53:35 [W] [manage-listenClient] 发送心跳
2026_07_31-11:53:40 [W] [manage-listenClient] 发送心跳
2026_07_31-11:53:45 [W] [manage-listenClient] 发送心跳
2026_07_31-11:53:50 [W] [manage-listenClient] 发送心跳
2026_07_31-11:53:55 [W] [manage-listenClient] 发送心跳
2026_07_31-11:53:56 [D] [client] disconnect from 192.168.10.1:8090
2026_07_31-11:53:56 [I] [client] socket close = 3
2026_07_31-11:53:57 [W] [manage-listenClient] 断联：开始释放资源
2026_07_31-11:53:57 [W] [manage-listenClient] ClientQue.front()->getClientID() = 4,CurClientID.load() = 3
2026_07_31-11:53:57 [I] [client] socket connect = 1 kConnecting = 0 kConnected = 1 kDisconnecting = 2 kDisconnected = 3
2026_07_31-11:53:57 [W] [manage-CreateClient] 需要创建client Index = 6
2026_07_31-11:53:57 [D] [<UNNAME>] Connection::kConnected
2026_07_31-11:53:57 [W] [analysis] RxFlg.store(1)---serial_number = 486 check_sn = 486
2026_07_31-11:53:57 [W] [analysis] cv通知下发---serial_number = 486 check_sn = 486
2026_07_31-11:53:57 [D] [manage-listenClient] 已经授权成功，重复验证授权码
2026_07_31-11:53:57 [D] [manage-listenClient] Random: bxMjTE..., VIN: HTWW312510A000123
2026_07_31-11:53:57 [I] [manage-listenClient] License verified successfully for VIN: HTWW312510A000123
2026_07_31-11:53:57 [D] [manage-listenClient] License valid until: 2026-10-15 10:12:20
2026_07_31-11:53:57 [I] [manage-listenClient] License verified successfully for expiry: 1A0A0F0A0C14
2026_07_31-11:54:00 [W] [manage-listenClient] 发送心跳
2026_07_31-11:54:05 [W] [manage-listenClient] 发送心跳
2026_07_31-11:54:10 [W] [manage-listenClient] 发送心跳
2026_07_31-11:54:15 [W] [manage-listenClient] 发送心跳
2026_07_31-11:54:20 [W] [manage-listenClient] 发送心跳
2026_07_31-11:54:25 [W] [manage-listenClient] 发送心跳
2026_07_31-11:54:30 [W] [manage-listenClient] 发送心跳
2026_07_31-11:54:35 [W] [manage-listenClient] 发送心跳
2026_07_31-11:54:40 [W] [manage-listenClient] 发送心跳
2026_07_31-11:54:45 [W] [manage-listenClient] 发送心跳
2026_07_31-11:54:50 [W] [manage-listenClient] 发送心跳
2026_07_31-11:54:55 [W] [manage-listenClient] 发送心跳
2026_07_31-11:55:00 [W] [manage-listenClient] 发送心跳
2026_07_31-11:55:05 [W] [manage-listenClient] 发送心跳
2026_07_31-11:55:10 [W] [manage-listenClient] 发送心跳
2026_07_31-11:55:15 [W] [manage-listenClient] 发送心跳
2026_07_31-11:55:20 [W] [manage-listenClient] 发送心跳
2026_07_31-11:55:25 [W] [manage-listenClient] 发送心跳
2026_07_31-11:55:30 [W] [manage-listenClient] 发送心跳
2026_07_31-11:55:36 [W] [manage-listenClient] 发送心跳
2026_07_31-11:55:41 [W] [manage-listenClient] 发送心跳
2026_07_31-11:55:46 [W] [manage-listenClient] 发送心跳
2026_07_31-11:55:51 [W] [manage-listenClient] 发送心跳
2026_07_31-11:55:56 [W] [manage-listenClient] 发送心跳
2026_07_31-11:56:01 [W] [manage-listenClient] 发送心跳
2026_07_31-11:56:06 [W] [manage-listenClient] 发送心跳
2026_07_31-11:56:11 [W] [manage-listenClient] 发送心跳
2026_07_31-11:56:16 [W] [manage-listenClient] 发送心跳
2026_07_31-11:56:21 [W] [manage-listenClient] 发送心跳
2026_07_31-11:56:26 [W] [manage-listenClient] 发送心跳
2026_07_31-11:56:31 [W] [manage-listenClient] 发送心跳
2026_07_31-11:56:36 [W] [manage-listenClient] 发送心跳
2026_07_31-11:56:41 [W] [manage-listenClient] 发送心跳
2026_07_31-11:56:46 [W] [manage-listenClient] 发送心跳
2026_07_31-11:56:51 [W] [manage-listenClient] 发送心跳
2026_07_31-11:56:56 [W] [manage-listenClient] 发送心跳
2026_07_31-11:57:01 [W] [manage-listenClient] 发送心跳
2026_07_31-11:57:06 [W] [manage-listenClient] 发送心跳
2026_07_31-11:57:11 [W] [manage-listenClient] 发送心跳
2026_07_31-11:57:16 [W] [manage-listenClient] 发送心跳
2026_07_31-11:57:21 [W] [manage-listenClient] 发送心跳
2026_07_31-11:57:26 [W] [manage-listenClient] 发送心跳
2026_07_31-11:57:31 [W] [manage-listenClient] 发送心跳
2026_07_31-11:57:36 [W] [manage-listenClient] 发送心跳
2026_07_31-11:57:41 [W] [manage-listenClient] 发送心跳
2026_07_31-11:57:46 [W] [manage-listenClient] 发送心跳
2026_07_31-11:57:51 [W] [manage-listenClient] 发送心跳
2026_07_31-11:57:56 [W] [manage-listenClient] 发送心跳
2026_07_31-11:58:01 [W] [manage-listenClient] 发送心跳
2026_07_31-11:58:06 [W] [manage-listenClient] 发送心跳
2026_07_31-11:58:11 [W] [manage-listenClient] 发送心跳
2026_07_31-11:58:16 [W] [manage-listenClient] 发送心跳
2026_07_31-11:58:21 [W] [manage-listenClient] 发送心跳
2026_07_31-11:58:26 [W] [manage-listenClient] 发送心跳
2026_07_31-11:58:31 [W] [manage-listenClient] 发送心跳
2026_07_31-11:58:36 [W] [manage-listenClient] 发送心跳
2026_07_31-11:58:41 [W] [manage-listenClient] 发送心跳
2026_07_31-11:58:46 [W] [manage-listenClient] 发送心跳
2026_07_31-11:58:51 [W] [manage-listenClient] 发送心跳
2026_07_31-11:58:56 [W] [manage-listenClient] 发送心跳
2026_07_31-11:59:01 [W] [manage-listenClient] 发送心跳
2026_07_31-11:59:06 [W] [manage-listenClient] 发送心跳
2026_07_31-11:59:11 [W] [manage-listenClient] 发送心跳
2026_07_31-11:59:16 [W] [manage-listenClient] 发送心跳
2026_07_31-11:59:21 [W] [manage-listenClient] 发送心跳
2026_07_31-11:59:26 [W] [manage-listenClient] 发送心跳
2026_07_31-11:59:31 [W] [manage-listenClient] 发送心跳
2026_07_31-11:59:36 [W] [manage-listenClient] 发送心跳
2026_07_31-11:59:41 [W] [manage-listenClient] 发送心跳
2026_07_31-11:59:46 [W] [manage-listenClient] 发送心跳
2026_07_31-11:59:51 [W] [manage-listenClient] 发送心跳
2026_07_31-11:59:56 [W] [manage-listenClient] 发送心跳
2026_07_31-12:00:01 [W] [manage-listenClient] 发送心跳
2026_07_31-12:00:06 [W] [manage-listenClient] 发送心跳
2026_07_31-12:00:11 [W] [manage-listenClient] 发送心跳
2026_07_31-12:00:16 [W] [manage-listenClient] 发送心跳
2026_07_31-12:00:21 [W] [manage-listenClient] 发送心跳
2026_07_31-12:00:26 [W] [manage-listenClient] 发送心跳
2026_07_31-12:00:31 [W] [manage-listenClient] 发送心跳
2026_07_31-12:00:36 [W] [manage-listenClient] 发送心跳
2026_07_31-12:00:41 [W] [manage-listenClient] 发送心跳
2026_07_31-12:00:46 [W] [manage-listenClient] 发送心跳
2026_07_31-12:00:51 [W] [manage-listenClient] 发送心跳
2026_07_31-12:00:56 [W] [manage-listenClient] 发送心跳
2026_07_31-12:01:01 [W] [manage-listenClient] 发送心跳
2026_07_31-12:01:06 [W] [manage-listenClient] 发送心跳
2026_07_31-12:01:11 [W] [manage-listenClient] 发送心跳
2026_07_31-12:01:16 [W] [manage-listenClient] 发送心跳
2026_07_31-12:01:21 [W] [manage-listenClient] 发送心跳
2026_07_31-12:01:26 [W] [manage-listenClient] 发送心跳
2026_07_31-12:01:31 [W] [manage-listenClient] 发送心跳
2026_07_31-12:01:36 [W] [manage-listenClient] 发送心跳
2026_07_31-12:01:41 [W] [manage-listenClient] 发送心跳
2026_07_31-12:01:46 [W] [manage-listenClient] 发送心跳
2026_07_31-12:01:51 [W] [manage-listenClient] 发送心跳
2026_07_31-12:01:56 [W] [manage-listenClient] 发送心跳
2026_07_31-12:02:01 [W] [manage-listenClient] 发送心跳
2026_07_31-12:02:06 [W] [manage-listenClient] 发送心跳
2026_07_31-12:02:11 [W] [manage-listenClient] 发送心跳
2026_07_31-12:02:16 [W] [manage-listenClient] 发送心跳
2026_07_31-12:02:21 [W] [manage-listenClient] 发送心跳
2026_07_31-12:02:26 [W] [manage-listenClient] 发送心跳
2026_07_31-12:02:31 [W] [manage-listenClient] 发送心跳
2026_07_31-12:02:36 [W] [manage-listenClient] 发送心跳
2026_07_31-12:02:41 [W] [manage-listenClient] 发送心跳
2026_07_31-12:02:46 [W] [manage-listenClient] 发送心跳
2026_07_31-12:02:51 [W] [manage-listenClient] 发送心跳
2026_07_31-12:02:56 [W] [manage-listenClient] 发送心跳
2026_07_31-12:03:01 [W] [manage-listenClient] 发送心跳
2026_07_31-12:03:06 [W] [manage-listenClient] 发送心跳
2026_07_31-12:03:11 [W] [manage-listenClient] 发送心跳
2026_07_31-12:03:16 [W] [manage-listenClient] 发送心跳
2026_07_31-12:03:21 [W] [manage-listenClient] 发送心跳
2026_07_31-12:03:26 [W] [manage-listenClient] 发送心跳
2026_07_31-12:03:31 [W] [manage-listenClient] 发送心跳
2026_07_31-12:03:36 [W] [manage-listenClient] 发送心跳
2026_07_31-12:03:41 [W] [manage-listenClient] 发送心跳
2026_07_31-12:03:46 [W] [manage-listenClient] 发送心跳
2026_07_31-12:03:51 [W] [manage-listenClient] 发送心跳
2026_07_31-12:03:56 [W] [manage-listenClient] 发送心跳
2026_07_31-12:03:57 [D] [client] disconnect from 192.168.10.1:8090
2026_07_31-12:03:57 [I] [client] socket close = 3
2026_07_31-12:03:57 [W] [manage-listenClient] 断联：开始释放资源
2026_07_31-12:03:57 [W] [manage-listenClient] ClientQue.front()->getClientID() = 5,CurClientID.load() = 4
2026_07_31-12:03:57 [I] [client] socket connect = 1 kConnecting = 0 kConnected = 1 kDisconnecting = 2 kDisconnected = 3
2026_07_31-12:03:57 [W] [manage-CreateClient] 需要创建client Index = 7
2026_07_31-12:03:57 [D] [<UNNAME>] Connection::kConnected
2026_07_31-12:03:57 [W] [analysis] RxFlg.store(1)---serial_number = 607 check_sn = 607
2026_07_31-12:03:57 [W] [analysis] cv通知下发---serial_number = 607 check_sn = 607
2026_07_31-12:03:57 [D] [manage-listenClient] 已经授权成功，重复验证授权码
2026_07_31-12:03:57 [D] [manage-listenClient] Random: bxMjTE..., VIN: HTWW312510A000123
2026_07_31-12:03:57 [I] [manage-listenClient] License verified successfully for VIN: HTWW312510A000123
2026_07_31-12:03:57 [D] [manage-listenClient] License valid until: 2026-10-15 10:12:20
2026_07_31-12:03:57 [I] [manage-listenClient] License verified successfully for expiry: 1A0A0F0A0C14
2026_07_31-12:04:01 [W] [manage-listenClient] 发送心跳
2026_07_31-12:04:06 [W] [manage-listenClient] 发送心跳
2026_07_31-12:04:11 [W] [manage-listenClient] 发送心跳
2026_07_31-12:04:16 [W] [manage-listenClient] 发送心跳
2026_07_31-12:04:21 [W] [manage-listenClient] 发送心跳
2026_07_31-12:04:26 [W] [manage-listenClient] 发送心跳
2026_07_31-12:04:31 [W] [manage-listenClient] 发送心跳
2026_07_31-12:04:36 [W] [manage-listenClient] 发送心跳
2026_07_31-12:04:41 [W] [manage-listenClient] 发送心跳
2026_07_31-12:04:46 [W] [manage-listenClient] 发送心跳
2026_07_31-12:04:51 [W] [manage-listenClient] 发送心跳
2026_07_31-12:04:56 [W] [manage-listenClient] 发送心跳
2026_07_31-12:05:01 [W] [manage-listenClient] 发送心跳
2026_07_31-12:05:06 [W] [manage-listenClient] 发送心跳
2026_07_31-12:05:11 [W] [manage-listenClient] 发送心跳
2026_07_31-12:05:16 [W] [manage-listenClient] 发送心跳
2026_07_31-12:05:21 [W] [manage-listenClient] 发送心跳
2026_07_31-12:05:26 [W] [manage-listenClient] 发送心跳
2026_07_31-12:05:31 [W] [manage-listenClient] 发送心跳
2026_07_31-12:05:36 [W] [manage-listenClient] 发送心跳
2026_07_31-12:05:41 [W] [manage-listenClient] 发送心跳
2026_07_31-12:05:46 [W] [manage-listenClient] 发送心跳
2026_07_31-12:05:51 [W] [manage-listenClient] 发送心跳
2026_07_31-12:05:56 [W] [manage-listenClient] 发送心跳
2026_07_31-12:06:01 [W] [manage-listenClient] 发送心跳
2026_07_31-12:06:06 [W] [manage-listenClient] 发送心跳
2026_07_31-12:06:11 [W] [manage-listenClient] 发送心跳
2026_07_31-12:06:16 [W] [manage-listenClient] 发送心跳
2026_07_31-12:06:21 [W] [manage-listenClient] 发送心跳
2026_07_31-12:06:26 [W] [manage-listenClient] 发送心跳
2026_07_31-12:06:31 [W] [manage-listenClient] 发送心跳
2026_07_31-12:06:37 [W] [manage-listenClient] 发送心跳
2026_07_31-12:06:42 [W] [manage-listenClient] 发送心跳
2026_07_31-12:06:47 [W] [manage-listenClient] 发送心跳
2026_07_31-12:06:52 [W] [manage-listenClient] 发送心跳
2026_07_31-12:06:57 [W] [manage-listenClient] 发送心跳
2026_07_31-12:07:02 [W] [manage-listenClient] 发送心跳
2026_07_31-12:07:07 [W] [manage-listenClient] 发送心跳
2026_07_31-12:07:12 [W] [manage-listenClient] 发送心跳
2026_07_31-12:07:17 [W] [manage-listenClient] 发送心跳
2026_07_31-12:07:22 [W] [manage-listenClient] 发送心跳
2026_07_31-12:07:27 [W] [manage-listenClient] 发送心跳
2026_07_31-12:07:32 [W] [manage-listenClient] 发送心跳
2026_07_31-12:07:37 [W] [manage-listenClient] 发送心跳
2026_07_31-12:07:42 [W] [manage-listenClient] 发送心跳
2026_07_31-12:07:46 [W] [manage-listenClient] 发送心跳
2026_07_31-12:07:51 [W] [manage-listenClient] 发送心跳
2026_07_31-12:07:56 [W] [manage-listenClient] 发送心跳
2026_07_31-12:08:01 [W] [manage-listenClient] 发送心跳
2026_07_31-12:08:06 [W] [manage-listenClient] 发送心跳
2026_07_31-12:08:11 [W] [manage-listenClient] 发送心跳
2026_07_31-12:08:16 [W] [manage-listenClient] 发送心跳
2026_07_31-12:08:21 [W] [manage-listenClient] 发送心跳
2026_07_31-12:08:26 [W] [manage-listenClient] 发送心跳
2026_07_31-12:08:31 [W] [manage-listenClient] 发送心跳
2026_07_31-12:08:36 [W] [manage-listenClient] 发送心跳
2026_07_31-12:08:41 [W] [manage-listenClient] 发送心跳
2026_07_31-12:08:46 [W] [manage-listenClient] 发送心跳
2026_07_31-12:08:51 [W] [manage-listenClient] 发送心跳
2026_07_31-12:08:56 [W] [manage-listenClient] 发送心跳
2026_07_31-12:09:01 [W] [manage-listenClient] 发送心跳
2026_07_31-12:09:06 [W] [manage-listenClient] 发送心跳
2026_07_31-12:09:11 [W] [manage-listenClient] 发送心跳
2026_07_31-12:09:16 [W] [manage-listenClient] 发送心跳
2026_07_31-12:09:21 [W] [manage-listenClient] 发送心跳
2026_07_31-12:09:26 [W] [manage-listenClient] 发送心跳
2026_07_31-12:09:31 [W] [manage-listenClient] 发送心跳
2026_07_31-12:09:36 [W] [manage-listenClient] 发送心跳
2026_07_31-12:09:41 [W] [manage-listenClient] 发送心跳
2026_07_31-12:09:46 [W] [manage-listenClient] 发送心跳
2026_07_31-12:09:51 [W] [manage-listenClient] 发送心跳
2026_07_31-12:09:56 [W] [manage-listenClient] 发送心跳
2026_07_31-12:10:01 [W] [manage-listenClient] 发送心跳
2026_07_31-12:10:06 [W] [manage-listenClient] 发送心跳
2026_07_31-12:10:11 [W] [manage-listenClient] 发送心跳
2026_07_31-12:10:16 [W] [manage-listenClient] 发送心跳
2026_07_31-12:10:21 [W] [manage-listenClient] 发送心跳
2026_07_31-12:10:26 [W] [manage-listenClient] 发送心跳
2026_07_31-12:10:31 [W] [manage-listenClient] 发送心跳
2026_07_31-12:10:36 [W] [manage-listenClient] 发送心跳
2026_07_31-12:10:41 [W] [manage-listenClient] 发送心跳
2026_07_31-12:10:46 [W] [manage-listenClient] 发送心跳
2026_07_31-12:10:51 [W] [manage-listenClient] 发送心跳
2026_07_31-12:10:56 [W] [manage-listenClient] 发送心跳
2026_07_31-12:11:01 [W] [manage-listenClient] 发送心跳
2026_07_31-12:11:06 [W] [manage-listenClient] 发送心跳
2026_07_31-12:11:11 [W] [manage-listenClient] 发送心跳
2026_07_31-12:11:16 [W] [manage-listenClient] 发送心跳
2026_07_31-12:11:21 [W] [manage-listenClient] 发送心跳
2026_07_31-12:11:26 [W] [manage-listenClient] 发送心跳
2026_07_31-12:11:31 [W] [manage-listenClient] 发送心跳
2026_07_31-12:11:36 [W] [manage-listenClient] 发送心跳
2026_07_31-12:11:41 [W] [manage-listenClient] 发送心跳
2026_07_31-12:11:46 [W] [manage-listenClient] 发送心跳
2026_07_31-12:11:51 [W] [manage-listenClient] 发送心跳
2026_07_31-12:11:56 [W] [manage-listenClient] 发送心跳
2026_07_31-12:12:01 [W] [manage-listenClient] 发送心跳
2026_07_31-12:12:06 [W] [manage-listenClient] 发送心跳
2026_07_31-12:12:11 [W] [manage-listenClient] 发送心跳
2026_07_31-12:12:16 [W] [manage-listenClient] 发送心跳
2026_07_31-12:12:21 [W] [manage-listenClient] 发送心跳
2026_07_31-12:12:26 [W] [manage-listenClient] 发送心跳
2026_07_31-12:12:31 [W] [manage-listenClient] 发送心跳
2026_07_31-12:12:36 [W] [manage-listenClient] 发送心跳
2026_07_31-12:12:41 [W] [manage-listenClient] 发送心跳
2026_07_31-12:12:46 [W] [manage-listenClient] 发送心跳
2026_07_31-12:12:51 [W] [manage-listenClient] 发送心跳
2026_07_31-12:12:56 [W] [manage-listenClient] 发送心跳
2026_07_31-12:13:01 [W] [manage-listenClient] 发送心跳
2026_07_31-12:13:06 [W] [manage-listenClient] 发送心跳
2026_07_31-12:13:11 [W] [manage-listenClient] 发送心跳
2026_07_31-12:13:16 [W] [manage-listenClient] 发送心跳
2026_07_31-12:13:21 [W] [manage-listenClient] 发送心跳
2026_07_31-12:13:26 [W] [manage-listenClient] 发送心跳
2026_07_31-12:13:31 [W] [manage-listenClient] 发送心跳
2026_07_31-12:13:36 [W] [manage-listenClient] 发送心跳
2026_07_31-12:13:41 [W] [manage-listenClient] 发送心跳
2026_07_31-12:13:46 [W] [manage-listenClient] 发送心跳
2026_07_31-12:13:51 [W] [manage-listenClient] 发送心跳
2026_07_31-12:13:56 [W] [manage-listenClient] 发送心跳
2026_07_31-12:13:57 [D] [client] disconnect from 192.168.10.1:8090
2026_07_31-12:13:57 [I] [client] socket close = 3
2026_07_31-12:13:57 [W] [manage-listenClient] 断联：开始释放资源
2026_07_31-12:13:57 [W] [manage-listenClient] ClientQue.front()->getClientID() = 6,CurClientID.load() = 5
2026_07_31-12:13:57 [I] [client] socket connect = 1 kConnecting = 0 kConnected = 1 kDisconnecting = 2 kDisconnected = 3
2026_07_31-12:13:58 [W] [manage-CreateClient] 需要创建client Index = 8
2026_07_31-12:13:58 [D] [<UNNAME>] Connection::kConnected
2026_07_31-12:13:58 [W] [analysis] RxFlg.store(1)---serial_number = 728 check_sn = 728
2026_07_31-12:13:58 [W] [analysis] cv通知下发---serial_number = 728 check_sn = 728
2026_07_31-12:13:58 [D] [manage-listenClient] 已经授权成功，重复验证授权码
2026_07_31-12:13:58 [D] [manage-listenClient] Random: bxMjTE..., VIN: HTWW312510A000123
2026_07_31-12:13:58 [I] [manage-listenClient] License verified successfully for VIN: HTWW312510A000123
2026_07_31-12:13:58 [D] [manage-listenClient] License valid until: 2026-10-15 10:12:20
2026_07_31-12:13:58 [I] [manage-listenClient] License verified successfully for expiry: 1A0A0F0A0C14
2026_07_31-12:14:01 [W] [manage-listenClient] 发送心跳
2026_07_31-12:14:06 [W] [manage-listenClient] 发送心跳
2026_07_31-12:14:11 [W] [manage-listenClient] 发送心跳
2026_07_31-12:14:16 [W] [manage-listenClient] 发送心跳
2026_07_31-12:14:21 [W] [manage-listenClient] 发送心跳
2026_07_31-12:14:26 [W] [manage-listenClient] 发送心跳
2026_07_31-12:14:31 [W] [manage-listenClient] 发送心跳
2026_07_31-12:14:36 [W] [manage-listenClient] 发送心跳
2026_07_31-12:14:41 [W] [manage-listenClient] 发送心跳
2026_07_31-12:14:46 [W] [manage-listenClient] 发送心跳
2026_07_31-12:14:51 [W] [manage-listenClient] 发送心跳
2026_07_31-12:14:56 [W] [manage-listenClient] 发送心跳
2026_07_31-12:15:01 [W] [manage-listenClient] 发送心跳
2026_07_31-12:15:06 [W] [manage-listenClient] 发送心跳
2026_07_31-12:15:11 [W] [manage-listenClient] 发送心跳
2026_07_31-12:15:16 [W] [manage-listenClient] 发送心跳
2026_07_31-12:15:21 [W] [manage-listenClient] 发送心跳
2026_07_31-12:15:26 [W] [manage-listenClient] 发送心跳
2026_07_31-12:15:31 [W] [manage-listenClient] 发送心跳
2026_07_31-12:15:36 [W] [manage-listenClient] 发送心跳
2026_07_31-12:15:41 [W] [manage-listenClient] 发送心跳
2026_07_31-12:15:46 [W] [manage-listenClient] 发送心跳
2026_07_31-12:15:51 [W] [manage-listenClient] 发送心跳
2026_07_31-12:15:56 [W] [manage-listenClient] 发送心跳
2026_07_31-12:16:01 [W] [manage-listenClient] 发送心跳
2026_07_31-12:16:05 [W] [manage-listenClient] 发送心跳
2026_07_31-12:16:10 [W] [manage-listenClient] 发送心跳
2026_07_31-12:16:15 [W] [manage-listenClient] 发送心跳
2026_07_31-12:16:20 [W] [manage-listenClient] 发送心跳
2026_07_31-12:16:25 [W] [manage-listenClient] 发送心跳
2026_07_31-12:16:30 [W] [manage-listenClient] 发送心跳
2026_07_31-12:16:35 [W] [manage-listenClient] 发送心跳
2026_07_31-12:16:40 [W] [manage-listenClient] 发送心跳
2026_07_31-12:16:45 [W] [manage-listenClient] 发送心跳
2026_07_31-12:16:50 [W] [manage-listenClient] 发送心跳
2026_07_31-12:16:55 [W] [manage-listenClient] 发送心跳
2026_07_31-12:17:00 [W] [manage-listenClient] 发送心跳
2026_07_31-12:17:05 [W] [manage-listenClient] 发送心跳
2026_07_31-12:17:11 [W] [manage-listenClient] 发送心跳
2026_07_31-12:17:16 [W] [manage-listenClient] 发送心跳
2026_07_31-12:17:21 [W] [manage-listenClient] 发送心跳
2026_07_31-12:17:26 [W] [manage-listenClient] 发送心跳
2026_07_31-12:17:31 [W] [manage-listenClient] 发送心跳
2026_07_31-12:17:36 [W] [manage-listenClient] 发送心跳
2026_07_31-12:17:41 [W] [manage-listenClient] 发送心跳
2026_07_31-12:17:46 [W] [manage-listenClient] 发送心跳
2026_07_31-12:17:51 [W] [manage-listenClient] 发送心跳
2026_07_31-12:17:56 [W] [manage-listenClient] 发送心跳
2026_07_31-12:18:01 [W] [manage-listenClient] 发送心跳
2026_07_31-12:18:06 [W] [manage-listenClient] 发送心跳
2026_07_31-12:18:11 [W] [manage-listenClient] 发送心跳
2026_07_31-12:18:16 [W] [manage-listenClient] 发送心跳
2026_07_31-12:18:21 [W] [manage-listenClient] 发送心跳
2026_07_31-12:18:26 [W] [manage-listenClient] 发送心跳
2026_07_31-12:18:31 [W] [manage-listenClient] 发送心跳
2026_07_31-12:18:36 [W] [manage-listenClient] 发送心跳
2026_07_31-12:18:41 [W] [manage-listenClient] 发送心跳
2026_07_31-12:18:46 [W] [manage-listenClient] 发送心跳
2026_07_31-12:18:51 [W] [manage-listenClient] 发送心跳
2026_07_31-12:18:56 [W] [manage-listenClient] 发送心跳
2026_07_31-12:19:01 [W] [manage-listenClient] 发送心跳
2026_07_31-12:19:06 [W] [manage-listenClient] 发送心跳
2026_07_31-12:19:11 [W] [manage-listenClient] 发送心跳
2026_07_31-12:19:16 [W] [manage-listenClient] 发送心跳
2026_07_31-12:19:21 [W] [manage-listenClient] 发送心跳
2026_07_31-12:19:26 [W] [manage-listenClient] 发送心跳
2026_07_31-12:19:31 [W] [manage-listenClient] 发送心跳
2026_07_31-12:19:36 [W] [manage-listenClient] 发送心跳
2026_07_31-12:19:41 [W] [manage-listenClient] 发送心跳
2026_07_31-12:19:46 [W] [manage-listenClient] 发送心跳
2026_07_31-12:19:51 [W] [manage-listenClient] 发送心跳
2026_07_31-12:19:56 [W] [manage-listenClient] 发送心跳
2026_07_31-12:20:01 [W] [manage-listenClient] 发送心跳
2026_07_31-12:20:06 [W] [manage-listenClient] 发送心跳
2026_07_31-12:20:11 [W] [manage-listenClient] 发送心跳
2026_07_31-12:20:16 [W] [manage-listenClient] 发送心跳
2026_07_31-12:20:21 [W] [manage-listenClient] 发送心跳
2026_07_31-12:20:26 [W] [manage-listenClient] 发送心跳
2026_07_31-12:20:31 [W] [manage-listenClient] 发送心跳
2026_07_31-12:20:36 [W] [manage-listenClient] 发送心跳
2026_07_31-12:20:41 [W] [manage-listenClient] 发送心跳
2026_07_31-12:20:46 [W] [manage-listenClient] 发送心跳
2026_07_31-12:20:51 [W] [manage-listenClient] 发送心跳
2026_07_31-12:20:56 [W] [manage-listenClient] 发送心跳
2026_07_31-12:21:01 [W] [manage-listenClient] 发送心跳
2026_07_31-12:21:06 [W] [manage-listenClient] 发送心跳
2026_07_31-12:21:11 [W] [manage-listenClient] 发送心跳
2026_07_31-12:21:16 [W] [manage-listenClient] 发送心跳
2026_07_31-12:21:21 [W] [manage-listenClient] 发送心跳
2026_07_31-12:21:26 [W] [manage-listenClient] 发送心跳
2026_07_31-12:21:31 [W] [manage-listenClient] 发送心跳
2026_07_31-12:21:36 [W] [manage-listenClient] 发送心跳
2026_07_31-12:21:41 [W] [manage-listenClient] 发送心跳
2026_07_31-12:21:46 [W] [manage-listenClient] 发送心跳
2026_07_31-12:21:51 [W] [manage-listenClient] 发送心跳
2026_07_31-12:21:56 [W] [manage-listenClient] 发送心跳
2026_07_31-12:22:01 [W] [manage-listenClient] 发送心跳
2026_07_31-12:22:06 [W] [manage-listenClient] 发送心跳
2026_07_31-12:22:11 [W] [manage-listenClient] 发送心跳
2026_07_31-12:22:16 [W] [manage-listenClient] 发送心跳
2026_07_31-12:22:21 [W] [manage-listenClient] 发送心跳
2026_07_31-12:22:26 [W] [manage-listenClient] 发送心跳
2026_07_31-12:22:31 [W] [manage-listenClient] 发送心跳
2026_07_31-12:22:36 [W] [manage-listenClient] 发送心跳
2026_07_31-12:22:41 [W] [manage-listenClient] 发送心跳
2026_07_31-12:22:46 [W] [manage-listenClient] 发送心跳
2026_07_31-12:22:51 [W] [manage-listenClient] 发送心跳
2026_07_31-12:22:56 [W] [manage-listenClient] 发送心跳
2026_07_31-12:23:01 [W] [manage-listenClient] 发送心跳
2026_07_31-12:23:06 [W] [manage-listenClient] 发送心跳
2026_07_31-12:23:11 [W] [manage-listenClient] 发送心跳
2026_07_31-12:23:16 [W] [manage-listenClient] 发送心跳
2026_07_31-12:23:21 [W] [manage-listenClient] 发送心跳
2026_07_31-12:23:26 [W] [manage-listenClient] 发送心跳
2026_07_31-12:23:31 [W] [manage-listenClient] 发送心跳
2026_07_31-12:23:36 [W] [manage-listenClient] 发送心跳
2026_07_31-12:23:41 [W] [manage-listenClient] 发送心跳
2026_07_31-12:23:46 [W] [manage-listenClient] 发送心跳
2026_07_31-12:23:51 [W] [manage-listenClient] 发送心跳
2026_07_31-12:23:56 [W] [manage-listenClient] 发送心跳
2026_07_31-12:23:58 [D] [client] disconnect from 192.168.10.1:8090
2026_07_31-12:23:58 [I] [client] socket close = 3
2026_07_31-12:23:58 [W] [manage-listenClient] 断联：开始释放资源
2026_07_31-12:23:58 [W] [manage-listenClient] ClientQue.front()->getClientID() = 7,CurClientID.load() = 6
2026_07_31-12:23:58 [I] [client] socket connect = 1 kConnecting = 0 kConnected = 1 kDisconnecting = 2 kDisconnected = 3
2026_07_31-12:23:58 [W] [manage-CreateClient] 需要创建client Index = 9
2026_07_31-12:23:58 [D] [<UNNAME>] Connection::kConnected
2026_07_31-12:23:58 [W] [analysis] RxFlg.store(1)---serial_number = 849 check_sn = 849
2026_07_31-12:23:58 [W] [analysis] cv通知下发---serial_number = 849 check_sn = 849
2026_07_31-12:23:58 [D] [manage-listenClient] 已经授权成功，重复验证授权码
2026_07_31-12:23:58 [D] [manage-listenClient] Random: bxMjTE..., VIN: HTWW312510A000123
2026_07_31-12:23:58 [I] [manage-listenClient] License verified successfully for VIN: HTWW312510A000123
2026_07_31-12:23:58 [D] [manage-listenClient] License valid until: 2026-10-15 10:12:20
2026_07_31-12:23:58 [I] [manage-listenClient] License verified successfully for expiry: 1A0A0F0A0C14
2026_07_31-12:24:01 [W] [manage-listenClient] 发送心跳
2026_07_31-12:24:06 [W] [manage-listenClient] 发送心跳
2026_07_31-12:24:11 [W] [manage-listenClient] 发送心跳
2026_07_31-12:24:16 [W] [manage-listenClient] 发送心跳
2026_07_31-12:24:21 [W] [manage-listenClient] 发送心跳
2026_07_31-12:24:26 [W] [manage-listenClient] 发送心跳
2026_07_31-12:24:31 [W] [manage-listenClient] 发送心跳
2026_07_31-12:24:36 [W] [manage-listenClient] 发送心跳
2026_07_31-12:24:41 [W] [manage-listenClient] 发送心跳
2026_07_31-12:24:46 [W] [manage-listenClient] 发送心跳
2026_07_31-12:24:51 [W] [manage-listenClient] 发送心跳
2026_07_31-12:24:56 [W] [manage-listenClient] 发送心跳
2026_07_31-12:25:01 [W] [manage-listenClient] 发送心跳
2026_07_31-12:25:06 [W] [manage-listenClient] 发送心跳
2026_07_31-12:25:11 [W] [manage-listenClient] 发送心跳
2026_07_31-12:25:16 [W] [manage-listenClient] 发送心跳
2026_07_31-12:25:21 [W] [manage-listenClient] 发送心跳
2026_07_31-12:25:26 [W] [manage-listenClient] 发送心跳
2026_07_31-12:25:31 [W] [manage-listenClient] 发送心跳
2026_07_31-12:25:36 [W] [manage-listenClient] 发送心跳
2026_07_31-12:25:41 [W] [manage-listenClient] 发送心跳
2026_07_31-12:25:46 [W] [manage-listenClient] 发送心跳
2026_07_31-12:25:51 [W] [manage-listenClient] 发送心跳
2026_07_31-12:25:56 [W] [manage-listenClient] 发送心跳
2026_07_31-12:26:01 [W] [manage-listenClient] 发送心跳
2026_07_31-12:26:06 [W] [manage-listenClient] 发送心跳
2026_07_31-12:26:11 [W] [manage-listenClient] 发送心跳
2026_07_31-12:26:16 [W] [manage-listenClient] 发送心跳
2026_07_31-12:26:21 [W] [manage-listenClient] 发送心跳
2026_07_31-12:26:26 [W] [manage-listenClient] 发送心跳
2026_07_31-12:26:31 [W] [manage-listenClient] 发送心跳
2026_07_31-12:26:36 [W] [manage-listenClient] 发送心跳
2026_07_31-12:26:41 [W] [manage-listenClient] 发送心跳
2026_07_31-12:26:46 [W] [manage-listenClient] 发送心跳
2026_07_31-12:26:51 [W] [manage-listenClient] 发送心跳
2026_07_31-12:26:56 [W] [manage-listenClient] 发送心跳
2026_07_31-12:27:01 [W] [manage-listenClient] 发送心跳
2026_07_31-12:27:06 [W] [manage-listenClient] 发送心跳
2026_07_31-12:27:11 [W] [manage-listenClient] 发送心跳
2026_07_31-12:27:16 [W] [manage-listenClient] 发送心跳
2026_07_31-12:27:21 [W] [manage-listenClient] 发送心跳
2026_07_31-12:27:26 [W] [manage-listenClient] 发送心跳
2026_07_31-12:27:31 [W] [manage-listenClient] 发送心跳
2026_07_31-12:27:36 [W] [manage-listenClient] 发送心跳
2026_07_31-12:27:41 [W] [manage-listenClient] 发送心跳
2026_07_31-12:27:46 [W] [manage-listenClient] 发送心跳
2026_07_31-12:27:51 [W] [manage-listenClient] 发送心跳
2026_07_31-12:27:56 [W] [manage-listenClient] 发送心跳
2026_07_31-12:28:01 [W] [manage-listenClient] 发送心跳
2026_07_31-12:28:06 [W] [manage-listenClient] 发送心跳
2026_07_31-12:28:11 [W] [manage-listenClient] 发送心跳
2026_07_31-12:28:16 [W] [manage-listenClient] 发送心跳
2026_07_31-12:28:21 [W] [manage-listenClient] 发送心跳
2026_07_31-12:28:26 [W] [manage-listenClient] 发送心跳
2026_07_31-12:28:31 [W] [manage-listenClient] 发送心跳
2026_07_31-12:28:36 [W] [manage-listenClient] 发送心跳
2026_07_31-12:28:41 [W] [manage-listenClient] 发送心跳
2026_07_31-12:28:46 [W] [manage-listenClient] 发送心跳
2026_07_31-12:28:51 [W] [manage-listenClient] 发送心跳
2026_07_31-12:28:56 [W] [manage-listenClient] 发送心跳
2026_07_31-12:29:01 [W] [manage-listenClient] 发送心跳
2026_07_31-12:29:06 [W] [manage-listenClient] 发送心跳
2026_07_31-12:29:11 [W] [manage-listenClient] 发送心跳
2026_07_31-12:29:16 [W] [manage-listenClient] 发送心跳
2026_07_31-12:29:21 [W] [manage-listenClient] 发送心跳
2026_07_31-12:29:26 [W] [manage-listenClient] 发送心跳
2026_07_31-12:29:32 [W] [manage-listenClient] 发送心跳
2026_07_31-12:29:37 [W] [manage-listenClient] 发送心跳
2026_07_31-12:29:42 [W] [manage-listenClient] 发送心跳
2026_07_31-12:29:47 [W] [manage-listenClient] 发送心跳
2026_07_31-12:29:52 [W] [manage-listenClient] 发送心跳
2026_07_31-12:29:57 [W] [manage-listenClient] 发送心跳
2026_07_31-12:30:02 [W] [manage-listenClient] 发送心跳
2026_07_31-12:30:07 [W] [manage-listenClient] 发送心跳
2026_07_31-12:30:12 [W] [manage-listenClient] 发送心跳
2026_07_31-12:30:17 [W] [manage-listenClient] 发送心跳
2026_07_31-12:30:21 [W] [manage-listenClient] 发送心跳
2026_07_31-12:30:26 [W] [manage-listenClient] 发送心跳
2026_07_31-12:30:31 [W] [manage-listenClient] 发送心跳
2026_07_31-12:30:36 [W] [manage-listenClient] 发送心跳
2026_07_31-12:30:41 [W] [manage-listenClient] 发送心跳
2026_07_31-12:30:46 [W] [manage-listenClient] 发送心跳
2026_07_31-12:30:51 [W] [manage-listenClient] 发送心跳
2026_07_31-12:30:56 [W] [manage-listenClient] 发送心跳
2026_07_31-12:31:01 [W] [manage-listenClient] 发送心跳
2026_07_31-12:31:06 [W] [manage-listenClient] 发送心跳
2026_07_31-12:31:11 [W] [manage-listenClient] 发送心跳
2026_07_31-12:31:16 [W] [manage-listenClient] 发送心跳
2026_07_31-12:31:21 [W] [manage-listenClient] 发送心跳
2026_07_31-12:31:26 [W] [manage-listenClient] 发送心跳
2026_07_31-12:31:31 [W] [manage-listenClient] 发送心跳
2026_07_31-12:31:36 [W] [manage-listenClient] 发送心跳
2026_07_31-12:31:41 [W] [manage-listenClient] 发送心跳
2026_07_31-12:31:46 [W] [manage-listenClient] 发送心跳
2026_07_31-12:31:51 [W] [manage-listenClient] 发送心跳
2026_07_31-12:31:56 [W] [manage-listenClient] 发送心跳
2026_07_31-12:32:01 [W] [manage-listenClient] 发送心跳
2026_07_31-12:32:07 [W] [manage-listenClient] 发送心跳
2026_07_31-12:32:12 [W] [manage-listenClient] 发送心跳
2026_07_31-12:32:17 [W] [manage-listenClient] 发送心跳
2026_07_31-12:32:22 [W] [manage-listenClient] 发送心跳
2026_07_31-12:32:27 [W] [manage-listenClient] 发送心跳
2026_07_31-12:32:32 [W] [manage-listenClient] 发送心跳
2026_07_31-12:32:37 [W] [manage-listenClient] 发送心跳
2026_07_31-12:32:42 [W] [manage-listenClient] 发送心跳
2026_07_31-12:32:47 [W] [manage-listenClient] 发送心跳
2026_07_31-12:32:52 [W] [manage-listenClient] 发送心跳
2026_07_31-12:32:57 [W] [manage-listenClient] 发送心跳
2026_07_31-12:33:02 [W] [manage-listenClient] 发送心跳
2026_07_31-12:33:07 [W] [manage-listenClient] 发送心跳
2026_07_31-12:33:12 [W] [manage-listenClient] 发送心跳
2026_07_31-12:33:17 [W] [manage-listenClient] 发送心跳
2026_07_31-12:33:22 [W] [manage-listenClient] 发送心跳
2026_07_31-12:33:27 [W] [manage-listenClient] 发送心跳
2026_07_31-12:33:32 [W] [manage-listenClient] 发送心跳
2026_07_31-12:33:37 [W] [manage-listenClient] 发送心跳
2026_07_31-12:33:42 [W] [manage-listenClient] 发送心跳
2026_07_31-12:33:47 [W] [manage-listenClient] 发送心跳
2026_07_31-12:33:52 [W] [manage-listenClient] 发送心跳
2026_07_31-12:33:57 [W] [manage-listenClient] 发送心跳
2026_07_31-12:33:58 [D] [client] disconnect from 192.168.10.1:8090
2026_07_31-12:33:58 [I] [client] socket close = 3
2026_07_31-12:33:58 [W] [manage-listenClient] 断联：开始释放资源
2026_07_31-12:33:58 [W] [manage-listenClient] ClientQue.front()->getClientID() = 8,CurClientID.load() = 7
2026_07_31-12:33:58 [I] [client] socket connect = 1 kConnecting = 0 kConnected = 1 kDisconnecting = 2 kDisconnected = 3
2026_07_31-12:33:58 [W] [manage-CreateClient] 需要创建client Index = 10
2026_07_31-12:33:58 [D] [<UNNAME>] Connection::kConnected
2026_07_31-12:33:59 [W] [analysis] RxFlg.store(1)---serial_number = 970 check_sn = 970
2026_07_31-12:33:59 [W] [analysis] cv通知下发---serial_number = 970 check_sn = 970
2026_07_31-12:33:59 [D] [manage-listenClient] 已经授权成功，重复验证授权码
2026_07_31-12:33:59 [D] [manage-listenClient] Random: bxMjTE..., VIN: HTWW312510A000123
2026_07_31-12:33:59 [I] [manage-listenClient] License verified successfully for VIN: HTWW312510A000123
2026_07_31-12:33:59 [D] [manage-listenClient] License valid until: 2026-10-15 10:12:20
2026_07_31-12:33:59 [I] [manage-listenClient] License verified successfully for expiry: 1A0A0F0A0C14
2026_07_31-12:34:02 [W] [manage-listenClient] 发送心跳
2026_07_31-12:34:07 [W] [manage-listenClient] 发送心跳
2026_07_31-12:34:12 [W] [manage-listenClient] 发送心跳
2026_07_31-12:34:17 [W] [manage-listenClient] 发送心跳
2026_07_31-12:34:22 [W] [manage-listenClient] 发送心跳
2026_07_31-12:34:27 [W] [manage-listenClient] 发送心跳
2026_07_31-12:34:32 [W] [manage-listenClient] 发送心跳
2026_07_31-12:34:37 [W] [manage-listenClient] 发送心跳
2026_07_31-12:34:42 [W] [manage-listenClient] 发送心跳
2026_07_31-12:34:47 [W] [manage-listenClient] 发送心跳
2026_07_31-12:34:52 [W] [manage-listenClient] 发送心跳
2026_07_31-12:34:57 [W] [manage-listenClient] 发送心跳
2026_07_31-12:35:02 [W] [manage-listenClient] 发送心跳
2026_07_31-12:35:07 [W] [manage-listenClient] 发送心跳
2026_07_31-12:35:12 [W] [manage-listenClient] 发送心跳
2026_07_31-12:35:17 [W] [manage-listenClient] 发送心跳
2026_07_31-12:35:22 [W] [manage-listenClient] 发送心跳
2026_07_31-12:35:27 [W] [manage-listenClient] 发送心跳
2026_07_31-12:35:32 [W] [manage-listenClient] 发送心跳
2026_07_31-12:35:37 [W] [manage-listenClient] 发送心跳
2026_07_31-12:35:42 [W] [manage-listenClient] 发送心跳
2026_07_31-12:35:47 [W] [manage-listenClient] 发送心跳
2026_07_31-12:35:52 [W] [manage-listenClient] 发送心跳
2026_07_31-12:35:57 [W] [manage-listenClient] 发送心跳
2026_07_31-12:36:02 [W] [manage-listenClient] 发送心跳
2026_07_31-12:36:07 [W] [manage-listenClient] 发送心跳
2026_07_31-12:36:12 [W] [manage-listenClient] 发送心跳
2026_07_31-12:36:17 [W] [manage-listenClient] 发送心跳
2026_07_31-12:36:22 [W] [manage-listenClient] 发送心跳
2026_07_31-12:36:27 [W] [manage-listenClient] 发送心跳
2026_07_31-12:36:32 [W] [manage-listenClient] 发送心跳
2026_07_31-12:36:37 [W] [manage-listenClient] 发送心跳
2026_07_31-12:36:42 [W] [manage-listenClient] 发送心跳
2026_07_31-12:36:47 [W] [manage-listenClient] 发送心跳
2026_07_31-12:36:52 [W] [manage-listenClient] 发送心跳
2026_07_31-12:36:57 [W] [manage-listenClient] 发送心跳
2026_07_31-12:37:02 [W] [manage-listenClient] 发送心跳
2026_07_31-12:37:07 [W] [manage-listenClient] 发送心跳
2026_07_31-12:37:12 [W] [manage-listenClient] 发送心跳
2026_07_31-12:37:17 [W] [manage-listenClient] 发送心跳
2026_07_31-12:37:22 [W] [manage-listenClient] 发送心跳
2026_07_31-12:37:27 [W] [manage-listenClient] 发送心跳
2026_07_31-12:37:32 [W] [manage-listenClient] 发送心跳
2026_07_31-12:37:37 [W] [manage-listenClient] 发送心跳
2026_07_31-12:37:42 [W] [manage-listenClient] 发送心跳
2026_07_31-12:37:47 [W] [manage-listenClient] 发送心跳
2026_07_31-12:37:52 [W] [manage-listenClient] 发送心跳
2026_07_31-12:37:57 [W] [manage-listenClient] 发送心跳
2026_07_31-12:38:02 [W] [manage-listenClient] 发送心跳
2026_07_31-12:38:07 [W] [manage-listenClient] 发送心跳
2026_07_31-12:38:12 [W] [manage-listenClient] 发送心跳
2026_07_31-12:38:17 [W] [manage-listenClient] 发送心跳
2026_07_31-12:38:22 [W] [manage-listenClient] 发送心跳
2026_07_31-12:38:27 [W] [manage-listenClient] 发送心跳
2026_07_31-12:38:32 [W] [manage-listenClient] 发送心跳
2026_07_31-12:38:37 [W] [manage-listenClient] 发送心跳
2026_07_31-12:38:42 [W] [manage-listenClient] 发送心跳
2026_07_31-12:38:47 [W] [manage-listenClient] 发送心跳
2026_07_31-12:38:52 [W] [manage-listenClient] 发送心跳
2026_07_31-12:38:57 [W] [manage-listenClient] 发送心跳
2026_07_31-12:39:02 [W] [manage-listenClient] 发送心跳
2026_07_31-12:39:07 [W] [manage-listenClient] 发送心跳
2026_07_31-12:39:12 [W] [manage-listenClient] 发送心跳
2026_07_31-12:39:17 [W] [manage-listenClient] 发送心跳
2026_07_31-12:39:22 [W] [manage-listenClient] 发送心跳
2026_07_31-12:39:27 [W] [manage-listenClient] 发送心跳
2026_07_31-12:39:32 [W] [manage-listenClient] 发送心跳
2026_07_31-12:39:37 [W] [manage-listenClient] 发送心跳
2026_07_31-12:39:42 [W] [manage-listenClient] 发送心跳
2026_07_31-12:39:47 [W] [manage-listenClient] 发送心跳
2026_07_31-12:39:52 [W] [manage-listenClient] 发送心跳
2026_07_31-12:39:57 [W] [manage-listenClient] 发送心跳
2026_07_31-12:40:02 [W] [manage-listenClient] 发送心跳
2026_07_31-12:40:07 [W] [manage-listenClient] 发送心跳
2026_07_31-12:40:12 [W] [manage-listenClient] 发送心跳
2026_07_31-12:40:17 [W] [manage-listenClient] 发送心跳
2026_07_31-12:40:22 [W] [manage-listenClient] 发送心跳
2026_07_31-12:40:27 [W] [manage-listenClient] 发送心跳
2026_07_31-12:40:32 [W] [manage-listenClient] 发送心跳
2026_07_31-12:40:37 [W] [manage-listenClient] 发送心跳
2026_07_31-12:40:42 [W] [manage-listenClient] 发送心跳
2026_07_31-12:40:47 [W] [manage-listenClient] 发送心跳
2026_07_31-12:40:52 [W] [manage-listenClient] 发送心跳
2026_07_31-12:40:57 [W] [manage-listenClient] 发送心跳
2026_07_31-12:41:02 [W] [manage-listenClient] 发送心跳
2026_07_31-12:41:07 [W] [manage-listenClient] 发送心跳
2026_07_31-12:41:12 [W] [manage-listenClient] 发送心跳
2026_07_31-12:41:17 [W] [manage-listenClient] 发送心跳
2026_07_31-12:41:22 [W] [manage-listenClient] 发送心跳
2026_07_31-12:41:27 [W] [manage-listenClient] 发送心跳
2026_07_31-12:41:32 [W] [manage-listenClient] 发送心跳
2026_07_31-12:41:37 [W] [manage-listenClient] 发送心跳
2026_07_31-12:41:42 [W] [manage-listenClient] 发送心跳
2026_07_31-12:41:47 [W] [manage-listenClient] 发送心跳
2026_07_31-12:41:52 [W] [manage-listenClient] 发送心跳
2026_07_31-12:41:57 [W] [manage-listenClient] 发送心跳
2026_07_31-12:42:02 [W] [manage-listenClient] 发送心跳
2026_07_31-12:42:07 [W] [manage-listenClient] 发送心跳
2026_07_31-12:42:12 [W] [manage-listenClient] 发送心跳
2026_07_31-12:42:17 [W] [manage-listenClient] 发送心跳
2026_07_31-12:42:22 [W] [manage-listenClient] 发送心跳
2026_07_31-12:42:27 [W] [manage-listenClient] 发送心跳
2026_07_31-12:42:32 [W] [manage-listenClient] 发送心跳
2026_07_31-12:42:37 [W] [manage-listenClient] 发送心跳
2026_07_31-12:42:42 [W] [manage-listenClient] 发送心跳
2026_07_31-12:42:47 [W] [manage-listenClient] 发送心跳
2026_07_31-12:42:52 [W] [manage-listenClient] 发送心跳
2026_07_31-12:42:57 [W] [manage-listenClient] 发送心跳
2026_07_31-12:43:02 [W] [manage-listenClient] 发送心跳
2026_07_31-12:43:07 [W] [manage-listenClient] 发送心跳
2026_07_31-12:43:12 [W] [manage-listenClient] 发送心跳
2026_07_31-12:43:17 [W] [manage-listenClient] 发送心跳
2026_07_31-12:43:22 [W] [manage-listenClient] 发送心跳
2026_07_31-12:43:27 [W] [manage-listenClient] 发送心跳
2026_07_31-12:43:32 [W] [manage-listenClient] 发送心跳
2026_07_31-12:43:37 [W] [manage-listenClient] 发送心跳
2026_07_31-12:43:42 [W] [manage-listenClient] 发送心跳
2026_07_31-12:43:47 [W] [manage-listenClient] 发送心跳
2026_07_31-12:43:52 [W] [manage-listenClient] 发送心跳
2026_07_31-12:43:57 [W] [manage-listenClient] 发送心跳
2026_07_31-12:43:59 [D] [client] disconnect from 192.168.10.1:8090
2026_07_31-12:43:59 [I] [client] socket close = 3
2026_07_31-12:43:59 [W] [manage-listenClient] 断联：开始释放资源
2026_07_31-12:43:59 [W] [manage-listenClient] ClientQue.front()->getClientID() = 9,CurClientID.load() = 8
2026_07_31-12:43:59 [I] [client] socket connect = 1 kConnecting = 0 kConnected = 1 kDisconnecting = 2 kDisconnected = 3
2026_07_31-12:43:59 [W] [manage-CreateClient] 需要创建client Index = 11
2026_07_31-12:43:59 [D] [<UNNAME>] Connection::kConnected
2026_07_31-12:43:59 [W] [analysis] RxFlg.store(1)---serial_number = 1091 check_sn = 1091
2026_07_31-12:43:59 [W] [analysis] cv通知下发---serial_number = 1091 check_sn = 1091
2026_07_31-12:43:59 [D] [manage-listenClient] 已经授权成功，重复验证授权码
2026_07_31-12:43:59 [D] [manage-listenClient] Random: bxMjTE..., VIN: HTWW312510A000123
2026_07_31-12:43:59 [I] [manage-listenClient] License verified successfully for VIN: HTWW312510A000123
2026_07_31-12:43:59 [D] [manage-listenClient] License valid until: 2026-10-15 10:12:20
2026_07_31-12:43:59 [I] [manage-listenClient] License verified successfully for expiry: 1A0A0F0A0C14
2026_07_31-12:44:02 [W] [manage-listenClient] 发送心跳
2026_07_31-12:44:07 [W] [manage-listenClient] 发送心跳
2026_07_31-12:44:12 [W] [manage-listenClient] 发送心跳
2026_07_31-12:44:17 [W] [manage-listenClient] 发送心跳
2026_07_31-12:44:22 [W] [manage-listenClient] 发送心跳
2026_07_31-12:44:27 [W] [manage-listenClient] 发送心跳
2026_07_31-12:44:32 [W] [manage-listenClient] 发送心跳
2026_07_31-12:44:37 [W] [manage-listenClient] 发送心跳
2026_07_31-12:44:42 [W] [manage-listenClient] 发送心跳
2026_07_31-12:44:47 [W] [manage-listenClient] 发送心跳
2026_07_31-12:44:52 [W] [manage-listenClient] 发送心跳
2026_07_31-12:44:57 [W] [manage-listenClient] 发送心跳
2026_07_31-12:45:02 [W] [manage-listenClient] 发送心跳
2026_07_31-12:45:07 [W] [manage-listenClient] 发送心跳
2026_07_31-12:45:12 [W] [manage-listenClient] 发送心跳
2026_07_31-12:45:17 [W] [manage-listenClient] 发送心跳
2026_07_31-12:45:22 [W] [manage-listenClient] 发送心跳
2026_07_31-12:45:27 [W] [manage-listenClient] 发送心跳
2026_07_31-12:45:32 [W] [manage-listenClient] 发送心跳
2026_07_31-12:45:37 [W] [manage-listenClient] 发送心跳
2026_07_31-12:45:42 [W] [manage-listenClient] 发送心跳
2026_07_31-12:45:47 [W] [manage-listenClient] 发送心跳
2026_07_31-12:45:52 [W] [manage-listenClient] 发送心跳
2026_07_31-12:45:57 [W] [manage-listenClient] 发送心跳
2026_07_31-12:46:02 [W] [manage-listenClient] 发送心跳
2026_07_31-12:46:07 [W] [manage-listenClient] 发送心跳
2026_07_31-12:46:12 [W] [manage-listenClient] 发送心跳
2026_07_31-12:46:17 [W] [manage-listenClient] 发送心跳
2026_07_31-12:46:22 [W] [manage-listenClient] 发送心跳
2026_07_31-12:46:27 [W] [manage-listenClient] 发送心跳
2026_07_31-12:46:32 [W] [manage-listenClient] 发送心跳
2026_07_31-12:46:37 [W] [manage-listenClient] 发送心跳
2026_07_31-12:46:42 [W] [manage-listenClient] 发送心跳
2026_07_31-12:46:47 [W] [manage-listenClient] 发送心跳
2026_07_31-12:46:52 [W] [manage-listenClient] 发送心跳
2026_07_31-12:46:57 [W] [manage-listenClient] 发送心跳
2026_07_31-12:47:02 [W] [manage-listenClient] 发送心跳
2026_07_31-12:47:07 [W] [manage-listenClient] 发送心跳
2026_07_31-12:47:12 [W] [manage-listenClient] 发送心跳
2026_07_31-12:47:17 [W] [manage-listenClient] 发送心跳
2026_07_31-12:47:22 [W] [manage-listenClient] 发送心跳
2026_07_31-12:47:27 [W] [manage-listenClient] 发送心跳
2026_07_31-12:47:32 [W] [manage-listenClient] 发送心跳
2026_07_31-12:47:37 [W] [manage-listenClient] 发送心跳
2026_07_31-12:47:42 [W] [manage-listenClient] 发送心跳
2026_07_31-12:47:47 [W] [manage-listenClient] 发送心跳
2026_07_31-12:47:52 [W] [manage-listenClient] 发送心跳
2026_07_31-12:47:57 [W] [manage-listenClient] 发送心跳
2026_07_31-12:48:02 [W] [manage-listenClient] 发送心跳
2026_07_31-12:48:07 [W] [manage-listenClient] 发送心跳
2026_07_31-12:48:12 [W] [manage-listenClient] 发送心跳
2026_07_31-12:48:17 [W] [manage-listenClient] 发送心跳
2026_07_31-12:48:22 [W] [manage-listenClient] 发送心跳
2026_07_31-12:48:27 [W] [manage-listenClient] 发送心跳
2026_07_31-12:48:32 [W] [manage-listenClient] 发送心跳
2026_07_31-12:48:37 [W] [manage-listenClient] 发送心跳
2026_07_31-12:48:42 [W] [manage-listenClient] 发送心跳
2026_07_31-12:48:47 [W] [manage-listenClient] 发送心跳
2026_07_31-12:48:52 [W] [manage-listenClient] 发送心跳
2026_07_31-12:48:57 [W] [manage-listenClient] 发送心跳
2026_07_31-12:49:02 [W] [manage-listenClient] 发送心跳
2026_07_31-12:49:07 [W] [manage-listenClient] 发送心跳
2026_07_31-12:49:12 [W] [manage-listenClient] 发送心跳
2026_07_31-12:49:17 [W] [manage-listenClient] 发送心跳
2026_07_31-12:49:22 [W] [manage-listenClient] 发送心跳
2026_07_31-12:49:27 [W] [manage-listenClient] 发送心跳
2026_07_31-12:49:32 [W] [manage-listenClient] 发送心跳
2026_07_31-12:49:37 [W] [manage-listenClient] 发送心跳
2026_07_31-12:49:42 [W] [manage-listenClient] 发送心跳
2026_07_31-12:49:47 [W] [manage-listenClient] 发送心跳
2026_07_31-12:49:52 [W] [manage-listenClient] 发送心跳
2026_07_31-12:49:57 [W] [manage-listenClient] 发送心跳
2026_07_31-12:50:02 [W] [manage-listenClient] 发送心跳
2026_07_31-12:50:07 [W] [manage-listenClient] 发送心跳
2026_07_31-12:50:12 [W] [manage-listenClient] 发送心跳
2026_07_31-12:50:17 [W] [manage-listenClient] 发送心跳
2026_07_31-12:50:22 [W] [manage-listenClient] 发送心跳
2026_07_31-12:50:27 [W] [manage-listenClient] 发送心跳
2026_07_31-12:50:32 [W] [manage-listenClient] 发送心跳
2026_07_31-12:50:37 [W] [manage-listenClient] 发送心跳
2026_07_31-12:50:43 [W] [manage-listenClient] 发送心跳
2026_07_31-12:50:48 [W] [manage-listenClient] 发送心跳
2026_07_31-12:50:53 [W] [manage-listenClient] 发送心跳
2026_07_31-12:50:58 [W] [manage-listenClient] 发送心跳
2026_07_31-12:51:03 [W] [manage-listenClient] 发送心跳
2026_07_31-12:51:08 [W] [manage-listenClient] 发送心跳
2026_07_31-12:51:13 [W] [manage-listenClient] 发送心跳
2026_07_31-12:51:18 [W] [manage-listenClient] 发送心跳
2026_07_31-12:51:23 [W] [manage-listenClient] 发送心跳
2026_07_31-12:51:28 [W] [manage-listenClient] 发送心跳
2026_07_31-12:51:33 [W] [manage-listenClient] 发送心跳
2026_07_31-12:51:38 [W] [manage-listenClient] 发送心跳
2026_07_31-12:51:43 [W] [manage-listenClient] 发送心跳
2026_07_31-12:51:48 [W] [manage-listenClient] 发送心跳
2026_07_31-12:51:53 [W] [manage-listenClient] 发送心跳
2026_07_31-12:51:58 [W] [manage-listenClient] 发送心跳
2026_07_31-12:52:03 [W] [manage-listenClient] 发送心跳
2026_07_31-12:52:08 [W] [manage-listenClient] 发送心跳
2026_07_31-12:52:13 [W] [manage-listenClient] 发送心跳
2026_07_31-12:52:18 [W] [manage-listenClient] 发送心跳
2026_07_31-12:52:23 [W] [manage-listenClient] 发送心跳
2026_07_31-12:52:28 [W] [manage-listenClient] 发送心跳
2026_07_31-12:52:33 [W] [manage-listenClient] 发送心跳
2026_07_31-12:52:38 [W] [manage-listenClient] 发送心跳
2026_07_31-12:52:43 [W] [manage-listenClient] 发送心跳
2026_07_31-12:52:48 [W] [manage-listenClient] 发送心跳
2026_07_31-12:52:53 [W] [manage-listenClient] 发送心跳
2026_07_31-12:52:58 [W] [manage-listenClient] 发送心跳
2026_07_31-12:53:03 [W] [manage-listenClient] 发送心跳
2026_07_31-12:53:08 [W] [manage-listenClient] 发送心跳
2026_07_31-12:53:13 [W] [manage-listenClient] 发送心跳
2026_07_31-12:53:18 [W] [manage-listenClient] 发送心跳
2026_07_31-12:53:23 [W] [manage-listenClient] 发送心跳
2026_07_31-12:53:28 [W] [manage-listenClient] 发送心跳
2026_07_31-12:53:33 [W] [manage-listenClient] 发送心跳
2026_07_31-12:53:38 [W] [manage-listenClient] 发送心跳
2026_07_31-12:53:43 [W] [manage-listenClient] 发送心跳
2026_07_31-12:53:48 [W] [manage-listenClient] 发送心跳
2026_07_31-12:53:53 [W] [manage-listenClient] 发送心跳
2026_07_31-12:53:58 [W] [manage-listenClient] 发送心跳
2026_07_31-12:53:59 [D] [client] disconnect from 192.168.10.1:8090
2026_07_31-12:53:59 [I] [client] socket close = 3
2026_07_31-12:53:59 [W] [manage-listenClient] 断联：开始释放资源
2026_07_31-12:53:59 [W] [manage-listenClient] ClientQue.front()->getClientID() = 10,CurClientID.load() = 9
2026_07_31-12:53:59 [I] [client] socket connect = 1 kConnecting = 0 kConnected = 1 kDisconnecting = 2 kDisconnected = 3
2026_07_31-12:53:59 [W] [manage-CreateClient] 需要创建client Index = 12
2026_07_31-12:53:59 [D] [<UNNAME>] Connection::kConnected
2026_07_31-12:53:59 [W] [analysis] RxFlg.store(1)---serial_number = 1212 check_sn = 1212
2026_07_31-12:53:59 [W] [analysis] cv通知下发---serial_number = 1212 check_sn = 1212
2026_07_31-12:53:59 [D] [manage-listenClient] 已经授权成功，重复验证授权码
2026_07_31-12:53:59 [D] [manage-listenClient] Random: bxMjTE..., VIN: HTWW312510A000123
2026_07_31-12:53:59 [I] [manage-listenClient] License verified successfully for VIN: HTWW312510A000123
2026_07_31-12:53:59 [D] [manage-listenClient] License valid until: 2026-10-15 10:12:20
2026_07_31-12:53:59 [I] [manage-listenClient] License verified successfully for expiry: 1A0A0F0A0C14
2026_07_31-12:54:03 [W] [manage-listenClient] 发送心跳
2026_07_31-12:54:08 [W] [manage-listenClient] 发送心跳
2026_07_31-12:54:13 [W] [manage-listenClient] 发送心跳
2026_07_31-12:54:18 [W] [manage-listenClient] 发送心跳
2026_07_31-12:54:23 [W] [manage-listenClient] 发送心跳
2026_07_31-12:54:28 [W] [manage-listenClient] 发送心跳
2026_07_31-12:54:33 [W] [manage-listenClient] 发送心跳
2026_07_31-12:54:38 [W] [manage-listenClient] 发送心跳
2026_07_31-12:54:43 [W] [manage-listenClient] 发送心跳
2026_07_31-12:54:48 [W] [manage-listenClient] 发送心跳
2026_07_31-12:54:53 [W] [manage-listenClient] 发送心跳
2026_07_31-12:54:58 [W] [manage-listenClient] 发送心跳
2026_07_31-12:55:03 [W] [manage-listenClient] 发送心跳
2026_07_31-12:55:08 [W] [manage-listenClient] 发送心跳
2026_07_31-12:55:13 [W] [manage-listenClient] 发送心跳
2026_07_31-12:55:18 [W] [manage-listenClient] 发送心跳
2026_07_31-12:55:23 [W] [manage-listenClient] 发送心跳
2026_07_31-12:55:28 [W] [manage-listenClient] 发送心跳
2026_07_31-12:55:33 [W] [manage-listenClient] 发送心跳
2026_07_31-12:55:38 [W] [manage-listenClient] 发送心跳
2026_07_31-12:55:43 [W] [manage-listenClient] 发送心跳
2026_07_31-12:55:48 [W] [manage-listenClient] 发送心跳
2026_07_31-12:55:53 [W] [manage-listenClient] 发送心跳
2026_07_31-12:55:58 [W] [manage-listenClient] 发送心跳
2026_07_31-12:56:03 [W] [manage-listenClient] 发送心跳
2026_07_31-12:56:08 [W] [manage-listenClient] 发送心跳
2026_07_31-12:56:13 [W] [manage-listenClient] 发送心跳
2026_07_31-12:56:18 [W] [manage-listenClient] 发送心跳
2026_07_31-12:56:23 [W] [manage-listenClient] 发送心跳
2026_07_31-12:56:28 [W] [manage-listenClient] 发送心跳
2026_07_31-12:56:33 [W] [manage-listenClient] 发送心跳
2026_07_31-12:56:38 [W] [manage-listenClient] 发送心跳
2026_07_31-12:56:43 [W] [manage-listenClient] 发送心跳
2026_07_31-12:56:48 [W] [manage-listenClient] 发送心跳
2026_07_31-12:56:53 [W] [manage-listenClient] 发送心跳
2026_07_31-12:56:58 [W] [manage-listenClient] 发送心跳
2026_07_31-12:57:03 [W] [manage-listenClient] 发送心跳
2026_07_31-12:57:08 [W] [manage-listenClient] 发送心跳
2026_07_31-12:57:13 [W] [manage-listenClient] 发送心跳
2026_07_31-12:57:18 [W] [manage-listenClient] 发送心跳
2026_07_31-12:57:23 [W] [manage-listenClient] 发送心跳
2026_07_31-12:57:28 [W] [manage-listenClient] 发送心跳
2026_07_31-12:57:33 [W] [manage-listenClient] 发送心跳
2026_07_31-12:57:38 [W] [manage-listenClient] 发送心跳
2026_07_31-12:57:43 [W] [manage-listenClient] 发送心跳
2026_07_31-12:57:48 [W] [manage-listenClient] 发送心跳
2026_07_31-12:57:53 [W] [manage-listenClient] 发送心跳
2026_07_31-12:57:58 [W] [manage-listenClient] 发送心跳
2026_07_31-12:58:03 [W] [manage-listenClient] 发送心跳
2026_07_31-12:58:08 [W] [manage-listenClient] 发送心跳
2026_07_31-12:58:13 [W] [manage-listenClient] 发送心跳
2026_07_31-12:58:18 [W] [manage-listenClient] 发送心跳
2026_07_31-12:58:23 [W] [manage-listenClient] 发送心跳
2026_07_31-12:58:28 [W] [manage-listenClient] 发送心跳
2026_07_31-12:58:33 [W] [manage-listenClient] 发送心跳
2026_07_31-12:58:38 [W] [manage-listenClient] 发送心跳
2026_07_31-12:58:43 [W] [manage-listenClient] 发送心跳
2026_07_31-12:58:48 [W] [manage-listenClient] 发送心跳
2026_07_31-12:58:53 [W] [manage-listenClient] 发送心跳
2026_07_31-12:58:58 [W] [manage-listenClient] 发送心跳
2026_07_31-12:59:03 [W] [manage-listenClient] 发送心跳
2026_07_31-12:59:08 [W] [manage-listenClient] 发送心跳
2026_07_31-12:59:13 [W] [manage-listenClient] 发送心跳
2026_07_31-12:59:18 [W] [manage-listenClient] 发送心跳
2026_07_31-12:59:23 [W] [manage-listenClient] 发送心跳
2026_07_31-12:59:28 [W] [manage-listenClient] 发送心跳
2026_07_31-12:59:33 [W] [manage-listenClient] 发送心跳
2026_07_31-12:59:38 [W] [manage-listenClient] 发送心跳
2026_07_31-12:59:43 [W] [manage-listenClient] 发送心跳
2026_07_31-12:59:48 [W] [manage-listenClient] 发送心跳
2026_07_31-12:59:53 [W] [manage-listenClient] 发送心跳
2026_07_31-12:59:58 [W] [manage-listenClient] 发送心跳
2026_07_31-13:00:03 [W] [manage-listenClient] 发送心跳
2026_07_31-13:00:08 [W] [manage-listenClient] 发送心跳
2026_07_31-13:00:13 [W] [manage-listenClient] 发送心跳
2026_07_31-13:00:18 [W] [manage-listenClient] 发送心跳
2026_07_31-13:00:23 [W] [manage-listenClient] 发送心跳
2026_07_31-13:00:28 [W] [manage-listenClient] 发送心跳
2026_07_31-13:00:33 [W] [manage-listenClient] 发送心跳
2026_07_31-13:00:38 [W] [manage-listenClient] 发送心跳
2026_07_31-13:00:43 [W] [manage-listenClient] 发送心跳
2026_07_31-13:00:48 [W] [manage-listenClient] 发送心跳
2026_07_31-13:00:53 [W] [manage-listenClient] 发送心跳
2026_07_31-13:00:58 [W] [manage-listenClient] 发送心跳
2026_07_31-13:01:03 [W] [manage-listenClient] 发送心跳
2026_07_31-13:01:08 [W] [manage-listenClient] 发送心跳
2026_07_31-13:01:13 [W] [manage-listenClient] 发送心跳
2026_07_31-13:01:18 [W] [manage-listenClient] 发送心跳
2026_07_31-13:01:23 [W] [manage-listenClient] 发送心跳
2026_07_31-13:01:28 [W] [manage-listenClient] 发送心跳
2026_07_31-13:01:33 [W] [manage-listenClient] 发送心跳
2026_07_31-13:01:38 [W] [manage-listenClient] 发送心跳
2026_07_31-13:01:43 [W] [manage-listenClient] 发送心跳
2026_07_31-13:01:48 [W] [manage-listenClient] 发送心跳
2026_07_31-13:01:53 [W] [manage-listenClient] 发送心跳
2026_07_31-13:01:58 [W] [manage-listenClient] 发送心跳
2026_07_31-13:02:03 [W] [manage-listenClient] 发送心跳
2026_07_31-13:02:08 [W] [manage-listenClient] 发送心跳
2026_07_31-13:02:13 [W] [manage-listenClient] 发送心跳
2026_07_31-13:02:18 [W] [manage-listenClient] 发送心跳
2026_07_31-13:02:23 [W] [manage-listenClient] 发送心跳
2026_07_31-13:02:28 [W] [manage-listenClient] 发送心跳
2026_07_31-13:02:33 [W] [manage-listenClient] 发送心跳
2026_07_31-13:02:38 [W] [manage-listenClient] 发送心跳
2026_07_31-13:02:43 [W] [manage-listenClient] 发送心跳
2026_07_31-13:02:48 [W] [manage-listenClient] 发送心跳
2026_07_31-13:02:53 [W] [manage-listenClient] 发送心跳
2026_07_31-13:02:58 [W] [manage-listenClient] 发送心跳
2026_07_31-13:03:03 [W] [manage-listenClient] 发送心跳
2026_07_31-13:03:08 [W] [manage-listenClient] 发送心跳
2026_07_31-13:03:13 [W] [manage-listenClient] 发送心跳
2026_07_31-13:03:18 [W] [manage-listenClient] 发送心跳
2026_07_31-13:03:23 [W] [manage-listenClient] 发送心跳
2026_07_31-13:03:28 [W] [manage-listenClient] 发送心跳
2026_07_31-13:03:33 [W] [manage-listenClient] 发送心跳
2026_07_31-13:03:38 [W] [manage-listenClient] 发送心跳
2026_07_31-13:03:43 [W] [manage-listenClient] 发送心跳
2026_07_31-13:03:48 [W] [manage-listenClient] 发送心跳
2026_07_31-13:03:53 [W] [manage-listenClient] 发送心跳
2026_07_31-13:03:58 [W] [manage-listenClient] 发送心跳
2026_07_31-13:03:59 [D] [client] disconnect from 192.168.10.1:8090
2026_07_31-13:03:59 [I] [client] socket close = 3
2026_07_31-13:03:59 [W] [manage-listenClient] 断联：开始释放资源
2026_07_31-13:03:59 [W] [manage-listenClient] ClientQue.front()->getClientID() = 11,CurClientID.load() = 10
2026_07_31-13:03:59 [I] [client] socket connect = 1 kConnecting = 0 kConnected = 1 kDisconnecting = 2 kDisconnected = 3
2026_07_31-13:03:59 [W] [manage-CreateClient] 需要创建client Index = 13
2026_07_31-13:03:59 [D] [<UNNAME>] Connection::kConnected
2026_07_31-13:04:00 [W] [analysis] RxFlg.store(1)---serial_number = 1333 check_sn = 1333
2026_07_31-13:04:00 [W] [analysis] cv通知下发---serial_number = 1333 check_sn = 1333
2026_07_31-13:04:00 [D] [manage-listenClient] 已经授权成功，重复验证授权码
2026_07_31-13:04:00 [D] [manage-listenClient] Random: bxMjTE..., VIN: HTWW312510A000123
2026_07_31-13:04:00 [I] [manage-listenClient] License verified successfully for VIN: HTWW312510A000123
2026_07_31-13:04:00 [D] [manage-listenClient] License valid until: 2026-10-15 10:12:20
2026_07_31-13:04:00 [I] [manage-listenClient] License verified successfully for expiry: 1A0A0F0A0C14
2026_07_31-13:04:03 [W] [manage-listenClient] 发送心跳
2026_07_31-13:04:08 [W] [manage-listenClient] 发送心跳
2026_07_31-13:04:13 [W] [manage-listenClient] 发送心跳
2026_07_31-13:04:18 [W] [manage-listenClient] 发送心跳
2026_07_31-13:04:23 [W] [manage-listenClient] 发送心跳
2026_07_31-13:04:28 [W] [manage-listenClient] 发送心跳
2026_07_31-13:04:33 [W] [manage-listenClient] 发送心跳
2026_07_31-13:04:38 [W] [manage-listenClient] 发送心跳
2026_07_31-13:04:43 [W] [manage-listenClient] 发送心跳
2026_07_31-13:04:48 [W] [manage-listenClient] 发送心跳
2026_07_31-13:04:53 [W] [manage-listenClient] 发送心跳
2026_07_31-13:04:58 [W] [manage-listenClient] 发送心跳
2026_07_31-13:05:03 [W] [manage-listenClient] 发送心跳
2026_07_31-13:05:08 [W] [manage-listenClient] 发送心跳
2026_07_31-13:05:13 [W] [manage-listenClient] 发送心跳
2026_07_31-13:05:18 [W] [manage-listenClient] 发送心跳
2026_07_31-13:05:23 [W] [manage-listenClient] 发送心跳
2026_07_31-13:05:28 [W] [manage-listenClient] 发送心跳
2026_07_31-13:05:33 [W] [manage-listenClient] 发送心跳
2026_07_31-13:05:38 [W] [manage-listenClient] 发送心跳
2026_07_31-13:05:43 [W] [manage-listenClient] 发送心跳
2026_07_31-13:05:48 [W] [manage-listenClient] 发送心跳
2026_07_31-13:05:53 [W] [manage-listenClient] 发送心跳
2026_07_31-13:05:58 [W] [manage-listenClient] 发送心跳
2026_07_31-13:06:03 [W] [manage-listenClient] 发送心跳
2026_07_31-13:06:08 [W] [manage-listenClient] 发送心跳
2026_07_31-13:06:13 [W] [manage-listenClient] 发送心跳
2026_07_31-13:06:18 [W] [manage-listenClient] 发送心跳
2026_07_31-13:06:23 [W] [manage-listenClient] 发送心跳
2026_07_31-13:06:28 [W] [manage-listenClient] 发送心跳
2026_07_31-13:06:33 [W] [manage-listenClient] 发送心跳
2026_07_31-13:06:38 [W] [manage-listenClient] 发送心跳
2026_07_31-13:06:43 [W] [manage-listenClient] 发送心跳
2026_07_31-13:06:48 [W] [manage-listenClient] 发送心跳
2026_07_31-13:06:53 [W] [manage-listenClient] 发送心跳
2026_07_31-13:06:58 [W] [manage-listenClient] 发送心跳
2026_07_31-13:07:03 [W] [manage-listenClient] 发送心跳
2026_07_31-13:07:08 [W] [manage-listenClient] 发送心跳
2026_07_31-13:07:13 [W] [manage-listenClient] 发送心跳
2026_07_31-13:07:18 [W] [manage-listenClient] 发送心跳
2026_07_31-13:07:23 [W] [manage-listenClient] 发送心跳
2026_07_31-13:07:28 [W] [manage-listenClient] 发送心跳
2026_07_31-13:07:33 [W] [manage-listenClient] 发送心跳
2026_07_31-13:07:38 [W] [manage-listenClient] 发送心跳
2026_07_31-13:07:43 [W] [manage-listenClient] 发送心跳
2026_07_31-13:07:48 [W] [manage-listenClient] 发送心跳
2026_07_31-13:07:53 [W] [manage-listenClient] 发送心跳
2026_07_31-13:07:58 [W] [manage-listenClient] 发送心跳
2026_07_31-13:08:03 [W] [manage-listenClient] 发送心跳
2026_07_31-13:08:08 [W] [manage-listenClient] 发送心跳
2026_07_31-13:08:13 [W] [manage-listenClient] 发送心跳
2026_07_31-13:08:18 [W] [manage-listenClient] 发送心跳
2026_07_31-13:08:23 [W] [manage-listenClient] 发送心跳
2026_07_31-13:08:28 [W] [manage-listenClient] 发送心跳
2026_07_31-13:08:33 [W] [manage-listenClient] 发送心跳
2026_07_31-13:08:38 [W] [manage-listenClient] 发送心跳
2026_07_31-13:08:43 [W] [manage-listenClient] 发送心跳
2026_07_31-13:08:48 [W] [manage-listenClient] 发送心跳
2026_07_31-13:08:53 [W] [manage-listenClient] 发送心跳
2026_07_31-13:08:58 [W] [manage-listenClient] 发送心跳
2026_07_31-13:09:03 [W] [manage-listenClient] 发送心跳
2026_07_31-13:09:08 [W] [manage-listenClient] 发送心跳
2026_07_31-13:09:13 [W] [manage-listenClient] 发送心跳
2026_07_31-13:09:18 [W] [manage-listenClient] 发送心跳
2026_07_31-13:09:23 [W] [manage-listenClient] 发送心跳
2026_07_31-13:09:28 [W] [manage-listenClient] 发送心跳
2026_07_31-13:09:33 [W] [manage-listenClient] 发送心跳
2026_07_31-13:09:38 [W] [manage-listenClient] 发送心跳
2026_07_31-13:09:43 [W] [manage-listenClient] 发送心跳
2026_07_31-13:09:48 [W] [manage-listenClient] 发送心跳
2026_07_31-13:09:53 [W] [manage-listenClient] 发送心跳
2026_07_31-13:09:58 [W] [manage-listenClient] 发送心跳
2026_07_31-13:10:03 [W] [manage-listenClient] 发送心跳
2026_07_31-13:10:08 [W] [manage-listenClient] 发送心跳
2026_07_31-13:10:13 [W] [manage-listenClient] 发送心跳
2026_07_31-13:10:18 [W] [manage-listenClient] 发送心跳
2026_07_31-13:10:23 [W] [manage-listenClient] 发送心跳
2026_07_31-13:10:28 [W] [manage-listenClient] 发送心跳
2026_07_31-13:10:33 [W] [manage-listenClient] 发送心跳
2026_07_31-13:10:38 [W] [manage-listenClient] 发送心跳
2026_07_31-13:10:43 [W] [manage-listenClient] 发送心跳
2026_07_31-13:10:48 [W] [manage-listenClient] 发送心跳
2026_07_31-13:10:53 [W] [manage-listenClient] 发送心跳
2026_07_31-13:10:58 [W] [manage-listenClient] 发送心跳
2026_07_31-13:11:03 [W] [manage-listenClient] 发送心跳
2026_07_31-13:11:08 [W] [manage-listenClient] 发送心跳
2026_07_31-13:11:13 [W] [manage-listenClient] 发送心跳
2026_07_31-13:11:18 [W] [manage-listenClient] 发送心跳
2026_07_31-13:11:23 [W] [manage-listenClient] 发送心跳
2026_07_31-13:11:28 [W] [manage-listenClient] 发送心跳
2026_07_31-13:11:33 [W] [manage-listenClient] 发送心跳
2026_07_31-13:11:38 [W] [manage-listenClient] 发送心跳
2026_07_31-13:11:43 [W] [manage-listenClient] 发送心跳
2026_07_31-13:11:48 [W] [manage-listenClient] 发送心跳
2026_07_31-13:11:53 [W] [manage-listenClient] 发送心跳
2026_07_31-13:11:58 [W] [manage-listenClient] 发送心跳
2026_07_31-13:12:03 [W] [manage-listenClient] 发送心跳
2026_07_31-13:12:08 [W] [manage-listenClient] 发送心跳
2026_07_31-13:12:13 [W] [manage-listenClient] 发送心跳
2026_07_31-13:12:18 [W] [manage-listenClient] 发送心跳
2026_07_31-13:12:23 [W] [manage-listenClient] 发送心跳
2026_07_31-13:12:28 [W] [manage-listenClient] 发送心跳
2026_07_31-13:12:33 [W] [manage-listenClient] 发送心跳
2026_07_31-13:12:38 [W] [manage-listenClient] 发送心跳
2026_07_31-13:12:43 [W] [manage-listenClient] 发送心跳
2026_07_31-13:12:48 [W] [manage-listenClient] 发送心跳
2026_07_31-13:12:53 [W] [manage-listenClient] 发送心跳
2026_07_31-13:12:58 [W] [manage-listenClient] 发送心跳
2026_07_31-13:13:03 [W] [manage-listenClient] 发送心跳
2026_07_31-13:13:08 [W] [manage-listenClient] 发送心跳
2026_07_31-13:13:13 [W] [manage-listenClient] 发送心跳
2026_07_31-13:13:18 [W] [manage-listenClient] 发送心跳
2026_07_31-13:13:23 [W] [manage-listenClient] 发送心跳
2026_07_31-13:13:28 [W] [manage-listenClient] 发送心跳
2026_07_31-13:13:33 [W] [manage-listenClient] 发送心跳
2026_07_31-13:13:39 [W] [manage-listenClient] 发送心跳
2026_07_31-13:13:44 [W] [manage-listenClient] 发送心跳
2026_07_31-13:13:49 [W] [manage-listenClient] 发送心跳
2026_07_31-13:13:54 [W] [manage-listenClient] 发送心跳
2026_07_31-13:13:59 [W] [manage-listenClient] 发送心跳
2026_07_31-13:13:59 [D] [client] disconnect from 192.168.10.1:8090
2026_07_31-13:13:59 [I] [client] socket close = 3
2026_07_31-13:14:00 [W] [manage-listenClient] 断联：开始释放资源
2026_07_31-13:14:00 [W] [manage-listenClient] ClientQue.front()->getClientID() = 12,CurClientID.load() = 11
2026_07_31-13:14:00 [I] [client] socket connect = 1 kConnecting = 0 kConnected = 1 kDisconnecting = 2 kDisconnected = 3
2026_07_31-13:14:00 [W] [manage-CreateClient] 需要创建client Index = 14
2026_07_31-13:14:00 [D] [<UNNAME>] Connection::kConnected
2026_07_31-13:14:00 [W] [analysis] RxFlg.store(1)---serial_number = 1454 check_sn = 1454
2026_07_31-13:14:00 [W] [analysis] cv通知下发---serial_number = 1454 check_sn = 1454
2026_07_31-13:14:00 [D] [manage-listenClient] 已经授权成功，重复验证授权码
2026_07_31-13:14:00 [D] [manage-listenClient] Random: bxMjTE..., VIN: HTWW312510A000123
2026_07_31-13:14:00 [I] [manage-listenClient] License verified successfully for VIN: HTWW312510A000123
2026_07_31-13:14:00 [D] [manage-listenClient] License valid until: 2026-10-15 10:12:20
2026_07_31-13:14:00 [I] [manage-listenClient] License verified successfully for expiry: 1A0A0F0A0C14
2026_07_31-13:14:04 [W] [manage-listenClient] 发送心跳
2026_07_31-13:14:09 [W] [manage-listenClient] 发送心跳
2026_07_31-13:14:14 [W] [manage-listenClient] 发送心跳
2026_07_31-13:14:19 [W] [manage-listenClient] 发送心跳
2026_07_31-13:14:24 [W] [manage-listenClient] 发送心跳
2026_07_31-13:14:29 [W] [manage-listenClient] 发送心跳
2026_07_31-13:14:34 [W] [manage-listenClient] 发送心跳
2026_07_31-13:14:39 [W] [manage-listenClient] 发送心跳
2026_07_31-13:14:44 [W] [manage-listenClient] 发送心跳
2026_07_31-13:14:49 [W] [manage-listenClient] 发送心跳
2026_07_31-13:14:54 [W] [manage-listenClient] 发送心跳
2026_07_31-13:14:59 [W] [manage-listenClient] 发送心跳
2026_07_31-13:15:04 [W] [manage-listenClient] 发送心跳
2026_07_31-13:15:09 [W] [manage-listenClient] 发送心跳
2026_07_31-13:15:14 [W] [manage-listenClient] 发送心跳
2026_07_31-13:15:19 [W] [manage-listenClient] 发送心跳
2026_07_31-13:15:24 [W] [manage-listenClient] 发送心跳
2026_07_31-13:15:29 [W] [manage-listenClient] 发送心跳
2026_07_31-13:15:34 [W] [manage-listenClient] 发送心跳
2026_07_31-13:15:39 [W] [manage-listenClient] 发送心跳
2026_07_31-13:15:44 [W] [manage-listenClient] 发送心跳
2026_07_31-13:15:49 [W] [manage-listenClient] 发送心跳
2026_07_31-13:15:54 [W] [manage-listenClient] 发送心跳
2026_07_31-13:15:59 [W] [manage-listenClient] 发送心跳
2026_07_31-13:16:04 [W] [manage-listenClient] 发送心跳
2026_07_31-13:16:09 [W] [manage-listenClient] 发送心跳
2026_07_31-13:16:14 [W] [manage-listenClient] 发送心跳
2026_07_31-13:16:19 [W] [manage-listenClient] 发送心跳
2026_07_31-13:16:24 [W] [manage-listenClient] 发送心跳
2026_07_31-13:16:29 [W] [manage-listenClient] 发送心跳
2026_07_31-13:16:34 [W] [manage-listenClient] 发送心跳
2026_07_31-13:16:39 [W] [manage-listenClient] 发送心跳
2026_07_31-13:16:44 [W] [manage-listenClient] 发送心跳
2026_07_31-13:16:49 [W] [manage-listenClient] 发送心跳
2026_07_31-13:16:54 [W] [manage-listenClient] 发送心跳
2026_07_31-13:16:59 [W] [manage-listenClient] 发送心跳
2026_07_31-13:17:04 [W] [manage-listenClient] 发送心跳
2026_07_31-13:17:09 [W] [manage-listenClient] 发送心跳
2026_07_31-13:17:14 [W] [manage-listenClient] 发送心跳
2026_07_31-13:17:19 [W] [manage-listenClient] 发送心跳
2026_07_31-13:17:24 [W] [manage-listenClient] 发送心跳
2026_07_31-13:17:29 [W] [manage-listenClient] 发送心跳
2026_07_31-13:17:34 [W] [manage-listenClient] 发送心跳
2026_07_31-13:17:39 [W] [manage-listenClient] 发送心跳
2026_07_31-13:17:44 [W] [manage-listenClient] 发送心跳
2026_07_31-13:17:49 [W] [manage-listenClient] 发送心跳
2026_07_31-13:17:54 [W] [manage-listenClient] 发送心跳
2026_07_31-13:17:59 [W] [manage-listenClient] 发送心跳
2026_07_31-13:18:04 [W] [manage-listenClient] 发送心跳
2026_07_31-13:18:09 [W] [manage-listenClient] 发送心跳
2026_07_31-13:18:14 [W] [manage-listenClient] 发送心跳
2026_07_31-13:18:19 [W] [manage-listenClient] 发送心跳
2026_07_31-13:18:24 [W] [manage-listenClient] 发送心跳
2026_07_31-13:18:29 [W] [manage-listenClient] 发送心跳
2026_07_31-13:18:34 [W] [manage-listenClient] 发送心跳
2026_07_31-13:18:39 [W] [manage-listenClient] 发送心跳
2026_07_31-13:18:44 [W] [manage-listenClient] 发送心跳
2026_07_31-13:18:49 [W] [manage-listenClient] 发送心跳
2026_07_31-13:18:54 [W] [manage-listenClient] 发送心跳
2026_07_31-13:18:59 [W] [manage-listenClient] 发送心跳
2026_07_31-13:19:04 [W] [manage-listenClient] 发送心跳
2026_07_31-13:19:09 [W] [manage-listenClient] 发送心跳
2026_07_31-13:19:14 [W] [manage-listenClient] 发送心跳
2026_07_31-13:19:19 [W] [manage-listenClient] 发送心跳
2026_07_31-13:19:24 [W] [manage-listenClient] 发送心跳
2026_07_31-13:19:29 [W] [manage-listenClient] 发送心跳
2026_07_31-13:19:34 [W] [manage-listenClient] 发送心跳
2026_07_31-13:19:39 [W] [manage-listenClient] 发送心跳
2026_07_31-13:19:44 [W] [manage-listenClient] 发送心跳
2026_07_31-13:19:49 [W] [manage-listenClient] 发送心跳
2026_07_31-13:19:54 [W] [manage-listenClient] 发送心跳
2026_07_31-13:19:59 [W] [manage-listenClient] 发送心跳
2026_07_31-13:20:04 [W] [manage-listenClient] 发送心跳
2026_07_31-13:20:09 [W] [manage-listenClient] 发送心跳
2026_07_31-13:20:14 [W] [manage-listenClient] 发送心跳
2026_07_31-13:20:19 [W] [manage-listenClient] 发送心跳
2026_07_31-13:20:24 [W] [manage-listenClient] 发送心跳
2026_07_31-13:20:29 [W] [manage-listenClient] 发送心跳
2026_07_31-13:20:34 [W] [manage-listenClient] 发送心跳
2026_07_31-13:20:39 [W] [manage-listenClient] 发送心跳
2026_07_31-13:20:44 [W] [manage-listenClient] 发送心跳
2026_07_31-13:20:49 [W] [manage-listenClient] 发送心跳
2026_07_31-13:20:54 [W] [manage-listenClient] 发送心跳
2026_07_31-13:20:59 [W] [manage-listenClient] 发送心跳
2026_07_31-13:21:04 [W] [manage-listenClient] 发送心跳
2026_07_31-13:21:09 [W] [manage-listenClient] 发送心跳
2026_07_31-13:21:14 [W] [manage-listenClient] 发送心跳
2026_07_31-13:21:19 [W] [manage-listenClient] 发送心跳
2026_07_31-13:21:24 [W] [manage-listenClient] 发送心跳
2026_07_31-13:21:29 [W] [manage-listenClient] 发送心跳
2026_07_31-13:21:34 [W] [manage-listenClient] 发送心跳
2026_07_31-13:21:39 [W] [manage-listenClient] 发送心跳
2026_07_31-13:21:44 [W] [manage-listenClient] 发送心跳
2026_07_31-13:21:49 [W] [manage-listenClient] 发送心跳
2026_07_31-13:21:54 [W] [manage-listenClient] 发送心跳
2026_07_31-13:21:59 [W] [manage-listenClient] 发送心跳
2026_07_31-13:22:04 [W] [manage-listenClient] 发送心跳
2026_07_31-13:22:09 [W] [manage-listenClient] 发送心跳
2026_07_31-13:22:14 [W] [manage-listenClient] 发送心跳
2026_07_31-13:22:19 [W] [manage-listenClient] 发送心跳
2026_07_31-13:22:24 [W] [manage-listenClient] 发送心跳
2026_07_31-13:22:29 [W] [manage-listenClient] 发送心跳
2026_07_31-13:22:34 [W] [manage-listenClient] 发送心跳
2026_07_31-13:22:39 [W] [manage-listenClient] 发送心跳
2026_07_31-13:22:44 [W] [manage-listenClient] 发送心跳
2026_07_31-13:22:49 [W] [manage-listenClient] 发送心跳
2026_07_31-13:22:54 [W] [manage-listenClient] 发送心跳
2026_07_31-13:22:59 [W] [manage-listenClient] 发送心跳
2026_07_31-13:23:04 [W] [manage-listenClient] 发送心跳
2026_07_31-13:23:09 [W] [manage-listenClient] 发送心跳
2026_07_31-13:23:14 [W] [manage-listenClient] 发送心跳
2026_07_31-13:23:19 [W] [manage-listenClient] 发送心跳
2026_07_31-13:23:24 [W] [manage-listenClient] 发送心跳
2026_07_31-13:23:29 [W] [manage-listenClient] 发送心跳
2026_07_31-13:23:34 [W] [manage-listenClient] 发送心跳
2026_07_31-13:23:39 [W] [manage-listenClient] 发送心跳
2026_07_31-13:23:44 [W] [manage-listenClient] 发送心跳
2026_07_31-13:23:49 [W] [manage-listenClient] 发送心跳
2026_07_31-13:23:54 [W] [manage-listenClient] 发送心跳
2026_07_31-13:23:59 [W] [manage-listenClient] 发送心跳
2026_07_31-13:24:00 [D] [client] disconnect from 192.168.10.1:8090
2026_07_31-13:24:00 [I] [client] socket close = 3
2026_07_31-13:24:00 [W] [manage-listenClient] 断联：开始释放资源
2026_07_31-13:24:00 [W] [manage-listenClient] ClientQue.front()->getClientID() = 13,CurClientID.load() = 12
2026_07_31-13:24:00 [I] [client] socket connect = 1 kConnecting = 0 kConnected = 1 kDisconnecting = 2 kDisconnected = 3
2026_07_31-13:24:00 [W] [manage-CreateClient] 需要创建client Index = 15
2026_07_31-13:24:00 [D] [<UNNAME>] Connection::kConnected
2026_07_31-13:24:00 [W] [analysis] RxFlg.store(1)---serial_number = 1575 check_sn = 1575
2026_07_31-13:24:00 [W] [analysis] cv通知下发---serial_number = 1575 check_sn = 1575
2026_07_31-13:24:00 [D] [manage-listenClient] 已经授权成功，重复验证授权码
2026_07_31-13:24:00 [D] [manage-listenClient] Random: bxMjTE..., VIN: HTWW312510A000123
2026_07_31-13:24:00 [I] [manage-listenClient] License verified successfully for VIN: HTWW312510A000123
2026_07_31-13:24:00 [D] [manage-listenClient] License valid until: 2026-10-15 10:12:20
2026_07_31-13:24:00 [I] [manage-listenClient] License verified successfully for expiry: 1A0A0F0A0C14
2026_07_31-13:24:04 [W] [manage-listenClient] 发送心跳
2026_07_31-13:24:09 [W] [manage-listenClient] 发送心跳
2026_07_31-13:24:14 [W] [manage-listenClient] 发送心跳
2026_07_31-13:24:19 [W] [manage-listenClient] 发送心跳
2026_07_31-13:24:24 [W] [manage-listenClient] 发送心跳
2026_07_31-13:24:29 [W] [manage-listenClient] 发送心跳
2026_07_31-13:24:34 [W] [manage-listenClient] 发送心跳
2026_07_31-13:24:39 [W] [manage-listenClient] 发送心跳
2026_07_31-13:24:44 [W] [manage-listenClient] 发送心跳
2026_07_31-13:24:49 [W] [manage-listenClient] 发送心跳
2026_07_31-13:24:54 [W] [manage-listenClient] 发送心跳
2026_07_31-13:24:59 [W] [manage-listenClient] 发送心跳
2026_07_31-13:25:04 [W] [manage-listenClient] 发送心跳
2026_07_31-13:25:09 [W] [manage-listenClient] 发送心跳
2026_07_31-13:25:14 [W] [manage-listenClient] 发送心跳
2026_07_31-13:25:19 [W] [manage-listenClient] 发送心跳
2026_07_31-13:25:24 [W] [manage-listenClient] 发送心跳
2026_07_31-13:25:29 [W] [manage-listenClient] 发送心跳
2026_07_31-13:25:34 [W] [manage-listenClient] 发送心跳
2026_07_31-13:25:39 [W] [manage-listenClient] 发送心跳
2026_07_31-13:25:44 [W] [manage-listenClient] 发送心跳
2026_07_31-13:25:49 [W] [manage-listenClient] 发送心跳
2026_07_31-13:25:54 [W] [manage-listenClient] 发送心跳
2026_07_31-13:25:59 [W] [manage-listenClient] 发送心跳
2026_07_31-13:26:04 [W] [manage-listenClient] 发送心跳
2026_07_31-13:26:09 [W] [manage-listenClient] 发送心跳
2026_07_31-13:26:14 [W] [manage-listenClient] 发送心跳
2026_07_31-13:26:19 [W] [manage-listenClient] 发送心跳
2026_07_31-13:26:24 [W] [manage-listenClient] 发送心跳
2026_07_31-13:26:29 [W] [manage-listenClient] 发送心跳
2026_07_31-13:26:34 [W] [manage-listenClient] 发送心跳
2026_07_31-13:26:39 [W] [manage-listenClient] 发送心跳
2026_07_31-13:26:44 [W] [manage-listenClient] 发送心跳
2026_07_31-13:26:49 [W] [manage-listenClient] 发送心跳
2026_07_31-13:26:54 [W] [manage-listenClient] 发送心跳
2026_07_31-13:26:59 [W] [manage-listenClient] 发送心跳
2026_07_31-13:27:04 [W] [manage-listenClient] 发送心跳
2026_07_31-13:27:09 [W] [manage-listenClient] 发送心跳
2026_07_31-13:27:14 [W] [manage-listenClient] 发送心跳
2026_07_31-13:27:19 [W] [manage-listenClient] 发送心跳
2026_07_31-13:27:24 [W] [manage-listenClient] 发送心跳
2026_07_31-13:27:29 [W] [manage-listenClient] 发送心跳
2026_07_31-13:27:34 [W] [manage-listenClient] 发送心跳
2026_07_31-13:27:39 [W] [manage-listenClient] 发送心跳
2026_07_31-13:27:44 [W] [manage-listenClient] 发送心跳
2026_07_31-13:27:49 [W] [manage-listenClient] 发送心跳
2026_07_31-13:27:54 [W] [manage-listenClient] 发送心跳
2026_07_31-13:27:59 [W] [manage-listenClient] 发送心跳
2026_07_31-13:28:04 [W] [manage-listenClient] 发送心跳
2026_07_31-13:28:09 [W] [manage-listenClient] 发送心跳
2026_07_31-13:28:14 [W] [manage-listenClient] 发送心跳
2026_07_31-13:28:19 [W] [manage-listenClient] 发送心跳
2026_07_31-13:28:24 [W] [manage-listenClient] 发送心跳
2026_07_31-13:28:29 [W] [manage-listenClient] 发送心跳
2026_07_31-13:28:34 [W] [manage-listenClient] 发送心跳
2026_07_31-13:28:39 [W] [manage-listenClient] 发送心跳
2026_07_31-13:28:44 [W] [manage-listenClient] 发送心跳
2026_07_31-13:28:49 [W] [manage-listenClient] 发送心跳
2026_07_31-13:28:54 [W] [manage-listenClient] 发送心跳
2026_07_31-13:28:59 [W] [manage-listenClient] 发送心跳
2026_07_31-13:29:04 [W] [manage-listenClient] 发送心跳
2026_07_31-13:29:09 [W] [manage-listenClient] 发送心跳
2026_07_31-13:29:14 [W] [manage-listenClient] 发送心跳
2026_07_31-13:29:19 [W] [manage-listenClient] 发送心跳
2026_07_31-13:29:24 [W] [manage-listenClient] 发送心跳
2026_07_31-13:29:29 [W] [manage-listenClient] 发送心跳
2026_07_31-13:29:34 [W] [manage-listenClient] 发送心跳
2026_07_31-13:29:39 [W] [manage-listenClient] 发送心跳
2026_07_31-13:29:44 [W] [manage-listenClient] 发送心跳
2026_07_31-13:29:49 [W] [manage-listenClient] 发送心跳
2026_07_31-13:29:54 [W] [manage-listenClient] 发送心跳
2026_07_31-13:29:59 [W] [manage-listenClient] 发送心跳
2026_07_31-13:30:04 [W] [manage-listenClient] 发送心跳
2026_07_31-13:30:09 [W] [manage-listenClient] 发送心跳
2026_07_31-13:30:14 [W] [manage-listenClient] 发送心跳
2026_07_31-13:30:19 [W] [manage-listenClient] 发送心跳
2026_07_31-13:30:24 [W] [manage-listenClient] 发送心跳
2026_07_31-13:30:29 [W] [manage-listenClient] 发送心跳
2026_07_31-13:30:34 [W] [manage-listenClient] 发送心跳
2026_07_31-13:30:39 [W] [manage-listenClient] 发送心跳
2026_07_31-13:30:44 [W] [manage-listenClient] 发送心跳
2026_07_31-13:30:49 [W] [manage-listenClient] 发送心跳
2026_07_31-13:30:54 [W] [manage-listenClient] 发送心跳
2026_07_31-13:30:59 [W] [manage-listenClient] 发送心跳
2026_07_31-13:31:04 [W] [manage-listenClient] 发送心跳
2026_07_31-13:31:09 [W] [manage-listenClient] 发送心跳
2026_07_31-13:31:14 [W] [manage-listenClient] 发送心跳
2026_07_31-13:31:19 [W] [manage-listenClient] 发送心跳
2026_07_31-13:31:24 [W] [manage-listenClient] 发送心跳
2026_07_31-13:31:29 [W] [manage-listenClient] 发送心跳
2026_07_31-13:31:34 [W] [manage-listenClient] 发送心跳
2026_07_31-13:31:39 [W] [manage-listenClient] 发送心跳
2026_07_31-13:31:44 [W] [manage-listenClient] 发送心跳
2026_07_31-13:31:49 [W] [manage-listenClient] 发送心跳
2026_07_31-13:31:54 [W] [manage-listenClient] 发送心跳
2026_07_31-13:31:59 [W] [manage-listenClient] 发送心跳
2026_07_31-13:32:04 [W] [manage-listenClient] 发送心跳
2026_07_31-13:32:09 [W] [manage-listenClient] 发送心跳
2026_07_31-13:32:14 [W] [manage-listenClient] 发送心跳
2026_07_31-13:32:19 [W] [manage-listenClient] 发送心跳
2026_07_31-13:32:24 [W] [manage-listenClient] 发送心跳
2026_07_31-13:32:29 [W] [manage-listenClient] 发送心跳
2026_07_31-13:32:34 [W] [manage-listenClient] 发送心跳
2026_07_31-13:32:39 [W] [manage-listenClient] 发送心跳
2026_07_31-13:32:44 [W] [manage-listenClient] 发送心跳
2026_07_31-13:32:49 [W] [manage-listenClient] 发送心跳
2026_07_31-13:32:54 [W] [manage-listenClient] 发送心跳
2026_07_31-13:32:59 [W] [manage-listenClient] 发送心跳
2026_07_31-13:33:04 [W] [manage-listenClient] 发送心跳
2026_07_31-13:33:10 [W] [manage-listenClient] 发送心跳
2026_07_31-13:33:15 [W] [manage-listenClient] 发送心跳
2026_07_31-13:33:20 [W] [manage-listenClient] 发送心跳
2026_07_31-13:33:25 [W] [manage-listenClient] 发送心跳
2026_07_31-13:33:30 [W] [manage-listenClient] 发送心跳
2026_07_31-13:33:35 [W] [manage-listenClient] 发送心跳
2026_07_31-13:33:40 [W] [manage-listenClient] 发送心跳
2026_07_31-13:33:45 [W] [manage-listenClient] 发送心跳
2026_07_31-13:33:50 [W] [manage-listenClient] 发送心跳
2026_07_31-13:33:55 [W] [manage-listenClient] 发送心跳
2026_07_31-13:34:00 [W] [manage-listenClient] 发送心跳
2026_07_31-13:34:00 [D] [client] disconnect from 192.168.10.1:8090
2026_07_31-13:34:00 [I] [client] socket close = 3
2026_07_31-13:34:00 [W] [manage-listenClient] 断联：开始释放资源
2026_07_31-13:34:00 [W] [manage-listenClient] ClientQue.front()->getClientID() = 14,CurClientID.load() = 13
2026_07_31-13:34:00 [I] [client] socket connect = 1 kConnecting = 0 kConnected = 1 kDisconnecting = 2 kDisconnected = 3
2026_07_31-13:34:00 [W] [manage-CreateClient] 需要创建client Index = 16
2026_07_31-13:34:00 [D] [<UNNAME>] Connection::kConnected
2026_07_31-13:34:01 [W] [analysis] RxFlg.store(1)---serial_number = 1696 check_sn = 1696
2026_07_31-13:34:01 [W] [analysis] cv通知下发---serial_number = 1696 check_sn = 1696
2026_07_31-13:34:01 [D] [manage-listenClient] 已经授权成功，重复验证授权码
2026_07_31-13:34:01 [D] [manage-listenClient] Random: bxMjTE..., VIN: HTWW312510A000123
2026_07_31-13:34:01 [I] [manage-listenClient] License verified successfully for VIN: HTWW312510A000123
2026_07_31-13:34:01 [D] [manage-listenClient] License valid until: 2026-10-15 10:12:20
2026_07_31-13:34:01 [I] [manage-listenClient] License verified successfully for expiry: 1A0A0F0A0C14
2026_07_31-13:34:05 [W] [manage-listenClient] 发送心跳
2026_07_31-13:34:10 [W] [manage-listenClient] 发送心跳
2026_07_31-13:34:15 [W] [manage-listenClient] 发送心跳
2026_07_31-13:34:20 [W] [manage-listenClient] 发送心跳
2026_07_31-13:34:25 [W] [manage-listenClient] 发送心跳
2026_07_31-13:34:30 [W] [manage-listenClient] 发送心跳
2026_07_31-13:34:35 [W] [manage-listenClient] 发送心跳
2026_07_31-13:34:40 [W] [manage-listenClient] 发送心跳
2026_07_31-13:34:45 [W] [manage-listenClient] 发送心跳
2026_07_31-13:34:50 [W] [manage-listenClient] 发送心跳
2026_07_31-13:34:55 [W] [manage-listenClient] 发送心跳
2026_07_31-13:35:00 [W] [manage-listenClient] 发送心跳
2026_07_31-13:35:05 [W] [manage-listenClient] 发送心跳
2026_07_31-13:35:10 [W] [manage-listenClient] 发送心跳
2026_07_31-13:35:15 [W] [manage-listenClient] 发送心跳
2026_07_31-13:35:20 [W] [manage-listenClient] 发送心跳
2026_07_31-13:35:25 [W] [manage-listenClient] 发送心跳
2026_07_31-13:35:30 [W] [manage-listenClient] 发送心跳
2026_07_31-13:35:35 [W] [manage-listenClient] 发送心跳
2026_07_31-13:35:40 [W] [manage-listenClient] 发送心跳
2026_07_31-13:35:45 [W] [manage-listenClient] 发送心跳
2026_07_31-13:35:50 [W] [manage-listenClient] 发送心跳
2026_07_31-13:35:55 [W] [manage-listenClient] 发送心跳
2026_07_31-13:36:00 [W] [manage-listenClient] 发送心跳
2026_07_31-13:36:05 [W] [manage-listenClient] 发送心跳
2026_07_31-13:36:10 [W] [manage-listenClient] 发送心跳
2026_07_31-13:36:15 [W] [manage-listenClient] 发送心跳
2026_07_31-13:36:20 [W] [manage-listenClient] 发送心跳
2026_07_31-13:36:25 [W] [manage-listenClient] 发送心跳
2026_07_31-13:36:30 [W] [manage-listenClient] 发送心跳
2026_07_31-13:36:35 [W] [manage-listenClient] 发送心跳
2026_07_31-13:36:40 [W] [manage-listenClient] 发送心跳
2026_07_31-13:36:45 [W] [manage-listenClient] 发送心跳
2026_07_31-13:36:50 [W] [manage-listenClient] 发送心跳
2026_07_31-13:36:55 [W] [manage-listenClient] 发送心跳
2026_07_31-13:37:00 [W] [manage-listenClient] 发送心跳
2026_07_31-13:37:05 [W] [manage-listenClient] 发送心跳
2026_07_31-13:37:10 [W] [manage-listenClient] 发送心跳
2026_07_31-13:37:15 [W] [manage-listenClient] 发送心跳
2026_07_31-13:37:20 [W] [manage-listenClient] 发送心跳
2026_07_31-13:37:25 [W] [manage-listenClient] 发送心跳
2026_07_31-13:37:30 [W] [manage-listenClient] 发送心跳
2026_07_31-13:37:35 [W] [manage-listenClient] 发送心跳
2026_07_31-13:37:40 [W] [manage-listenClient] 发送心跳
2026_07_31-13:37:45 [W] [manage-listenClient] 发送心跳
2026_07_31-13:37:50 [W] [manage-listenClient] 发送心跳
2026_07_31-13:37:55 [W] [manage-listenClient] 发送心跳
2026_07_31-13:38:00 [W] [manage-listenClient] 发送心跳
2026_07_31-13:38:05 [W] [manage-listenClient] 发送心跳
2026_07_31-13:38:10 [W] [manage-listenClient] 发送心跳
2026_07_31-13:38:15 [W] [manage-listenClient] 发送心跳
2026_07_31-13:38:20 [W] [manage-listenClient] 发送心跳
2026_07_31-13:38:25 [W] [manage-listenClient] 发送心跳
2026_07_31-13:38:30 [W] [manage-listenClient] 发送心跳
2026_07_31-13:38:35 [W] [manage-listenClient] 发送心跳
2026_07_31-13:38:40 [W] [manage-listenClient] 发送心跳
2026_07_31-13:38:45 [W] [manage-listenClient] 发送心跳
2026_07_31-13:38:50 [W] [manage-listenClient] 发送心跳
2026_07_31-13:38:55 [W] [manage-listenClient] 发送心跳
2026_07_31-13:39:00 [W] [manage-listenClient] 发送心跳
2026_07_31-13:39:05 [W] [manage-listenClient] 发送心跳
2026_07_31-13:39:10 [W] [manage-listenClient] 发送心跳
2026_07_31-13:39:15 [W] [manage-listenClient] 发送心跳
2026_07_31-13:39:20 [W] [manage-listenClient] 发送心跳
2026_07_31-13:39:25 [W] [manage-listenClient] 发送心跳
2026_07_31-13:39:30 [W] [manage-listenClient] 发送心跳
2026_07_31-13:39:35 [W] [manage-listenClient] 发送心跳
2026_07_31-13:39:40 [W] [manage-listenClient] 发送心跳
2026_07_31-13:39:45 [W] [manage-listenClient] 发送心跳
2026_07_31-13:39:50 [W] [manage-listenClient] 发送心跳
2026_07_31-13:39:55 [W] [manage-listenClient] 发送心跳
2026_07_31-13:40:00 [W] [manage-listenClient] 发送心跳
2026_07_31-13:40:05 [W] [manage-listenClient] 发送心跳
2026_07_31-13:40:10 [W] [manage-listenClient] 发送心跳
2026_07_31-13:40:15 [W] [manage-listenClient] 发送心跳
2026_07_31-13:40:20 [W] [manage-listenClient] 发送心跳
2026_07_31-13:40:25 [W] [manage-listenClient] 发送心跳
2026_07_31-13:40:30 [W] [manage-listenClient] 发送心跳
2026_07_31-13:40:35 [W] [manage-listenClient] 发送心跳
2026_07_31-13:40:40 [W] [manage-listenClient] 发送心跳
2026_07_31-13:40:45 [W] [manage-listenClient] 发送心跳
2026_07_31-13:40:50 [W] [manage-listenClient] 发送心跳
2026_07_31-13:40:55 [W] [manage-listenClient] 发送心跳
2026_07_31-13:41:00 [W] [manage-listenClient] 发送心跳
2026_07_31-13:41:05 [W] [manage-listenClient] 发送心跳
2026_07_31-13:41:10 [W] [manage-listenClient] 发送心跳
2026_07_31-13:41:15 [W] [manage-listenClient] 发送心跳
2026_07_31-13:41:20 [W] [manage-listenClient] 发送心跳
2026_07_31-13:41:25 [W] [manage-listenClient] 发送心跳
2026_07_31-13:41:30 [W] [manage-listenClient] 发送心跳
2026_07_31-13:41:35 [W] [manage-listenClient] 发送心跳
2026_07_31-13:41:40 [W] [manage-listenClient] 发送心跳
2026_07_31-13:41:45 [W] [manage-listenClient] 发送心跳
2026_07_31-13:41:50 [W] [manage-listenClient] 发送心跳
2026_07_31-13:41:55 [W] [manage-listenClient] 发送心跳
2026_07_31-13:42:00 [W] [manage-listenClient] 发送心跳
2026_07_31-13:42:05 [W] [manage-listenClient] 发送心跳
2026_07_31-13:42:10 [W] [manage-listenClient] 发送心跳
2026_07_31-13:42:15 [W] [manage-listenClient] 发送心跳
2026_07_31-13:42:20 [W] [manage-listenClient] 发送心跳
2026_07_31-13:42:25 [W] [manage-listenClient] 发送心跳
2026_07_31-13:42:30 [W] [manage-listenClient] 发送心跳
2026_07_31-13:42:35 [W] [manage-listenClient] 发送心跳
2026_07_31-13:42:40 [W] [manage-listenClient] 发送心跳
2026_07_31-13:42:45 [W] [manage-listenClient] 发送心跳
2026_07_31-13:42:50 [W] [manage-listenClient] 发送心跳
2026_07_31-13:42:55 [W] [manage-listenClient] 发送心跳
2026_07_31-13:43:00 [W] [manage-listenClient] 发送心跳
2026_07_31-13:43:05 [W] [manage-listenClient] 发送心跳
2026_07_31-13:43:10 [W] [manage-listenClient] 发送心跳
2026_07_31-13:43:15 [W] [manage-listenClient] 发送心跳
2026_07_31-13:43:20 [W] [manage-listenClient] 发送心跳
2026_07_31-13:43:25 [W] [manage-listenClient] 发送心跳
2026_07_31-13:43:30 [W] [manage-listenClient] 发送心跳
2026_07_31-13:43:35 [W] [manage-listenClient] 发送心跳
2026_07_31-13:43:40 [W] [manage-listenClient] 发送心跳
2026_07_31-13:43:45 [W] [manage-listenClient] 发送心跳
2026_07_31-13:43:50 [W] [manage-listenClient] 发送心跳
2026_07_31-13:43:55 [W] [manage-listenClient] 发送心跳
2026_07_31-13:44:00 [W] [manage-listenClient] 发送心跳
2026_07_31-13:44:00 [D] [client] disconnect from 192.168.10.1:8090
2026_07_31-13:44:00 [I] [client] socket close = 3
2026_07_31-13:44:00 [W] [manage-listenClient] 断联：开始释放资源
2026_07_31-13:44:00 [W] [manage-listenClient] ClientQue.front()->getClientID() = 15,CurClientID.load() = 14
2026_07_31-13:44:00 [I] [client] socket connect = 1 kConnecting = 0 kConnected = 1 kDisconnecting = 2 kDisconnected = 3
2026_07_31-13:44:00 [W] [manage-CreateClient] 需要创建client Index = 17
2026_07_31-13:44:01 [D] [<UNNAME>] Connection::kConnected
2026_07_31-13:44:01 [W] [analysis] RxFlg.store(1)---serial_number = 1817 check_sn = 1817
2026_07_31-13:44:01 [W] [analysis] cv通知下发---serial_number = 1817 check_sn = 1817
2026_07_31-13:44:01 [D] [manage-listenClient] 已经授权成功，重复验证授权码
2026_07_31-13:44:01 [D] [manage-listenClient] Random: bxMjTE..., VIN: HTWW312510A000123
2026_07_31-13:44:01 [I] [manage-listenClient] License verified successfully for VIN: HTWW312510A000123
2026_07_31-13:44:01 [D] [manage-listenClient] License valid until: 2026-10-15 10:12:20
2026_07_31-13:44:01 [I] [manage-listenClient] License verified successfully for expiry: 1A0A0F0A0C14
2026_07_31-13:44:05 [W] [manage-listenClient] 发送心跳
2026_07_31-13:44:10 [W] [manage-listenClient] 发送心跳
2026_07_31-13:44:15 [W] [manage-listenClient] 发送心跳
2026_07_31-13:44:20 [W] [manage-listenClient] 发送心跳
2026_07_31-13:44:25 [W] [manage-listenClient] 发送心跳
2026_07_31-13:44:30 [W] [manage-listenClient] 发送心跳
2026_07_31-13:44:35 [W] [manage-listenClient] 发送心跳
2026_07_31-13:44:40 [W] [manage-listenClient] 发送心跳
2026_07_31-13:44:45 [W] [manage-listenClient] 发送心跳
2026_07_31-13:44:50 [W] [manage-listenClient] 发送心跳
2026_07_31-13:44:55 [W] [manage-listenClient] 发送心跳
2026_07_31-13:45:00 [W] [manage-listenClient] 发送心跳
2026_07_31-13:45:05 [W] [manage-listenClient] 发送心跳
2026_07_31-13:45:10 [W] [manage-listenClient] 发送心跳
2026_07_31-13:45:15 [W] [manage-listenClient] 发送心跳
2026_07_31-13:45:20 [W] [manage-listenClient] 发送心跳
2026_07_31-13:45:25 [W] [manage-listenClient] 发送心跳
2026_07_31-13:45:30 [W] [manage-listenClient] 发送心跳
2026_07_31-13:45:35 [W] [manage-listenClient] 发送心跳
2026_07_31-13:45:40 [W] [manage-listenClient] 发送心跳
2026_07_31-13:45:45 [W] [manage-listenClient] 发送心跳
2026_07_31-13:45:50 [W] [manage-listenClient] 发送心跳
2026_07_31-13:45:55 [W] [manage-listenClient] 发送心跳
2026_07_31-13:46:00 [W] [manage-listenClient] 发送心跳
2026_07_31-13:46:05 [W] [manage-listenClient] 发送心跳
2026_07_31-13:46:10 [W] [manage-listenClient] 发送心跳
2026_07_31-13:46:15 [W] [manage-listenClient] 发送心跳
2026_07_31-13:46:20 [W] [manage-listenClient] 发送心跳
2026_07_31-13:46:25 [W] [manage-listenClient] 发送心跳
2026_07_31-13:46:30 [W] [manage-listenClient] 发送心跳
2026_07_31-13:46:35 [W] [manage-listenClient] 发送心跳
2026_07_31-13:46:40 [W] [manage-listenClient] 发送心跳
2026_07_31-13:46:45 [W] [manage-listenClient] 发送心跳
2026_07_31-13:46:50 [W] [manage-listenClient] 发送心跳
2026_07_31-13:46:55 [W] [manage-listenClient] 发送心跳
2026_07_31-13:47:00 [W] [manage-listenClient] 发送心跳
2026_07_31-13:47:05 [W] [manage-listenClient] 发送心跳
2026_07_31-13:47:10 [W] [manage-listenClient] 发送心跳
2026_07_31-13:47:15 [W] [manage-listenClient] 发送心跳
2026_07_31-13:47:20 [W] [manage-listenClient] 发送心跳
2026_07_31-13:47:25 [W] [manage-listenClient] 发送心跳
2026_07_31-13:47:30 [W] [manage-listenClient] 发送心跳
2026_07_31-13:47:35 [W] [manage-listenClient] 发送心跳
2026_07_31-13:47:40 [W] [manage-listenClient] 发送心跳
2026_07_31-13:47:45 [W] [manage-listenClient] 发送心跳
2026_07_31-13:47:50 [W] [manage-listenClient] 发送心跳
2026_07_31-13:47:55 [W] [manage-listenClient] 发送心跳
2026_07_31-13:48:01 [W] [manage-listenClient] 发送心跳
2026_07_31-13:48:06 [W] [manage-listenClient] 发送心跳
2026_07_31-13:48:11 [W] [manage-listenClient] 发送心跳
2026_07_31-13:48:16 [W] [manage-listenClient] 发送心跳
2026_07_31-13:48:21 [W] [manage-listenClient] 发送心跳
2026_07_31-13:48:26 [W] [manage-listenClient] 发送心跳
2026_07_31-13:48:31 [W] [manage-listenClient] 发送心跳
2026_07_31-13:48:36 [W] [manage-listenClient] 发送心跳
2026_07_31-13:48:41 [W] [manage-listenClient] 发送心跳
2026_07_31-13:48:46 [W] [manage-listenClient] 发送心跳
2026_07_31-13:48:51 [W] [manage-listenClient] 发送心跳
2026_07_31-13:48:56 [W] [manage-listenClient] 发送心跳
2026_07_31-13:49:01 [W] [manage-listenClient] 发送心跳
2026_07_31-13:49:06 [W] [manage-listenClient] 发送心跳
2026_07_31-13:49:11 [W] [manage-listenClient] 发送心跳
2026_07_31-13:49:16 [W] [manage-listenClient] 发送心跳
2026_07_31-13:49:21 [W] [manage-listenClient] 发送心跳
2026_07_31-13:49:26 [W] [manage-listenClient] 发送心跳
2026_07_31-13:49:31 [W] [manage-listenClient] 发送心跳
2026_07_31-13:49:36 [W] [manage-listenClient] 发送心跳
2026_07_31-13:49:41 [W] [manage-listenClient] 发送心跳
2026_07_31-13:49:46 [W] [manage-listenClient] 发送心跳
2026_07_31-13:49:51 [W] [manage-listenClient] 发送心跳
2026_07_31-13:49:56 [W] [manage-listenClient] 发送心跳
2026_07_31-13:50:01 [W] [manage-listenClient] 发送心跳
2026_07_31-13:50:06 [W] [manage-listenClient] 发送心跳
2026_07_31-13:50:11 [W] [manage-listenClient] 发送心跳
2026_07_31-13:50:16 [W] [manage-listenClient] 发送心跳
2026_07_31-13:50:21 [W] [manage-listenClient] 发送心跳
2026_07_31-13:50:26 [W] [manage-listenClient] 发送心跳
2026_07_31-13:50:31 [W] [manage-listenClient] 发送心跳
2026_07_31-13:50:36 [W] [manage-listenClient] 发送心跳
2026_07_31-13:50:41 [W] [manage-listenClient] 发送心跳
2026_07_31-13:50:46 [W] [manage-listenClient] 发送心跳
2026_07_31-13:50:51 [W] [manage-listenClient] 发送心跳
2026_07_31-13:50:56 [W] [manage-listenClient] 发送心跳
2026_07_31-13:51:01 [W] [manage-listenClient] 发送心跳
2026_07_31-13:51:06 [W] [manage-listenClient] 发送心跳
2026_07_31-13:51:11 [W] [manage-listenClient] 发送心跳
2026_07_31-13:51:16 [W] [manage-listenClient] 发送心跳
2026_07_31-13:51:21 [W] [manage-listenClient] 发送心跳
2026_07_31-13:51:26 [W] [manage-listenClient] 发送心跳
2026_07_31-13:51:31 [W] [manage-listenClient] 发送心跳
2026_07_31-13:51:36 [W] [manage-listenClient] 发送心跳
2026_07_31-13:51:41 [W] [manage-listenClient] 发送心跳
2026_07_31-13:51:46 [W] [manage-listenClient] 发送心跳
2026_07_31-13:51:51 [W] [manage-listenClient] 发送心跳
2026_07_31-13:51:56 [W] [manage-listenClient] 发送心跳
2026_07_31-13:52:01 [W] [manage-listenClient] 发送心跳
2026_07_31-13:52:06 [W] [manage-listenClient] 发送心跳
2026_07_31-13:52:11 [W] [manage-listenClient] 发送心跳
2026_07_31-13:52:16 [W] [manage-listenClient] 发送心跳
2026_07_31-13:52:21 [W] [manage-listenClient] 发送心跳
2026_07_31-13:52:26 [W] [manage-listenClient] 发送心跳
2026_07_31-13:52:31 [W] [manage-listenClient] 发送心跳
2026_07_31-13:52:36 [W] [manage-listenClient] 发送心跳
2026_07_31-13:52:41 [W] [manage-listenClient] 发送心跳
2026_07_31-13:52:46 [W] [manage-listenClient] 发送心跳
2026_07_31-13:52:51 [W] [manage-listenClient] 发送心跳
2026_07_31-13:52:56 [W] [manage-listenClient] 发送心跳
2026_07_31-13:53:01 [W] [manage-listenClient] 发送心跳
2026_07_31-13:53:06 [W] [manage-listenClient] 发送心跳
2026_07_31-13:53:11 [W] [manage-listenClient] 发送心跳
2026_07_31-13:53:16 [W] [manage-listenClient] 发送心跳
2026_07_31-13:53:21 [W] [manage-listenClient] 发送心跳
2026_07_31-13:53:26 [W] [manage-listenClient] 发送心跳
2026_07_31-13:53:31 [W] [manage-listenClient] 发送心跳
2026_07_31-13:53:36 [W] [manage-listenClient] 发送心跳
2026_07_31-13:53:41 [W] [manage-listenClient] 发送心跳
2026_07_31-13:53:46 [W] [manage-listenClient] 发送心跳
2026_07_31-13:53:51 [W] [manage-listenClient] 发送心跳
2026_07_31-13:53:56 [W] [manage-listenClient] 发送心跳
2026_07_31-13:54:01 [D] [client] disconnect from 192.168.10.1:8090
2026_07_31-13:54:01 [I] [client] socket close = 3
2026_07_31-13:54:01 [W] [manage-listenClient] 发送心跳
2026_07_31-13:54:01 [W] [manage-listenClient] 断联：开始释放资源
2026_07_31-13:54:01 [W] [manage-listenClient] ClientQue.front()->getClientID() = 16,CurClientID.load() = 15
2026_07_31-13:54:01 [I] [client] socket connect = 1 kConnecting = 0 kConnected = 1 kDisconnecting = 2 kDisconnected = 3
2026_07_31-13:54:01 [W] [manage-CreateClient] 需要创建client Index = 18
2026_07_31-13:54:01 [D] [<UNNAME>] Connection::kConnected
2026_07_31-13:54:01 [W] [analysis] RxFlg.store(1)---serial_number = 1938 check_sn = 1938
2026_07_31-13:54:01 [W] [analysis] cv通知下发---serial_number = 1938 check_sn = 1938
2026_07_31-13:54:01 [D] [manage-listenClient] 已经授权成功，重复验证授权码
2026_07_31-13:54:01 [D] [manage-listenClient] Random: bxMjTE..., VIN: HTWW312510A000123
2026_07_31-13:54:01 [I] [manage-listenClient] License verified successfully for VIN: HTWW312510A000123
2026_07_31-13:54:01 [D] [manage-listenClient] License valid until: 2026-10-15 10:12:20
2026_07_31-13:54:01 [I] [manage-listenClient] License verified successfully for expiry: 1A0A0F0A0C14
2026_07_31-13:54:06 [W] [manage-listenClient] 发送心跳
2026_07_31-13:54:11 [W] [manage-listenClient] 发送心跳
2026_07_31-13:54:16 [W] [manage-listenClient] 发送心跳
2026_07_31-13:54:21 [W] [manage-listenClient] 发送心跳
2026_07_31-13:54:26 [W] [manage-listenClient] 发送心跳
2026_07_31-13:54:31 [W] [manage-listenClient] 发送心跳
2026_07_31-13:54:36 [W] [manage-listenClient] 发送心跳
2026_07_31-13:54:41 [W] [manage-listenClient] 发送心跳
2026_07_31-13:54:46 [W] [manage-listenClient] 发送心跳
2026_07_31-13:54:51 [W] [manage-listenClient] 发送心跳
2026_07_31-13:54:56 [W] [manage-listenClient] 发送心跳
2026_07_31-13:55:01 [W] [manage-listenClient] 发送心跳
2026_07_31-13:55:06 [W] [manage-listenClient] 发送心跳
2026_07_31-13:55:11 [W] [manage-listenClient] 发送心跳
2026_07_31-13:55:16 [W] [manage-listenClient] 发送心跳
2026_07_31-13:55:21 [W] [manage-listenClient] 发送心跳
2026_07_31-13:55:26 [W] [manage-listenClient] 发送心跳
2026_07_31-13:55:31 [W] [manage-listenClient] 发送心跳
2026_07_31-13:55:36 [W] [manage-listenClient] 发送心跳
2026_07_31-13:55:41 [W] [manage-listenClient] 发送心跳
2026_07_31-13:55:46 [W] [manage-listenClient] 发送心跳
2026_07_31-13:55:51 [W] [manage-listenClient] 发送心跳
2026_07_31-13:55:56 [W] [manage-listenClient] 发送心跳
2026_07_31-13:56:01 [W] [manage-listenClient] 发送心跳
2026_07_31-13:56:06 [W] [manage-listenClient] 发送心跳
2026_07_31-13:56:11 [W] [manage-listenClient] 发送心跳
2026_07_31-13:56:16 [W] [manage-listenClient] 发送心跳
2026_07_31-13:56:21 [W] [manage-listenClient] 发送心跳
2026_07_31-13:56:26 [W] [manage-listenClient] 发送心跳
2026_07_31-13:56:31 [W] [manage-listenClient] 发送心跳
2026_07_31-13:56:36 [W] [manage-listenClient] 发送心跳
2026_07_31-13:56:41 [W] [manage-listenClient] 发送心跳
2026_07_31-13:56:46 [W] [manage-listenClient] 发送心跳
2026_07_31-13:56:51 [W] [manage-listenClient] 发送心跳
2026_07_31-13:56:56 [W] [manage-listenClient] 发送心跳
2026_07_31-13:57:01 [W] [manage-listenClient] 发送心跳
2026_07_31-13:57:06 [W] [manage-listenClient] 发送心跳
2026_07_31-13:57:11 [W] [manage-listenClient] 发送心跳
2026_07_31-13:57:16 [W] [manage-listenClient] 发送心跳
2026_07_31-13:57:21 [W] [manage-listenClient] 发送心跳
2026_07_31-13:57:26 [W] [manage-listenClient] 发送心跳
2026_07_31-13:57:31 [W] [manage-listenClient] 发送心跳
2026_07_31-13:57:36 [W] [manage-listenClient] 发送心跳
2026_07_31-13:57:41 [W] [manage-listenClient] 发送心跳
2026_07_31-13:57:46 [W] [manage-listenClient] 发送心跳
2026_07_31-13:57:51 [W] [manage-listenClient] 发送心跳
2026_07_31-13:57:56 [W] [manage-listenClient] 发送心跳
2026_07_31-13:58:01 [W] [manage-listenClient] 发送心跳
2026_07_31-13:58:06 [W] [manage-listenClient] 发送心跳
2026_07_31-13:58:11 [W] [manage-listenClient] 发送心跳
2026_07_31-13:58:16 [W] [manage-listenClient] 发送心跳
2026_07_31-13:58:21 [W] [manage-listenClient] 发送心跳
2026_07_31-13:58:26 [W] [manage-listenClient] 发送心跳
2026_07_31-13:58:31 [W] [manage-listenClient] 发送心跳
2026_07_31-13:58:36 [W] [manage-listenClient] 发送心跳
2026_07_31-13:58:41 [W] [manage-listenClient] 发送心跳
2026_07_31-13:58:46 [W] [manage-listenClient] 发送心跳
2026_07_31-13:58:51 [W] [manage-listenClient] 发送心跳
2026_07_31-13:58:56 [W] [manage-listenClient] 发送心跳
2026_07_31-13:59:01 [W] [manage-listenClient] 发送心跳
2026_07_31-13:59:06 [W] [manage-listenClient] 发送心跳
2026_07_31-13:59:11 [W] [manage-listenClient] 发送心跳
2026_07_31-13:59:16 [W] [manage-listenClient] 发送心跳
2026_07_31-13:59:21 [W] [manage-listenClient] 发送心跳
2026_07_31-13:59:26 [W] [manage-listenClient] 发送心跳
2026_07_31-13:59:31 [W] [manage-listenClient] 发送心跳
2026_07_31-13:59:36 [W] [manage-listenClient] 发送心跳
2026_07_31-13:59:41 [W] [manage-listenClient] 发送心跳
2026_07_31-13:59:46 [W] [manage-listenClient] 发送心跳
2026_07_31-13:59:51 [W] [manage-listenClient] 发送心跳
2026_07_31-13:59:56 [W] [manage-listenClient] 发送心跳
2026_07_31-14:00:01 [W] [manage-listenClient] 发送心跳
2026_07_31-14:00:06 [W] [manage-listenClient] 发送心跳
2026_07_31-14:00:11 [W] [manage-listenClient] 发送心跳
2026_07_31-14:00:16 [W] [manage-listenClient] 发送心跳
2026_07_31-14:00:21 [W] [manage-listenClient] 发送心跳
2026_07_31-14:00:26 [W] [manage-listenClient] 发送心跳
2026_07_31-14:00:31 [W] [manage-listenClient] 发送心跳
2026_07_31-14:00:36 [W] [manage-listenClient] 发送心跳
2026_07_31-14:00:41 [W] [manage-listenClient] 发送心跳
2026_07_31-14:00:46 [W] [manage-listenClient] 发送心跳
2026_07_31-14:00:51 [W] [manage-listenClient] 发送心跳
2026_07_31-14:00:56 [W] [manage-listenClient] 发送心跳
2026_07_31-14:01:01 [W] [manage-listenClient] 发送心跳
2026_07_31-14:01:06 [W] [manage-listenClient] 发送心跳
2026_07_31-14:01:11 [W] [manage-listenClient] 发送心跳
2026_07_31-14:01:16 [W] [manage-listenClient] 发送心跳
2026_07_31-14:01:21 [W] [manage-listenClient] 发送心跳
2026_07_31-14:01:26 [W] [manage-listenClient] 发送心跳
2026_07_31-14:01:31 [W] [manage-listenClient] 发送心跳
2026_07_31-14:01:36 [W] [manage-listenClient] 发送心跳
2026_07_31-14:01:41 [W] [manage-listenClient] 发送心跳
2026_07_31-14:01:46 [W] [manage-listenClient] 发送心跳
2026_07_31-14:01:51 [W] [manage-listenClient] 发送心跳
2026_07_31-14:01:56 [W] [manage-listenClient] 发送心跳
2026_07_31-14:02:01 [W] [manage-listenClient] 发送心跳
2026_07_31-14:02:06 [W] [manage-listenClient] 发送心跳
2026_07_31-14:02:11 [W] [manage-listenClient] 发送心跳
2026_07_31-14:02:16 [W] [manage-listenClient] 发送心跳
2026_07_31-14:02:21 [W] [manage-listenClient] 发送心跳
2026_07_31-14:02:26 [W] [manage-listenClient] 发送心跳
2026_07_31-14:02:31 [W] [manage-listenClient] 发送心跳
2026_07_31-14:02:36 [W] [manage-listenClient] 发送心跳
2026_07_31-14:02:41 [W] [manage-listenClient] 发送心跳
2026_07_31-14:02:46 [W] [manage-listenClient] 发送心跳
2026_07_31-14:02:51 [W] [manage-listenClient] 发送心跳
2026_07_31-14:02:56 [W] [manage-listenClient] 发送心跳
2026_07_31-14:03:01 [W] [manage-listenClient] 发送心跳
2026_07_31-14:03:06 [W] [manage-listenClient] 发送心跳
2026_07_31-14:03:11 [W] [manage-listenClient] 发送心跳
2026_07_31-14:03:16 [W] [manage-listenClient] 发送心跳
2026_07_31-14:03:21 [W] [manage-listenClient] 发送心跳
2026_07_31-14:03:26 [W] [manage-listenClient] 发送心跳
2026_07_31-14:03:31 [W] [manage-listenClient] 发送心跳
2026_07_31-14:03:36 [W] [manage-listenClient] 发送心跳
2026_07_31-14:03:41 [W] [manage-listenClient] 发送心跳
2026_07_31-14:03:46 [W] [manage-listenClient] 发送心跳
2026_07_31-14:03:51 [W] [manage-listenClient] 发送心跳
2026_07_31-14:03:56 [W] [manage-listenClient] 发送心跳
2026_07_31-14:04:01 [D] [client] disconnect from 192.168.10.1:8090
2026_07_31-14:04:01 [I] [client] socket close = 3
2026_07_31-14:04:01 [W] [manage-listenClient] 发送心跳
2026_07_31-14:04:01 [W] [manage-listenClient] 断联：开始释放资源
2026_07_31-14:04:01 [W] [manage-listenClient] ClientQue.front()->getClientID() = 17,CurClientID.load() = 16
2026_07_31-14:04:01 [I] [client] socket connect = 1 kConnecting = 0 kConnected = 1 kDisconnecting = 2 kDisconnected = 3
2026_07_31-14:04:01 [W] [manage-CreateClient] 需要创建client Index = 19
2026_07_31-14:04:01 [D] [<UNNAME>] Connection::kConnected
2026_07_31-14:04:02 [W] [analysis] RxFlg.store(1)---serial_number = 2059 check_sn = 2059
2026_07_31-14:04:02 [W] [analysis] cv通知下发---serial_number = 2059 check_sn = 2059
2026_07_31-14:04:02 [D] [manage-listenClient] 已经授权成功，重复验证授权码
2026_07_31-14:04:02 [D] [manage-listenClient] Random: bxMjTE..., VIN: HTWW312510A000123
2026_07_31-14:04:02 [I] [manage-listenClient] License verified successfully for VIN: HTWW312510A000123
2026_07_31-14:04:02 [D] [manage-listenClient] License valid until: 2026-10-15 10:12:20
2026_07_31-14:04:02 [I] [manage-listenClient] License verified successfully for expiry: 1A0A0F0A0C14
2026_07_31-14:04:06 [W] [manage-listenClient] 发送心跳
2026_07_31-14:04:11 [W] [manage-listenClient] 发送心跳
2026_07_31-14:04:16 [W] [manage-listenClient] 发送心跳
2026_07_31-14:04:21 [W] [manage-listenClient] 发送心跳
2026_07_31-14:04:26 [W] [manage-listenClient] 发送心跳
2026_07_31-14:04:31 [W] [manage-listenClient] 发送心跳
2026_07_31-14:04:36 [W] [manage-listenClient] 发送心跳
2026_07_31-14:04:41 [W] [manage-listenClient] 发送心跳
2026_07_31-14:04:46 [W] [manage-listenClient] 发送心跳
2026_07_31-14:04:51 [W] [manage-listenClient] 发送心跳
2026_07_31-14:04:56 [W] [manage-listenClient] 发送心跳
2026_07_31-14:05:01 [W] [manage-listenClient] 发送心跳
2026_07_31-14:05:06 [W] [manage-listenClient] 发送心跳
2026_07_31-14:05:11 [W] [manage-listenClient] 发送心跳
2026_07_31-14:05:16 [W] [manage-listenClient] 发送心跳
2026_07_31-14:05:21 [W] [manage-listenClient] 发送心跳
2026_07_31-14:05:26 [W] [manage-listenClient] 发送心跳
2026_07_31-14:05:31 [W] [manage-listenClient] 发送心跳
2026_07_31-14:05:36 [W] [manage-listenClient] 发送心跳
2026_07_31-14:05:41 [W] [manage-listenClient] 发送心跳
2026_07_31-14:05:46 [W] [manage-listenClient] 发送心跳
2026_07_31-14:05:51 [W] [manage-listenClient] 发送心跳
2026_07_31-14:05:56 [W] [manage-listenClient] 发送心跳
2026_07_31-14:06:01 [W] [manage-listenClient] 发送心跳
2026_07_31-14:06:06 [W] [manage-listenClient] 发送心跳
2026_07_31-14:06:11 [W] [manage-listenClient] 发送心跳
2026_07_31-14:06:16 [W] [manage-listenClient] 发送心跳
2026_07_31-14:06:21 [W] [manage-listenClient] 发送心跳
2026_07_31-14:06:26 [W] [manage-listenClient] 发送心跳
2026_07_31-14:06:31 [W] [manage-listenClient] 发送心跳
2026_07_31-14:06:36 [W] [manage-listenClient] 发送心跳
2026_07_31-14:06:41 [W] [manage-listenClient] 发送心跳
2026_07_31-14:06:46 [W] [manage-listenClient] 发送心跳
2026_07_31-14:06:51 [W] [manage-listenClient] 发送心跳
2026_07_31-14:06:56 [W] [manage-listenClient] 发送心跳
2026_07_31-14:07:01 [W] [manage-listenClient] 发送心跳
2026_07_31-14:07:06 [W] [manage-listenClient] 发送心跳
2026_07_31-14:07:11 [W] [manage-listenClient] 发送心跳
2026_07_31-14:07:16 [W] [manage-listenClient] 发送心跳
2026_07_31-14:07:21 [W] [manage-listenClient] 发送心跳
2026_07_31-14:07:26 [W] [manage-listenClient] 发送心跳
2026_07_31-14:07:31 [W] [manage-listenClient] 发送心跳
2026_07_31-14:07:36 [W] [manage-listenClient] 发送心跳
2026_07_31-14:07:41 [W] [manage-listenClient] 发送心跳
2026_07_31-14:07:46 [W] [manage-listenClient] 发送心跳
2026_07_31-14:07:51 [W] [manage-listenClient] 发送心跳
2026_07_31-14:07:56 [W] [manage-listenClient] 发送心跳
2026_07_31-14:08:01 [W] [manage-listenClient] 发送心跳
2026_07_31-14:08:06 [W] [manage-listenClient] 发送心跳
2026_07_31-14:08:11 [W] [manage-listenClient] 发送心跳
2026_07_31-14:08:16 [W] [manage-listenClient] 发送心跳
2026_07_31-14:08:21 [W] [manage-listenClient] 发送心跳
2026_07_31-14:08:26 [W] [manage-listenClient] 发送心跳
2026_07_31-14:08:31 [W] [manage-listenClient] 发送心跳
2026_07_31-14:08:36 [W] [manage-listenClient] 发送心跳
2026_07_31-14:08:41 [W] [manage-listenClient] 发送心跳
2026_07_31-14:08:46 [W] [manage-listenClient] 发送心跳
2026_07_31-14:08:51 [W] [manage-listenClient] 发送心跳
2026_07_31-14:08:56 [W] [manage-listenClient] 发送心跳
2026_07_31-14:09:01 [W] [manage-listenClient] 发送心跳
2026_07_31-14:09:06 [W] [manage-listenClient] 发送心跳
2026_07_31-14:09:11 [W] [manage-listenClient] 发送心跳
2026_07_31-14:09:16 [W] [manage-listenClient] 发送心跳
2026_07_31-14:09:21 [W] [manage-listenClient] 发送心跳
2026_07_31-14:09:26 [W] [manage-listenClient] 发送心跳
2026_07_31-14:09:31 [W] [manage-listenClient] 发送心跳
2026_07_31-14:09:36 [W] [manage-listenClient] 发送心跳
2026_07_31-14:09:41 [W] [manage-listenClient] 发送心跳
2026_07_31-14:09:46 [W] [manage-listenClient] 发送心跳
2026_07_31-14:09:51 [W] [manage-listenClient] 发送心跳
2026_07_31-14:09:56 [W] [manage-listenClient] 发送心跳
2026_07_31-14:10:01 [W] [manage-listenClient] 发送心跳
2026_07_31-14:10:06 [W] [manage-listenClient] 发送心跳
2026_07_31-14:10:11 [W] [manage-listenClient] 发送心跳
2026_07_31-14:10:16 [W] [manage-listenClient] 发送心跳
2026_07_31-14:10:21 [W] [manage-listenClient] 发送心跳
2026_07_31-14:10:26 [W] [manage-listenClient] 发送心跳
2026_07_31-14:10:31 [W] [manage-listenClient] 发送心跳
2026_07_31-14:10:36 [W] [manage-listenClient] 发送心跳
2026_07_31-14:10:41 [W] [manage-listenClient] 发送心跳
2026_07_31-14:10:46 [W] [manage-listenClient] 发送心跳
2026_07_31-14:10:51 [W] [manage-listenClient] 发送心跳
2026_07_31-14:10:56 [W] [manage-listenClient] 发送心跳
2026_07_31-14:11:01 [W] [manage-listenClient] 发送心跳
2026_07_31-14:11:06 [W] [manage-listenClient] 发送心跳
2026_07_31-14:11:11 [W] [manage-listenClient] 发送心跳
2026_07_31-14:11:16 [W] [manage-listenClient] 发送心跳
2026_07_31-14:11:21 [W] [manage-listenClient] 发送心跳
2026_07_31-14:11:26 [W] [manage-listenClient] 发送心跳
2026_07_31-14:11:31 [W] [manage-listenClient] 发送心跳
2026_07_31-14:11:36 [W] [manage-listenClient] 发送心跳
2026_07_31-14:11:41 [W] [manage-listenClient] 发送心跳
2026_07_31-14:11:46 [W] [manage-listenClient] 发送心跳
2026_07_31-14:11:51 [W] [manage-listenClient] 发送心跳
2026_07_31-14:11:56 [W] [manage-listenClient] 发送心跳
2026_07_31-14:12:01 [W] [manage-listenClient] 发送心跳
2026_07_31-14:12:06 [W] [manage-listenClient] 发送心跳
2026_07_31-14:12:11 [W] [manage-listenClient] 发送心跳
2026_07_31-14:12:16 [W] [manage-listenClient] 发送心跳
2026_07_31-14:12:21 [W] [manage-listenClient] 发送心跳
2026_07_31-14:12:26 [W] [manage-listenClient] 发送心跳
2026_07_31-14:12:31 [W] [manage-listenClient] 发送心跳
2026_07_31-14:12:36 [W] [manage-listenClient] 发送心跳
2026_07_31-14:12:41 [W] [manage-listenClient] 发送心跳
2026_07_31-14:12:46 [W] [manage-listenClient] 发送心跳
2026_07_31-14:12:51 [W] [manage-listenClient] 发送心跳
2026_07_31-14:12:56 [W] [manage-listenClient] 发送心跳
2026_07_31-14:13:01 [W] [manage-listenClient] 发送心跳
2026_07_31-14:13:06 [W] [manage-listenClient] 发送心跳
2026_07_31-14:13:11 [W] [manage-listenClient] 发送心跳
2026_07_31-14:13:16 [W] [manage-listenClient] 发送心跳
2026_07_31-14:13:21 [W] [manage-listenClient] 发送心跳
2026_07_31-14:13:26 [W] [manage-listenClient] 发送心跳
2026_07_31-14:13:31 [W] [manage-listenClient] 发送心跳
2026_07_31-14:13:36 [W] [manage-listenClient] 发送心跳
2026_07_31-14:13:41 [W] [manage-listenClient] 发送心跳
2026_07_31-14:13:46 [W] [manage-listenClient] 发送心跳
2026_07_31-14:13:51 [W] [manage-listenClient] 发送心跳
2026_07_31-14:13:56 [W] [manage-listenClient] 发送心跳
2026_07_31-14:14:01 [D] [client] disconnect from 192.168.10.1:8090
2026_07_31-14:14:01 [I] [client] socket close = 3
2026_07_31-14:14:01 [W] [manage-listenClient] 发送心跳
2026_07_31-14:14:01 [W] [manage-listenClient] 断联：开始释放资源
2026_07_31-14:14:01 [W] [manage-listenClient] ClientQue.front()->getClientID() = 18,CurClientID.load() = 17
2026_07_31-14:14:01 [I] [client] socket connect = 1 kConnecting = 0 kConnected = 1 kDisconnecting = 2 kDisconnected = 3
2026_07_31-14:14:02 [W] [manage-CreateClient] 需要创建client Index = 20
2026_07_31-14:14:02 [D] [<UNNAME>] Connection::kConnected
2026_07_31-14:14:02 [W] [analysis] RxFlg.store(1)---serial_number = 2180 check_sn = 2180
2026_07_31-14:14:02 [W] [analysis] cv通知下发---serial_number = 2180 check_sn = 2180
2026_07_31-14:14:02 [D] [manage-listenClient] 已经授权成功，重复验证授权码
2026_07_31-14:14:02 [D] [manage-listenClient] Random: bxMjTE..., VIN: HTWW312510A000123
2026_07_31-14:14:02 [I] [manage-listenClient] License verified successfully for VIN: HTWW312510A000123
2026_07_31-14:14:02 [D] [manage-listenClient] License valid until: 2026-10-15 10:12:20
2026_07_31-14:14:02 [I] [manage-listenClient] License verified successfully for expiry: 1A0A0F0A0C14
2026_07_31-14:14:07 [W] [manage-listenClient] 发送心跳
2026_07_31-14:14:12 [W] [manage-listenClient] 发送心跳
2026_07_31-14:14:17 [W] [manage-listenClient] 发送心跳
2026_07_31-14:14:22 [W] [manage-listenClient] 发送心跳
2026_07_31-14:14:27 [W] [manage-listenClient] 发送心跳
2026_07_31-14:14:32 [W] [manage-listenClient] 发送心跳
2026_07_31-14:14:37 [W] [manage-listenClient] 发送心跳
2026_07_31-14:14:42 [W] [manage-listenClient] 发送心跳
2026_07_31-14:14:47 [W] [manage-listenClient] 发送心跳
2026_07_31-14:14:52 [W] [manage-listenClient] 发送心跳
2026_07_31-14:14:57 [W] [manage-listenClient] 发送心跳
2026_07_31-14:15:02 [W] [manage-listenClient] 发送心跳
2026_07_31-14:15:07 [W] [manage-listenClient] 发送心跳
2026_07_31-14:15:12 [W] [manage-listenClient] 发送心跳
2026_07_31-14:15:17 [W] [manage-listenClient] 发送心跳
2026_07_31-14:15:22 [W] [manage-listenClient] 发送心跳
2026_07_31-14:15:27 [W] [manage-listenClient] 发送心跳
2026_07_31-14:15:32 [W] [manage-listenClient] 发送心跳
2026_07_31-14:15:37 [W] [manage-listenClient] 发送心跳
2026_07_31-14:15:42 [W] [manage-listenClient] 发送心跳
2026_07_31-14:15:47 [W] [manage-listenClient] 发送心跳
2026_07_31-14:15:52 [W] [manage-listenClient] 发送心跳
2026_07_31-14:15:57 [W] [manage-listenClient] 发送心跳
2026_07_31-14:16:02 [W] [manage-listenClient] 发送心跳
2026_07_31-14:16:07 [W] [manage-listenClient] 发送心跳
2026_07_31-14:16:12 [W] [manage-listenClient] 发送心跳
2026_07_31-14:16:17 [W] [manage-listenClient] 发送心跳
2026_07_31-14:16:22 [W] [manage-listenClient] 发送心跳
2026_07_31-14:16:27 [W] [manage-listenClient] 发送心跳
2026_07_31-14:16:32 [W] [manage-listenClient] 发送心跳
2026_07_31-14:16:37 [W] [manage-listenClient] 发送心跳
2026_07_31-14:16:42 [W] [manage-listenClient] 发送心跳
2026_07_31-14:16:47 [W] [manage-listenClient] 发送心跳
2026_07_31-14:16:52 [W] [manage-listenClient] 发送心跳
2026_07_31-14:16:57 [W] [manage-listenClient] 发送心跳
2026_07_31-14:17:02 [W] [manage-listenClient] 发送心跳
2026_07_31-14:17:07 [W] [manage-listenClient] 发送心跳
2026_07_31-14:17:12 [W] [manage-listenClient] 发送心跳
2026_07_31-14:17:17 [W] [manage-listenClient] 发送心跳
2026_07_31-14:17:22 [W] [manage-listenClient] 发送心跳
2026_07_31-14:17:27 [W] [manage-listenClient] 发送心跳
2026_07_31-14:17:32 [W] [manage-listenClient] 发送心跳
2026_07_31-14:17:37 [W] [manage-listenClient] 发送心跳
2026_07_31-14:17:42 [W] [manage-listenClient] 发送心跳
2026_07_31-14:17:47 [W] [manage-listenClient] 发送心跳
2026_07_31-14:17:52 [W] [manage-listenClient] 发送心跳
2026_07_31-14:17:57 [W] [manage-listenClient] 发送心跳
2026_07_31-14:18:02 [W] [manage-listenClient] 发送心跳
2026_07_31-14:18:07 [W] [manage-listenClient] 发送心跳
2026_07_31-14:18:12 [W] [manage-listenClient] 发送心跳
2026_07_31-14:18:17 [W] [manage-listenClient] 发送心跳
2026_07_31-14:18:22 [W] [manage-listenClient] 发送心跳
2026_07_31-14:18:27 [W] [manage-listenClient] 发送心跳
2026_07_31-14:18:32 [W] [manage-listenClient] 发送心跳
2026_07_31-14:18:37 [W] [manage-listenClient] 发送心跳
2026_07_31-14:18:42 [W] [manage-listenClient] 发送心跳
2026_07_31-14:18:47 [W] [manage-listenClient] 发送心跳
2026_07_31-14:18:52 [W] [manage-listenClient] 发送心跳
2026_07_31-14:18:57 [W] [manage-listenClient] 发送心跳
2026_07_31-14:19:02 [W] [manage-listenClient] 发送心跳
2026_07_31-14:19:07 [W] [manage-listenClient] 发送心跳
2026_07_31-14:19:12 [W] [manage-listenClient] 发送心跳
2026_07_31-14:19:17 [W] [manage-listenClient] 发送心跳
2026_07_31-14:19:22 [W] [manage-listenClient] 发送心跳
2026_07_31-14:19:27 [W] [manage-listenClient] 发送心跳
2026_07_31-14:19:32 [W] [manage-listenClient] 发送心跳
2026_07_31-14:19:37 [W] [manage-listenClient] 发送心跳
2026_07_31-14:19:42 [W] [manage-listenClient] 发送心跳
2026_07_31-14:19:47 [W] [manage-listenClient] 发送心跳
2026_07_31-14:19:52 [W] [manage-listenClient] 发送心跳
2026_07_31-14:19:57 [W] [manage-listenClient] 发送心跳
2026_07_31-14:20:02 [W] [manage-listenClient] 发送心跳
2026_07_31-14:20:07 [W] [manage-listenClient] 发送心跳
2026_07_31-14:20:12 [W] [manage-listenClient] 发送心跳
2026_07_31-14:20:17 [W] [manage-listenClient] 发送心跳
2026_07_31-14:20:22 [W] [manage-listenClient] 发送心跳
2026_07_31-14:20:27 [W] [manage-listenClient] 发送心跳
2026_07_31-14:20:32 [W] [manage-listenClient] 发送心跳
2026_07_31-14:20:37 [W] [manage-listenClient] 发送心跳
2026_07_31-14:20:42 [W] [manage-listenClient] 发送心跳
2026_07_31-14:20:47 [W] [manage-listenClient] 发送心跳
2026_07_31-14:20:52 [W] [manage-listenClient] 发送心跳
2026_07_31-14:20:57 [W] [manage-listenClient] 发送心跳
2026_07_31-14:21:02 [W] [manage-listenClient] 发送心跳
2026_07_31-14:21:07 [W] [manage-listenClient] 发送心跳
2026_07_31-14:21:12 [W] [manage-listenClient] 发送心跳
2026_07_31-14:21:17 [W] [manage-listenClient] 发送心跳
2026_07_31-14:21:22 [W] [manage-listenClient] 发送心跳
2026_07_31-14:21:27 [W] [manage-listenClient] 发送心跳
2026_07_31-14:21:32 [W] [manage-listenClient] 发送心跳
2026_07_31-14:21:37 [W] [manage-listenClient] 发送心跳
2026_07_31-14:21:42 [W] [manage-listenClient] 发送心跳
2026_07_31-14:21:47 [W] [manage-listenClient] 发送心跳
2026_07_31-14:21:52 [W] [manage-listenClient] 发送心跳
2026_07_31-14:21:57 [W] [manage-listenClient] 发送心跳
2026_07_31-14:22:02 [W] [manage-listenClient] 发送心跳
2026_07_31-14:22:07 [W] [manage-listenClient] 发送心跳
2026_07_31-14:22:12 [W] [manage-listenClient] 发送心跳
2026_07_31-14:22:17 [W] [manage-listenClient] 发送心跳
2026_07_31-14:22:22 [W] [manage-listenClient] 发送心跳
2026_07_31-14:22:27 [W] [manage-listenClient] 发送心跳
2026_07_31-14:22:32 [W] [manage-listenClient] 发送心跳
2026_07_31-14:22:37 [W] [manage-listenClient] 发送心跳
2026_07_31-14:22:42 [W] [manage-listenClient] 发送心跳
2026_07_31-14:22:47 [W] [manage-listenClient] 发送心跳
2026_07_31-14:22:52 [W] [manage-listenClient] 发送心跳
2026_07_31-14:22:57 [W] [manage-listenClient] 发送心跳
2026_07_31-14:23:02 [W] [manage-listenClient] 发送心跳
2026_07_31-14:23:07 [W] [manage-listenClient] 发送心跳
2026_07_31-14:23:12 [W] [manage-listenClient] 发送心跳
2026_07_31-14:23:17 [W] [manage-listenClient] 发送心跳
2026_07_31-14:23:22 [W] [manage-listenClient] 发送心跳
2026_07_31-14:23:27 [W] [manage-listenClient] 发送心跳
2026_07_31-14:23:32 [W] [manage-listenClient] 发送心跳
2026_07_31-14:23:37 [W] [manage-listenClient] 发送心跳
2026_07_31-14:23:42 [W] [manage-listenClient] 发送心跳
2026_07_31-14:23:47 [W] [manage-listenClient] 发送心跳
2026_07_31-14:23:52 [W] [manage-listenClient] 发送心跳
2026_07_31-14:23:57 [W] [manage-listenClient] 发送心跳
2026_07_31-14:24:02 [D] [client] disconnect from 192.168.10.1:8090
2026_07_31-14:24:02 [I] [client] socket close = 3
2026_07_31-14:24:02 [W] [manage-listenClient] 发送心跳
2026_07_31-14:24:02 [W] [manage-listenClient] 断联：开始释放资源
2026_07_31-14:24:02 [W] [manage-listenClient] ClientQue.front()->getClientID() = 19,CurClientID.load() = 18
2026_07_31-14:24:02 [I] [client] socket connect = 1 kConnecting = 0 kConnected = 1 kDisconnecting = 2 kDisconnected = 3
2026_07_31-14:24:02 [W] [manage-CreateClient] 需要创建client Index = 21
2026_07_31-14:24:02 [D] [<UNNAME>] Connection::kConnected
2026_07_31-14:24:02 [W] [analysis] RxFlg.store(1)---serial_number = 2301 check_sn = 2301
2026_07_31-14:24:02 [W] [analysis] cv通知下发---serial_number = 2301 check_sn = 2301
2026_07_31-14:24:02 [D] [manage-listenClient] 已经授权成功，重复验证授权码
2026_07_31-14:24:02 [D] [manage-listenClient] Random: bxMjTE..., VIN: HTWW312510A000123
2026_07_31-14:24:02 [I] [manage-listenClient] License verified successfully for VIN: HTWW312510A000123
2026_07_31-14:24:02 [D] [manage-listenClient] License valid until: 2026-10-15 10:12:20
2026_07_31-14:24:02 [I] [manage-listenClient] License verified successfully for expiry: 1A0A0F0A0C14
2026_07_31-14:24:07 [W] [manage-listenClient] 发送心跳
2026_07_31-14:24:12 [W] [manage-listenClient] 发送心跳
2026_07_31-14:24:17 [W] [manage-listenClient] 发送心跳
2026_07_31-14:24:22 [W] [manage-listenClient] 发送心跳
2026_07_31-14:24:27 [W] [manage-listenClient] 发送心跳
2026_07_31-14:24:32 [W] [manage-listenClient] 发送心跳
2026_07_31-14:24:37 [W] [manage-listenClient] 发送心跳
2026_07_31-14:24:42 [W] [manage-listenClient] 发送心跳
2026_07_31-14:24:47 [W] [manage-listenClient] 发送心跳
2026_07_31-14:24:52 [W] [manage-listenClient] 发送心跳
2026_07_31-14:24:57 [W] [manage-listenClient] 发送心跳
2026_07_31-14:25:02 [W] [manage-listenClient] 发送心跳
2026_07_31-14:25:07 [W] [manage-listenClient] 发送心跳
2026_07_31-14:25:12 [W] [manage-listenClient] 发送心跳
2026_07_31-14:25:17 [W] [manage-listenClient] 发送心跳
2026_07_31-14:25:22 [W] [manage-listenClient] 发送心跳
2026_07_31-14:25:27 [W] [manage-listenClient] 发送心跳
2026_07_31-14:25:32 [W] [manage-listenClient] 发送心跳
2026_07_31-14:25:37 [W] [manage-listenClient] 发送心跳
2026_07_31-14:25:42 [W] [manage-listenClient] 发送心跳
2026_07_31-14:25:47 [W] [manage-listenClient] 发送心跳
2026_07_31-14:25:52 [W] [manage-listenClient] 发送心跳
2026_07_31-14:25:57 [W] [manage-listenClient] 发送心跳
2026_07_31-14:26:02 [W] [manage-listenClient] 发送心跳
2026_07_31-14:26:07 [W] [manage-listenClient] 发送心跳
2026_07_31-14:26:12 [W] [manage-listenClient] 发送心跳
2026_07_31-14:26:17 [W] [manage-listenClient] 发送心跳
2026_07_31-14:26:22 [W] [manage-listenClient] 发送心跳
2026_07_31-14:26:27 [W] [manage-listenClient] 发送心跳
2026_07_31-14:26:32 [W] [manage-listenClient] 发送心跳
2026_07_31-14:26:37 [W] [manage-listenClient] 发送心跳
2026_07_31-14:26:42 [W] [manage-listenClient] 发送心跳
2026_07_31-14:26:47 [W] [manage-listenClient] 发送心跳
2026_07_31-14:26:52 [W] [manage-listenClient] 发送心跳
2026_07_31-14:26:57 [W] [manage-listenClient] 发送心跳
2026_07_31-14:27:02 [W] [manage-listenClient] 发送心跳
2026_07_31-14:27:07 [W] [manage-listenClient] 发送心跳
2026_07_31-14:27:12 [W] [manage-listenClient] 发送心跳
2026_07_31-14:27:17 [W] [manage-listenClient] 发送心跳
2026_07_31-14:27:22 [W] [manage-listenClient] 发送心跳
2026_07_31-14:27:27 [W] [manage-listenClient] 发送心跳
2026_07_31-14:27:32 [W] [manage-listenClient] 发送心跳
2026_07_31-14:27:37 [W] [manage-listenClient] 发送心跳
2026_07_31-14:27:42 [W] [manage-listenClient] 发送心跳
2026_07_31-14:27:47 [W] [manage-listenClient] 发送心跳
2026_07_31-14:27:52 [W] [manage-listenClient] 发送心跳
2026_07_31-14:27:57 [W] [manage-listenClient] 发送心跳
2026_07_31-14:28:02 [W] [manage-listenClient] 发送心跳
2026_07_31-14:28:07 [W] [manage-listenClient] 发送心跳
2026_07_31-14:28:12 [W] [manage-listenClient] 发送心跳
2026_07_31-14:28:17 [W] [manage-listenClient] 发送心跳
2026_07_31-14:28:22 [W] [manage-listenClient] 发送心跳
2026_07_31-14:28:27 [W] [manage-listenClient] 发送心跳
2026_07_31-14:28:32 [W] [manage-listenClient] 发送心跳
2026_07_31-14:28:37 [W] [manage-listenClient] 发送心跳
2026_07_31-14:28:42 [W] [manage-listenClient] 发送心跳
2026_07_31-14:28:47 [W] [manage-listenClient] 发送心跳
2026_07_31-14:28:52 [W] [manage-listenClient] 发送心跳
2026_07_31-14:28:57 [W] [manage-listenClient] 发送心跳
2026_07_31-14:29:02 [W] [manage-listenClient] 发送心跳
2026_07_31-14:29:07 [W] [manage-listenClient] 发送心跳
2026_07_31-14:29:12 [W] [manage-listenClient] 发送心跳
2026_07_31-14:29:17 [W] [manage-listenClient] 发送心跳
2026_07_31-14:29:22 [W] [manage-listenClient] 发送心跳
2026_07_31-14:29:27 [W] [manage-listenClient] 发送心跳
2026_07_31-14:29:32 [W] [manage-listenClient] 发送心跳
2026_07_31-14:29:37 [W] [manage-listenClient] 发送心跳
2026_07_31-14:29:42 [W] [manage-listenClient] 发送心跳
2026_07_31-14:29:47 [W] [manage-listenClient] 发送心跳
2026_07_31-14:29:52 [W] [manage-listenClient] 发送心跳
2026_07_31-14:29:57 [W] [manage-listenClient] 发送心跳
2026_07_31-14:30:02 [W] [manage-listenClient] 发送心跳
2026_07_31-14:30:07 [W] [manage-listenClient] 发送心跳
2026_07_31-14:30:12 [W] [manage-listenClient] 发送心跳
2026_07_31-14:30:17 [W] [manage-listenClient] 发送心跳
2026_07_31-14:30:22 [W] [manage-listenClient] 发送心跳
2026_07_31-14:30:27 [W] [manage-listenClient] 发送心跳
2026_07_31-14:30:32 [W] [manage-listenClient] 发送心跳
2026_07_31-14:30:37 [W] [manage-listenClient] 发送心跳
2026_07_31-14:30:42 [W] [manage-listenClient] 发送心跳
2026_07_31-14:30:47 [W] [manage-listenClient] 发送心跳
2026_07_31-14:30:52 [W] [manage-listenClient] 发送心跳
2026_07_31-14:30:57 [W] [manage-listenClient] 发送心跳
2026_07_31-14:31:02 [W] [manage-listenClient] 发送心跳
2026_07_31-14:31:07 [W] [manage-listenClient] 发送心跳
2026_07_31-14:31:12 [W] [manage-listenClient] 发送心跳
2026_07_31-14:31:17 [W] [manage-listenClient] 发送心跳
2026_07_31-14:31:22 [W] [manage-listenClient] 发送心跳
2026_07_31-14:31:27 [W] [manage-listenClient] 发送心跳
2026_07_31-14:31:32 [W] [manage-listenClient] 发送心跳
2026_07_31-14:31:37 [W] [manage-listenClient] 发送心跳
2026_07_31-14:31:42 [W] [manage-listenClient] 发送心跳
2026_07_31-14:31:47 [W] [manage-listenClient] 发送心跳
2026_07_31-14:31:52 [W] [manage-listenClient] 发送心跳
2026_07_31-14:31:57 [W] [manage-listenClient] 发送心跳
2026_07_31-14:32:02 [W] [manage-listenClient] 发送心跳
2026_07_31-14:32:07 [W] [manage-listenClient] 发送心跳
2026_07_31-14:32:12 [W] [manage-listenClient] 发送心跳
2026_07_31-14:32:17 [W] [manage-listenClient] 发送心跳
2026_07_31-14:32:22 [W] [manage-listenClient] 发送心跳
2026_07_31-14:32:27 [W] [manage-listenClient] 发送心跳
2026_07_31-14:32:32 [W] [manage-listenClient] 发送心跳
2026_07_31-14:32:37 [W] [manage-listenClient] 发送心跳
2026_07_31-14:32:42 [W] [manage-listenClient] 发送心跳
2026_07_31-14:32:47 [W] [manage-listenClient] 发送心跳
2026_07_31-14:32:52 [W] [manage-listenClient] 发送心跳
2026_07_31-14:32:57 [W] [manage-listenClient] 发送心跳
2026_07_31-14:33:02 [W] [manage-listenClient] 发送心跳
2026_07_31-14:33:07 [W] [manage-listenClient] 发送心跳
2026_07_31-14:33:12 [W] [manage-listenClient] 发送心跳
2026_07_31-14:33:17 [W] [manage-listenClient] 发送心跳
2026_07_31-14:33:22 [W] [manage-listenClient] 发送心跳
2026_07_31-14:33:27 [W] [manage-listenClient] 发送心跳
2026_07_31-14:33:32 [W] [manage-listenClient] 发送心跳
2026_07_31-14:33:37 [W] [manage-listenClient] 发送心跳
2026_07_31-14:33:42 [W] [manage-listenClient] 发送心跳
2026_07_31-14:33:47 [W] [manage-listenClient] 发送心跳
2026_07_31-14:33:52 [W] [manage-listenClient] 发送心跳
2026_07_31-14:33:57 [W] [manage-listenClient] 发送心跳
2026_07_31-14:34:02 [D] [client] disconnect from 192.168.10.1:8090
2026_07_31-14:34:02 [I] [client] socket close = 3
2026_07_31-14:34:02 [W] [manage-listenClient] 发送心跳
2026_07_31-14:34:02 [W] [manage-listenClient] 断联：开始释放资源
2026_07_31-14:34:02 [W] [manage-listenClient] ClientQue.front()->getClientID() = 20,CurClientID.load() = 19
2026_07_31-14:34:02 [I] [client] socket connect = 1 kConnecting = 0 kConnected = 1 kDisconnecting = 2 kDisconnected = 3
2026_07_31-14:34:02 [W] [manage-CreateClient] 需要创建client Index = 22
2026_07_31-14:34:03 [D] [<UNNAME>] Connection::kConnected
2026_07_31-14:34:03 [W] [analysis] RxFlg.store(1)---serial_number = 2422 check_sn = 2422
2026_07_31-14:34:03 [W] [analysis] cv通知下发---serial_number = 2422 check_sn = 2422
2026_07_31-14:34:03 [D] [manage-listenClient] 已经授权成功，重复验证授权码
2026_07_31-14:34:03 [D] [manage-listenClient] Random: bxMjTE..., VIN: HTWW312510A000123
2026_07_31-14:34:03 [I] [manage-listenClient] License verified successfully for VIN: HTWW312510A000123
2026_07_31-14:34:03 [D] [manage-listenClient] License valid until: 2026-10-15 10:12:20
2026_07_31-14:34:03 [I] [manage-listenClient] License verified successfully for expiry: 1A0A0F0A0C14
2026_07_31-14:34:07 [W] [manage-listenClient] 发送心跳
2026_07_31-14:34:12 [W] [manage-listenClient] 发送心跳
2026_07_31-14:34:17 [W] [manage-listenClient] 发送心跳
2026_07_31-14:34:22 [W] [manage-listenClient] 发送心跳
2026_07_31-14:34:27 [W] [manage-listenClient] 发送心跳
2026_07_31-14:34:32 [W] [manage-listenClient] 发送心跳
2026_07_31-14:34:37 [W] [manage-listenClient] 发送心跳
2026_07_31-14:34:42 [W] [manage-listenClient] 发送心跳
2026_07_31-14:34:47 [W] [manage-listenClient] 发送心跳
2026_07_31-14:34:52 [W] [manage-listenClient] 发送心跳
2026_07_31-14:34:57 [W] [manage-listenClient] 发送心跳
2026_07_31-14:35:02 [W] [manage-listenClient] 发送心跳
2026_07_31-14:35:07 [W] [manage-listenClient] 发送心跳
2026_07_31-14:35:12 [W] [manage-listenClient] 发送心跳
2026_07_31-14:35:17 [W] [manage-listenClient] 发送心跳
2026_07_31-14:35:22 [W] [manage-listenClient] 发送心跳
2026_07_31-14:35:27 [W] [manage-listenClient] 发送心跳
2026_07_31-14:35:32 [W] [manage-listenClient] 发送心跳
2026_07_31-14:35:37 [W] [manage-listenClient] 发送心跳
2026_07_31-14:35:42 [W] [manage-listenClient] 发送心跳
2026_07_31-14:35:47 [W] [manage-listenClient] 发送心跳
2026_07_31-14:35:52 [W] [manage-listenClient] 发送心跳
2026_07_31-14:35:57 [W] [manage-listenClient] 发送心跳
2026_07_31-14:36:02 [W] [manage-listenClient] 发送心跳
2026_07_31-14:36:07 [W] [manage-listenClient] 发送心跳
2026_07_31-14:36:12 [W] [manage-listenClient] 发送心跳
2026_07_31-14:36:17 [W] [manage-listenClient] 发送心跳
2026_07_31-14:36:22 [W] [manage-listenClient] 发送心跳
2026_07_31-14:36:27 [W] [manage-listenClient] 发送心跳
2026_07_31-14:36:32 [W] [manage-listenClient] 发送心跳
2026_07_31-14:36:37 [W] [manage-listenClient] 发送心跳
2026_07_31-14:36:42 [W] [manage-listenClient] 发送心跳
2026_07_31-14:36:47 [W] [manage-listenClient] 发送心跳
2026_07_31-14:36:51 [D] [<UNNAME>] Connection::kConnected
2026_07_31-14:36:52 [W] [analysis] RxFlg.store(1)---serial_number = 2456 check_sn = 2456
2026_07_31-14:36:52 [W] [analysis] cv通知下发---serial_number = 2456 check_sn = 2456
2026_07_31-14:36:52 [D] [<UNNAME>] linear_speed=0.000000, angular_speed=0.000000, iscanmove=0
2026_07_31-14:36:52 [D] [<UNNAME>] Connection::kConnected
2026_07_31-14:36:52 [W] [analysis] RxFlg.store(1)---serial_number = 2457 check_sn = 2457
2026_07_31-14:36:52 [W] [analysis] cv通知下发---serial_number = 2457 check_sn = 2457
2026_07_31-14:36:52 [D] [<UNNAME>] brake_ctrl=0
