2026_07_30-11:03:36 [D] [<UNNAME>] start init ...
2026_07_30-11:03:36 [D] [<UNNAME>] gmrL3NIiUe7mk2Gv/LbZv6yPs4w+JnpQgKIKDn8/FR/nYMKfKnR93t2jd9VY4qaRhwq9bJUmJ9BN4RYuKnOxUfY=
2026_07_30-11:03:36 [I] [client] socket connect = 1 kConnecting = 0 kConnected = 1 kDisconnecting = 2 kDisconnected = 3
2026_07_30-11:03:36 [W] [manage-CreateClient] 需要创建client Index = 1
2026_07_30-11:03:36 [D] [<UNNAME>] Connection::kConnected
2026_07_30-11:03:36 [W] [analysis] RxFlg.store(1)---serial_number = 0 check_sn = 0
2026_07_30-11:03:36 [W] [analysis] cv通知下发---serial_number = 0 check_sn = 0
2026_07_30-11:03:36 [D] [manage-listenClient] 还未授权成功，请求中
2026_07_30-11:03:36 [D] [<UNNAME>] Connection::kConnected
2026_07_30-11:03:36 [W] [manage-CreateClient] 需要创建client Index = 2
2026_07_30-11:03:37 [W] [analysis] RxFlg.store(1)---serial_number = 1 check_sn = 1
2026_07_30-11:03:37 [W] [analysis] cv通知下发---serial_number = 1 check_sn = 1
2026_07_30-11:03:37 [E] [analysis] [auth=0]:未授权
2026_07_30-11:03:37 [D] [manage-listenClient] Random: bxMjTE..., VIN: HTWW312510A000123
2026_07_30-11:03:37 [I] [manage-listenClient] License verified successfully for VIN: HTWW312510A000123
2026_07_30-11:03:37 [D] [manage-listenClient] License valid until: 2026-10-15 10:12:20
2026_07_30-11:03:37 [I] [manage-listenClient] License verified successfully for expiry: 1A0A0F0A0C14
2026_07_30-11:03:37 [D] [<UNNAME>] Connection::kConnected
2026_07_30-11:03:37 [W] [analysis] RxFlg.store(1)---serial_number = 2 check_sn = 2
2026_07_30-11:03:37 [W] [analysis] cv通知下发---serial_number = 2 check_sn = 2
2026_07_30-11:03:37 [D] [<UNNAME>] brake_ctrl=1
2026_07_30-11:03:41 [W] [manage-listenClient] 发送心跳
2026_07_30-11:03:46 [W] [manage-listenClient] 发送心跳
2026_07_30-11:03:51 [W] [manage-listenClient] 发送心跳
2026_07_30-11:03:56 [W] [manage-listenClient] 发送心跳
2026_07_30-11:04:01 [W] [manage-listenClient] 发送心跳
2026_07_30-11:04:06 [W] [manage-listenClient] 发送心跳
2026_07_30-11:04:11 [W] [manage-listenClient] 发送心跳
2026_07_30-11:04:16 [W] [manage-listenClient] 发送心跳
2026_07_30-11:04:21 [W] [manage-listenClient] 发送心跳
2026_07_30-11:04:26 [W] [manage-listenClient] 发送心跳
2026_07_30-11:04:31 [W] [manage-listenClient] 发送心跳
2026_07_30-11:04:36 [W] [manage-listenClient] 发送心跳
2026_07_30-11:04:41 [W] [manage-listenClient] 发送心跳
2026_07_30-11:04:46 [W] [manage-listenClient] 发送心跳
2026_07_30-11:04:51 [W] [manage-listenClient] 发送心跳
2026_07_30-11:04:56 [W] [manage-listenClient] 发送心跳
2026_07_30-11:05:01 [W] [manage-listenClient] 发送心跳
2026_07_30-11:05:06 [W] [manage-listenClient] 发送心跳
2026_07_30-11:05:11 [W] [manage-listenClient] 发送心跳
2026_07_30-11:05:16 [W] [manage-listenClient] 发送心跳
2026_07_30-11:05:21 [W] [manage-listenClient] 发送心跳
2026_07_30-11:05:26 [W] [manage-listenClient] 发送心跳
2026_07_30-11:05:31 [W] [manage-listenClient] 发送心跳
2026_07_30-11:05:36 [W] [manage-listenClient] 发送心跳
2026_07_30-11:05:41 [W] [manage-listenClient] 发送心跳
2026_07_30-11:05:46 [W] [manage-listenClient] 发送心跳
2026_07_30-11:05:51 [W] [manage-listenClient] 发送心跳
2026_07_30-11:05:56 [W] [manage-listenClient] 发送心跳
2026_07_30-11:06:01 [W] [manage-listenClient] 发送心跳
2026_07_30-11:06:06 [W] [manage-listenClient] 发送心跳
2026_07_30-11:06:11 [W] [manage-listenClient] 发送心跳
2026_07_30-11:06:16 [W] [manage-listenClient] 发送心跳
2026_07_30-11:06:21 [W] [manage-listenClient] 发送心跳
2026_07_30-11:06:26 [W] [manage-listenClient] 发送心跳
2026_07_30-11:06:31 [W] [manage-listenClient] 发送心跳
2026_07_30-11:06:36 [W] [manage-listenClient] 发送心跳
2026_07_30-11:06:41 [W] [manage-listenClient] 发送心跳
2026_07_30-11:06:46 [W] [manage-listenClient] 发送心跳
2026_07_30-11:06:51 [W] [manage-listenClient] 发送心跳
2026_07_30-11:06:56 [W] [manage-listenClient] 发送心跳
2026_07_30-11:07:01 [W] [manage-listenClient] 发送心跳
2026_07_30-11:07:06 [W] [manage-listenClient] 发送心跳
2026_07_30-11:07:12 [W] [manage-listenClient] 发送心跳
2026_07_30-11:07:17 [W] [manage-listenClient] 发送心跳
2026_07_30-11:07:22 [W] [manage-listenClient] 发送心跳
2026_07_30-11:07:27 [W] [manage-listenClient] 发送心跳
2026_07_30-11:07:32 [W] [manage-listenClient] 发送心跳
2026_07_30-11:07:37 [W] [manage-listenClient] 发送心跳
2026_07_30-11:07:42 [W] [manage-listenClient] 发送心跳
2026_07_30-11:07:47 [W] [manage-listenClient] 发送心跳
2026_07_30-11:07:52 [W] [manage-listenClient] 发送心跳
2026_07_30-11:07:57 [W] [manage-listenClient] 发送心跳
2026_07_30-11:08:02 [W] [manage-listenClient] 发送心跳
2026_07_30-11:08:07 [W] [manage-listenClient] 发送心跳
2026_07_30-11:08:12 [W] [manage-listenClient] 发送心跳
2026_07_30-11:08:17 [W] [manage-listenClient] 发送心跳
2026_07_30-11:08:22 [W] [manage-listenClient] 发送心跳
2026_07_30-11:08:27 [W] [manage-listenClient] 发送心跳
2026_07_30-11:08:32 [W] [manage-listenClient] 发送心跳
2026_07_30-11:08:37 [W] [manage-listenClient] 发送心跳
2026_07_30-11:08:42 [W] [manage-listenClient] 发送心跳
2026_07_30-11:08:47 [W] [manage-listenClient] 发送心跳
2026_07_30-11:08:52 [W] [manage-listenClient] 发送心跳
2026_07_30-11:08:57 [W] [manage-listenClient] 发送心跳
2026_07_30-11:09:02 [W] [manage-listenClient] 发送心跳
2026_07_30-11:09:07 [W] [manage-listenClient] 发送心跳
2026_07_30-11:09:12 [W] [manage-listenClient] 发送心跳
2026_07_30-11:09:17 [W] [manage-listenClient] 发送心跳
2026_07_30-11:09:22 [W] [manage-listenClient] 发送心跳
2026_07_30-11:09:27 [W] [manage-listenClient] 发送心跳
2026_07_30-11:09:32 [W] [manage-listenClient] 发送心跳
2026_07_30-11:09:37 [W] [manage-listenClient] 发送心跳
2026_07_30-11:09:42 [W] [manage-listenClient] 发送心跳
2026_07_30-11:09:47 [W] [manage-listenClient] 发送心跳
2026_07_30-11:09:52 [W] [manage-listenClient] 发送心跳
2026_07_30-11:09:57 [W] [manage-listenClient] 发送心跳
2026_07_30-11:10:02 [W] [manage-listenClient] 发送心跳
2026_07_30-11:10:07 [W] [manage-listenClient] 发送心跳
2026_07_30-11:10:12 [W] [manage-listenClient] 发送心跳
2026_07_30-11:10:17 [W] [manage-listenClient] 发送心跳
2026_07_30-11:10:22 [W] [manage-listenClient] 发送心跳
2026_07_30-11:10:27 [W] [manage-listenClient] 发送心跳
2026_07_30-11:10:32 [W] [manage-listenClient] 发送心跳
2026_07_30-11:10:37 [W] [manage-listenClient] 发送心跳
2026_07_30-11:10:42 [W] [manage-listenClient] 发送心跳
2026_07_30-11:10:47 [W] [manage-listenClient] 发送心跳
2026_07_30-11:10:52 [W] [manage-listenClient] 发送心跳
2026_07_30-11:10:57 [W] [manage-listenClient] 发送心跳
2026_07_30-11:11:02 [W] [manage-listenClient] 发送心跳
2026_07_30-11:11:07 [W] [manage-listenClient] 发送心跳
2026_07_30-11:11:12 [W] [manage-listenClient] 发送心跳
2026_07_30-11:11:17 [W] [manage-listenClient] 发送心跳
2026_07_30-11:11:22 [W] [manage-listenClient] 发送心跳
2026_07_30-11:11:27 [W] [manage-listenClient] 发送心跳
2026_07_30-11:11:32 [W] [manage-listenClient] 发送心跳
2026_07_30-11:11:37 [W] [manage-listenClient] 发送心跳
2026_07_30-11:11:42 [W] [manage-listenClient] 发送心跳
2026_07_30-11:11:47 [W] [manage-listenClient] 发送心跳
2026_07_30-11:11:52 [W] [manage-listenClient] 发送心跳
2026_07_30-11:11:57 [W] [manage-listenClient] 发送心跳
2026_07_30-11:12:02 [W] [manage-listenClient] 发送心跳
2026_07_30-11:12:07 [W] [manage-listenClient] 发送心跳
2026_07_30-11:12:12 [W] [manage-listenClient] 发送心跳
2026_07_30-11:12:17 [W] [manage-listenClient] 发送心跳
2026_07_30-11:12:22 [W] [manage-listenClient] 发送心跳
2026_07_30-11:12:27 [W] [manage-listenClient] 发送心跳
2026_07_30-11:12:32 [W] [manage-listenClient] 发送心跳
2026_07_30-11:12:37 [W] [manage-listenClient] 发送心跳
2026_07_30-11:12:42 [W] [manage-listenClient] 发送心跳
2026_07_30-11:12:47 [W] [manage-listenClient] 发送心跳
2026_07_30-11:12:52 [W] [manage-listenClient] 发送心跳
2026_07_30-11:12:57 [W] [manage-listenClient] 发送心跳
2026_07_30-11:13:02 [W] [manage-listenClient] 发送心跳
2026_07_30-11:13:07 [W] [manage-listenClient] 发送心跳
2026_07_30-11:13:12 [W] [manage-listenClient] 发送心跳
2026_07_30-11:13:17 [W] [manage-listenClient] 发送心跳
2026_07_30-11:13:22 [W] [manage-listenClient] 发送心跳
2026_07_30-11:13:27 [W] [manage-listenClient] 发送心跳
2026_07_30-11:13:32 [W] [manage-listenClient] 发送心跳
2026_07_30-11:13:37 [W] [manage-listenClient] 发送心跳
2026_07_30-11:13:37 [D] [client] disconnect from 192.168.10.1:8090
2026_07_30-11:13:37 [I] [client] socket close = 3
2026_07_30-11:13:37 [W] [manage-listenClient] 断联：开始释放资源
2026_07_30-11:13:37 [W] [manage-listenClient] ClientQue.front()->getClientID() = 1,CurClientID.load() = 0
2026_07_30-11:13:37 [I] [client] socket connect = 1 kConnecting = 0 kConnected = 1 kDisconnecting = 2 kDisconnected = 3
2026_07_30-11:13:37 [W] [manage-CreateClient] 需要创建client Index = 3
2026_07_30-11:13:37 [D] [<UNNAME>] Connection::kConnected
2026_07_30-11:13:37 [W] [analysis] RxFlg.store(1)---serial_number = 123 check_sn = 123
2026_07_30-11:13:37 [W] [analysis] cv通知下发---serial_number = 123 check_sn = 123
2026_07_30-11:13:37 [D] [manage-listenClient] 已经授权成功，重复验证授权码
2026_07_30-11:13:37 [D] [manage-listenClient] Random: bxMjTE..., VIN: HTWW312510A000123
2026_07_30-11:13:37 [I] [manage-listenClient] License verified successfully for VIN: HTWW312510A000123
2026_07_30-11:13:37 [D] [manage-listenClient] License valid until: 2026-10-15 10:12:20
2026_07_30-11:13:37 [I] [manage-listenClient] License verified successfully for expiry: 1A0A0F0A0C14
2026_07_30-11:13:42 [W] [manage-listenClient] 发送心跳
2026_07_30-11:13:47 [W] [manage-listenClient] 发送心跳
2026_07_30-11:13:52 [W] [manage-listenClient] 发送心跳
2026_07_30-11:13:57 [W] [manage-listenClient] 发送心跳
2026_07_30-11:14:02 [W] [manage-listenClient] 发送心跳
2026_07_30-11:14:07 [W] [manage-listenClient] 发送心跳
2026_07_30-11:14:12 [W] [manage-listenClient] 发送心跳
2026_07_30-11:14:17 [W] [manage-listenClient] 发送心跳
2026_07_30-11:14:22 [W] [manage-listenClient] 发送心跳
2026_07_30-11:14:27 [W] [manage-listenClient] 发送心跳
2026_07_30-11:14:32 [W] [manage-listenClient] 发送心跳
2026_07_30-11:14:37 [W] [manage-listenClient] 发送心跳
2026_07_30-11:14:42 [W] [manage-listenClient] 发送心跳
2026_07_30-11:14:47 [W] [manage-listenClient] 发送心跳
2026_07_30-11:14:52 [W] [manage-listenClient] 发送心跳
2026_07_30-11:14:57 [W] [manage-listenClient] 发送心跳
2026_07_30-11:15:02 [W] [manage-listenClient] 发送心跳
2026_07_30-11:15:07 [W] [manage-listenClient] 发送心跳
2026_07_30-11:15:12 [W] [manage-listenClient] 发送心跳
2026_07_30-11:15:17 [W] [manage-listenClient] 发送心跳
2026_07_30-11:15:22 [W] [manage-listenClient] 发送心跳
2026_07_30-11:15:27 [W] [manage-listenClient] 发送心跳
2026_07_30-11:15:32 [W] [manage-listenClient] 发送心跳
2026_07_30-11:15:37 [W] [manage-listenClient] 发送心跳
2026_07_30-11:15:42 [W] [manage-listenClient] 发送心跳
2026_07_30-11:15:47 [W] [manage-listenClient] 发送心跳
2026_07_30-11:15:52 [W] [manage-listenClient] 发送心跳
2026_07_30-11:15:57 [W] [manage-listenClient] 发送心跳
2026_07_30-11:16:02 [W] [manage-listenClient] 发送心跳
2026_07_30-11:16:07 [W] [manage-listenClient] 发送心跳
2026_07_30-11:16:12 [W] [manage-listenClient] 发送心跳
2026_07_30-11:16:17 [W] [manage-listenClient] 发送心跳
2026_07_30-11:16:22 [W] [manage-listenClient] 发送心跳
2026_07_30-11:16:27 [W] [manage-listenClient] 发送心跳
2026_07_30-11:16:32 [W] [manage-listenClient] 发送心跳
2026_07_30-11:16:37 [W] [manage-listenClient] 发送心跳
2026_07_30-11:16:42 [W] [manage-listenClient] 发送心跳
2026_07_30-11:16:47 [W] [manage-listenClient] 发送心跳
2026_07_30-11:16:52 [W] [manage-listenClient] 发送心跳
2026_07_30-11:16:57 [W] [manage-listenClient] 发送心跳
2026_07_30-11:17:02 [W] [manage-listenClient] 发送心跳
2026_07_30-11:17:07 [W] [manage-listenClient] 发送心跳
2026_07_30-11:17:12 [W] [manage-listenClient] 发送心跳
2026_07_30-11:17:17 [W] [manage-listenClient] 发送心跳
2026_07_30-11:17:22 [W] [manage-listenClient] 发送心跳
2026_07_30-11:17:27 [W] [manage-listenClient] 发送心跳
2026_07_30-11:17:32 [W] [manage-listenClient] 发送心跳
2026_07_30-11:17:37 [W] [manage-listenClient] 发送心跳
2026_07_30-11:17:42 [W] [manage-listenClient] 发送心跳
2026_07_30-11:17:47 [W] [manage-listenClient] 发送心跳
2026_07_30-11:17:52 [W] [manage-listenClient] 发送心跳
2026_07_30-11:17:57 [W] [manage-listenClient] 发送心跳
2026_07_30-11:18:02 [W] [manage-listenClient] 发送心跳
2026_07_30-11:18:07 [W] [manage-listenClient] 发送心跳
2026_07_30-11:18:12 [W] [manage-listenClient] 发送心跳
2026_07_30-11:18:17 [W] [manage-listenClient] 发送心跳
2026_07_30-11:18:22 [W] [manage-listenClient] 发送心跳
2026_07_30-11:18:27 [W] [manage-listenClient] 发送心跳
2026_07_30-11:18:32 [W] [manage-listenClient] 发送心跳
2026_07_30-11:18:37 [W] [manage-listenClient] 发送心跳
2026_07_30-11:18:42 [W] [manage-listenClient] 发送心跳
2026_07_30-11:18:47 [W] [manage-listenClient] 发送心跳
2026_07_30-11:18:52 [W] [manage-listenClient] 发送心跳
2026_07_30-11:18:57 [W] [manage-listenClient] 发送心跳
2026_07_30-11:19:02 [W] [manage-listenClient] 发送心跳
2026_07_30-11:19:07 [W] [manage-listenClient] 发送心跳
2026_07_30-11:19:12 [W] [manage-listenClient] 发送心跳
2026_07_30-11:19:17 [W] [manage-listenClient] 发送心跳
2026_07_30-11:19:22 [W] [manage-listenClient] 发送心跳
2026_07_30-11:19:27 [W] [manage-listenClient] 发送心跳
2026_07_30-11:19:32 [W] [manage-listenClient] 发送心跳
2026_07_30-11:19:37 [W] [manage-listenClient] 发送心跳
2026_07_30-11:19:42 [W] [manage-listenClient] 发送心跳
2026_07_30-11:19:47 [W] [manage-listenClient] 发送心跳
2026_07_30-11:19:52 [W] [manage-listenClient] 发送心跳
2026_07_30-11:19:57 [W] [manage-listenClient] 发送心跳
2026_07_30-11:20:02 [W] [manage-listenClient] 发送心跳
2026_07_30-11:20:07 [W] [manage-listenClient] 发送心跳
2026_07_30-11:20:12 [W] [manage-listenClient] 发送心跳
2026_07_30-11:20:17 [W] [manage-listenClient] 发送心跳
2026_07_30-11:20:22 [W] [manage-listenClient] 发送心跳
2026_07_30-11:20:27 [W] [manage-listenClient] 发送心跳
2026_07_30-11:20:32 [W] [manage-listenClient] 发送心跳
2026_07_30-11:20:37 [W] [manage-listenClient] 发送心跳
2026_07_30-11:20:42 [W] [manage-listenClient] 发送心跳
2026_07_30-11:20:47 [W] [manage-listenClient] 发送心跳
2026_07_30-11:20:52 [W] [manage-listenClient] 发送心跳
2026_07_30-11:20:57 [W] [manage-listenClient] 发送心跳
2026_07_30-11:21:02 [W] [manage-listenClient] 发送心跳
2026_07_30-11:21:07 [W] [manage-listenClient] 发送心跳
2026_07_30-11:21:12 [W] [manage-listenClient] 发送心跳
2026_07_30-11:21:17 [W] [manage-listenClient] 发送心跳
2026_07_30-11:21:22 [W] [manage-listenClient] 发送心跳
2026_07_30-11:21:27 [W] [manage-listenClient] 发送心跳
2026_07_30-11:21:32 [W] [manage-listenClient] 发送心跳
2026_07_30-11:21:37 [W] [manage-listenClient] 发送心跳
2026_07_30-11:21:42 [W] [manage-listenClient] 发送心跳
2026_07_30-11:21:47 [W] [manage-listenClient] 发送心跳
2026_07_30-11:21:52 [W] [manage-listenClient] 发送心跳
2026_07_30-11:21:57 [W] [manage-listenClient] 发送心跳
2026_07_30-11:22:02 [W] [manage-listenClient] 发送心跳
2026_07_30-11:22:07 [W] [manage-listenClient] 发送心跳
2026_07_30-11:22:12 [W] [manage-listenClient] 发送心跳
2026_07_30-11:22:17 [W] [manage-listenClient] 发送心跳
2026_07_30-11:22:22 [W] [manage-listenClient] 发送心跳
2026_07_30-11:22:27 [W] [manage-listenClient] 发送心跳
2026_07_30-11:22:33 [W] [manage-listenClient] 发送心跳
2026_07_30-11:22:38 [W] [manage-listenClient] 发送心跳
2026_07_30-11:22:43 [W] [manage-listenClient] 发送心跳
2026_07_30-11:22:48 [W] [manage-listenClient] 发送心跳
2026_07_30-11:22:53 [W] [manage-listenClient] 发送心跳
2026_07_30-11:22:58 [W] [manage-listenClient] 发送心跳
2026_07_30-11:23:03 [W] [manage-listenClient] 发送心跳
2026_07_30-11:23:08 [W] [manage-listenClient] 发送心跳
2026_07_30-11:23:13 [W] [manage-listenClient] 发送心跳
2026_07_30-11:23:18 [W] [manage-listenClient] 发送心跳
2026_07_30-11:23:23 [W] [manage-listenClient] 发送心跳
2026_07_30-11:23:28 [W] [manage-listenClient] 发送心跳
2026_07_30-11:23:33 [W] [manage-listenClient] 发送心跳
2026_07_30-11:23:37 [D] [client] disconnect from 192.168.10.1:8090
2026_07_30-11:23:37 [I] [client] socket close = 3
2026_07_30-11:23:37 [W] [manage-listenClient] 断联：开始释放资源
2026_07_30-11:23:37 [W] [manage-listenClient] ClientQue.front()->getClientID() = 2,CurClientID.load() = 1
2026_07_30-11:23:37 [I] [client] socket connect = 1 kConnecting = 0 kConnected = 1 kDisconnecting = 2 kDisconnected = 3
2026_07_30-11:23:37 [W] [manage-CreateClient] 需要创建client Index = 4
2026_07_30-11:23:38 [D] [<UNNAME>] Connection::kConnected
2026_07_30-11:23:38 [W] [analysis] RxFlg.store(1)---serial_number = 243 check_sn = 243
2026_07_30-11:23:38 [W] [analysis] cv通知下发---serial_number = 243 check_sn = 243
2026_07_30-11:23:38 [W] [manage-listenClient] 发送心跳
2026_07_30-11:23:38 [D] [manage-listenClient] 已经授权成功，重复验证授权码
2026_07_30-11:23:38 [D] [manage-listenClient] Random: bxMjTE..., VIN: HTWW312510A000123
2026_07_30-11:23:38 [I] [manage-listenClient] License verified successfully for VIN: HTWW312510A000123
2026_07_30-11:23:38 [D] [manage-listenClient] License valid until: 2026-10-15 10:12:20
2026_07_30-11:23:38 [I] [manage-listenClient] License verified successfully for expiry: 1A0A0F0A0C14
2026_07_30-11:23:43 [W] [manage-listenClient] 发送心跳
2026_07_30-11:23:48 [W] [manage-listenClient] 发送心跳
2026_07_30-11:23:53 [W] [manage-listenClient] 发送心跳
2026_07_30-11:23:58 [W] [manage-listenClient] 发送心跳
2026_07_30-11:24:03 [W] [manage-listenClient] 发送心跳
2026_07_30-11:24:08 [W] [manage-listenClient] 发送心跳
2026_07_30-11:24:13 [W] [manage-listenClient] 发送心跳
2026_07_30-11:24:18 [W] [manage-listenClient] 发送心跳
2026_07_30-11:24:23 [W] [manage-listenClient] 发送心跳
2026_07_30-11:24:28 [W] [manage-listenClient] 发送心跳
2026_07_30-11:24:33 [W] [manage-listenClient] 发送心跳
2026_07_30-11:24:38 [W] [manage-listenClient] 发送心跳
2026_07_30-11:24:43 [W] [manage-listenClient] 发送心跳
2026_07_30-11:24:48 [W] [manage-listenClient] 发送心跳
2026_07_30-11:24:53 [W] [manage-listenClient] 发送心跳
2026_07_30-11:24:58 [W] [manage-listenClient] 发送心跳
2026_07_30-11:25:03 [W] [manage-listenClient] 发送心跳
2026_07_30-11:25:08 [W] [manage-listenClient] 发送心跳
2026_07_30-11:25:13 [W] [manage-listenClient] 发送心跳
2026_07_30-11:25:18 [W] [manage-listenClient] 发送心跳
2026_07_30-11:25:23 [W] [manage-listenClient] 发送心跳
2026_07_30-11:25:28 [W] [manage-listenClient] 发送心跳
2026_07_30-11:25:33 [W] [manage-listenClient] 发送心跳
2026_07_30-11:25:38 [W] [manage-listenClient] 发送心跳
2026_07_30-11:25:43 [W] [manage-listenClient] 发送心跳
2026_07_30-11:25:48 [W] [manage-listenClient] 发送心跳
2026_07_30-11:25:53 [W] [manage-listenClient] 发送心跳
2026_07_30-11:25:58 [W] [manage-listenClient] 发送心跳
2026_07_30-11:26:03 [W] [manage-listenClient] 发送心跳
2026_07_30-11:26:08 [W] [manage-listenClient] 发送心跳
2026_07_30-11:26:13 [W] [manage-listenClient] 发送心跳
2026_07_30-11:26:18 [W] [manage-listenClient] 发送心跳
2026_07_30-11:26:23 [W] [manage-listenClient] 发送心跳
2026_07_30-11:26:28 [W] [manage-listenClient] 发送心跳
2026_07_30-11:26:33 [W] [manage-listenClient] 发送心跳
2026_07_30-11:26:38 [W] [manage-listenClient] 发送心跳
2026_07_30-11:26:43 [W] [manage-listenClient] 发送心跳
2026_07_30-11:26:48 [W] [manage-listenClient] 发送心跳
2026_07_30-11:26:53 [W] [manage-listenClient] 发送心跳
2026_07_30-11:26:58 [W] [manage-listenClient] 发送心跳
2026_07_30-11:27:03 [W] [manage-listenClient] 发送心跳
2026_07_30-11:27:08 [W] [manage-listenClient] 发送心跳
2026_07_30-11:27:13 [W] [manage-listenClient] 发送心跳
2026_07_30-11:27:18 [W] [manage-listenClient] 发送心跳
2026_07_30-11:27:23 [W] [manage-listenClient] 发送心跳
2026_07_30-11:27:28 [W] [manage-listenClient] 发送心跳
2026_07_30-11:27:33 [W] [manage-listenClient] 发送心跳
2026_07_30-11:27:38 [W] [manage-listenClient] 发送心跳
2026_07_30-11:27:43 [W] [manage-listenClient] 发送心跳
2026_07_30-11:27:48 [W] [manage-listenClient] 发送心跳
2026_07_30-11:27:53 [W] [manage-listenClient] 发送心跳
2026_07_30-11:27:58 [W] [manage-listenClient] 发送心跳
2026_07_30-11:28:03 [W] [manage-listenClient] 发送心跳
2026_07_30-11:28:08 [W] [manage-listenClient] 发送心跳
2026_07_30-11:28:13 [W] [manage-listenClient] 发送心跳
2026_07_30-11:28:18 [W] [manage-listenClient] 发送心跳
2026_07_30-11:28:23 [W] [manage-listenClient] 发送心跳
2026_07_30-11:28:28 [W] [manage-listenClient] 发送心跳
2026_07_30-11:28:33 [W] [manage-listenClient] 发送心跳
2026_07_30-11:28:38 [W] [manage-listenClient] 发送心跳
2026_07_30-11:28:43 [W] [manage-listenClient] 发送心跳
2026_07_30-11:28:48 [W] [manage-listenClient] 发送心跳
2026_07_30-11:28:53 [W] [manage-listenClient] 发送心跳
2026_07_30-11:28:58 [W] [manage-listenClient] 发送心跳
2026_07_30-11:29:03 [W] [manage-listenClient] 发送心跳
2026_07_30-11:29:08 [W] [manage-listenClient] 发送心跳
2026_07_30-11:29:13 [W] [manage-listenClient] 发送心跳
2026_07_30-11:29:18 [W] [manage-listenClient] 发送心跳
2026_07_30-11:29:23 [W] [manage-listenClient] 发送心跳
2026_07_30-11:29:28 [W] [manage-listenClient] 发送心跳
2026_07_30-11:29:33 [W] [manage-listenClient] 发送心跳
2026_07_30-11:29:38 [W] [manage-listenClient] 发送心跳
2026_07_30-11:29:43 [W] [manage-listenClient] 发送心跳
2026_07_30-11:29:48 [W] [manage-listenClient] 发送心跳
2026_07_30-11:29:53 [W] [manage-listenClient] 发送心跳
2026_07_30-11:29:58 [W] [manage-listenClient] 发送心跳
2026_07_30-11:30:03 [W] [manage-listenClient] 发送心跳
2026_07_30-11:30:08 [W] [manage-listenClient] 发送心跳
2026_07_30-11:30:13 [W] [manage-listenClient] 发送心跳
2026_07_30-11:30:18 [W] [manage-listenClient] 发送心跳
2026_07_30-11:30:23 [W] [manage-listenClient] 发送心跳
2026_07_30-11:30:28 [W] [manage-listenClient] 发送心跳
2026_07_30-11:30:33 [W] [manage-listenClient] 发送心跳
2026_07_30-11:30:38 [W] [manage-listenClient] 发送心跳
2026_07_30-11:30:43 [W] [manage-listenClient] 发送心跳
2026_07_30-11:30:48 [W] [manage-listenClient] 发送心跳
2026_07_30-11:30:53 [W] [manage-listenClient] 发送心跳
2026_07_30-11:30:58 [W] [manage-listenClient] 发送心跳
2026_07_30-11:31:03 [W] [manage-listenClient] 发送心跳
2026_07_30-11:31:08 [W] [manage-listenClient] 发送心跳
2026_07_30-11:31:13 [W] [manage-listenClient] 发送心跳
2026_07_30-11:31:18 [W] [manage-listenClient] 发送心跳
2026_07_30-11:31:23 [W] [manage-listenClient] 发送心跳
2026_07_30-11:31:28 [W] [manage-listenClient] 发送心跳
2026_07_30-11:31:33 [W] [manage-listenClient] 发送心跳
2026_07_30-11:31:38 [W] [manage-listenClient] 发送心跳
2026_07_30-11:31:43 [W] [manage-listenClient] 发送心跳
2026_07_30-11:31:48 [W] [manage-listenClient] 发送心跳
2026_07_30-11:31:53 [W] [manage-listenClient] 发送心跳
2026_07_30-11:31:58 [W] [manage-listenClient] 发送心跳
2026_07_30-11:32:03 [W] [manage-listenClient] 发送心跳
2026_07_30-11:32:08 [W] [manage-listenClient] 发送心跳
2026_07_30-11:32:13 [W] [manage-listenClient] 发送心跳
2026_07_30-11:32:18 [W] [manage-listenClient] 发送心跳
2026_07_30-11:32:23 [W] [manage-listenClient] 发送心跳
2026_07_30-11:32:28 [W] [manage-listenClient] 发送心跳
2026_07_30-11:32:33 [W] [manage-listenClient] 发送心跳
2026_07_30-11:32:38 [W] [manage-listenClient] 发送心跳
2026_07_30-11:32:43 [W] [manage-listenClient] 发送心跳
2026_07_30-11:32:48 [W] [manage-listenClient] 发送心跳
2026_07_30-11:32:53 [W] [manage-listenClient] 发送心跳
2026_07_30-11:32:58 [W] [manage-listenClient] 发送心跳
2026_07_30-11:33:03 [W] [manage-listenClient] 发送心跳
2026_07_30-11:33:08 [W] [manage-listenClient] 发送心跳
2026_07_30-11:33:13 [W] [manage-listenClient] 发送心跳
2026_07_30-11:33:18 [W] [manage-listenClient] 发送心跳
2026_07_30-11:33:23 [W] [manage-listenClient] 发送心跳
2026_07_30-11:33:28 [W] [manage-listenClient] 发送心跳
2026_07_30-11:33:33 [W] [manage-listenClient] 发送心跳
2026_07_30-11:33:37 [D] [client] disconnect from 192.168.10.1:8090
2026_07_30-11:33:37 [I] [client] socket close = 3
2026_07_30-11:33:37 [W] [manage-listenClient] 断联：开始释放资源
2026_07_30-11:33:37 [W] [manage-listenClient] ClientQue.front()->getClientID() = 3,CurClientID.load() = 2
2026_07_30-11:33:37 [I] [client] socket connect = 1 kConnecting = 0 kConnected = 1 kDisconnecting = 2 kDisconnected = 3
2026_07_30-11:33:38 [W] [manage-CreateClient] 需要创建client Index = 5
2026_07_30-11:33:38 [D] [<UNNAME>] Connection::kConnected
2026_07_30-11:33:38 [W] [analysis] RxFlg.store(1)---serial_number = 364 check_sn = 364
2026_07_30-11:33:38 [W] [analysis] cv通知下发---serial_number = 364 check_sn = 364
2026_07_30-11:33:38 [D] [manage-listenClient] 已经授权成功，重复验证授权码
2026_07_30-11:33:38 [D] [manage-listenClient] Random: bxMjTE..., VIN: HTWW312510A000123
2026_07_30-11:33:38 [I] [manage-listenClient] License verified successfully for VIN: HTWW312510A000123
2026_07_30-11:33:38 [D] [manage-listenClient] License valid until: 2026-10-15 10:12:20
2026_07_30-11:33:38 [I] [manage-listenClient] License verified successfully for expiry: 1A0A0F0A0C14
2026_07_30-11:33:38 [W] [manage-listenClient] 发送心跳
2026_07_30-11:33:43 [W] [manage-listenClient] 发送心跳
2026_07_30-11:33:48 [W] [manage-listenClient] 发送心跳
2026_07_30-11:33:53 [W] [manage-listenClient] 发送心跳
2026_07_30-11:33:58 [W] [manage-listenClient] 发送心跳
2026_07_30-11:34:03 [W] [manage-listenClient] 发送心跳
2026_07_30-11:34:08 [W] [manage-listenClient] 发送心跳
2026_07_30-11:34:13 [W] [manage-listenClient] 发送心跳
2026_07_30-11:34:18 [W] [manage-listenClient] 发送心跳
2026_07_30-11:34:23 [W] [manage-listenClient] 发送心跳
2026_07_30-11:34:28 [W] [manage-listenClient] 发送心跳
2026_07_30-11:34:33 [W] [manage-listenClient] 发送心跳
2026_07_30-11:34:38 [W] [manage-listenClient] 发送心跳
2026_07_30-11:34:43 [W] [manage-listenClient] 发送心跳
2026_07_30-11:34:48 [W] [manage-listenClient] 发送心跳
2026_07_30-11:34:53 [W] [manage-listenClient] 发送心跳
2026_07_30-11:34:58 [W] [manage-listenClient] 发送心跳
2026_07_30-11:35:03 [W] [manage-listenClient] 发送心跳
2026_07_30-11:35:08 [W] [manage-listenClient] 发送心跳
2026_07_30-11:35:13 [W] [manage-listenClient] 发送心跳
2026_07_30-11:35:18 [W] [manage-listenClient] 发送心跳
2026_07_30-11:35:23 [W] [manage-listenClient] 发送心跳
2026_07_30-11:35:28 [W] [manage-listenClient] 发送心跳
2026_07_30-11:35:33 [W] [manage-listenClient] 发送心跳
2026_07_30-11:35:38 [W] [manage-listenClient] 发送心跳
2026_07_30-11:35:43 [W] [manage-listenClient] 发送心跳
2026_07_30-11:35:48 [W] [manage-listenClient] 发送心跳
2026_07_30-11:35:53 [W] [manage-listenClient] 发送心跳
2026_07_30-11:35:58 [W] [manage-listenClient] 发送心跳
2026_07_30-11:36:03 [W] [manage-listenClient] 发送心跳
2026_07_30-11:36:08 [W] [manage-listenClient] 发送心跳
2026_07_30-11:36:13 [W] [manage-listenClient] 发送心跳
2026_07_30-11:36:18 [W] [manage-listenClient] 发送心跳
2026_07_30-11:36:23 [W] [manage-listenClient] 发送心跳
2026_07_30-11:36:28 [W] [manage-listenClient] 发送心跳
2026_07_30-11:36:33 [W] [manage-listenClient] 发送心跳
2026_07_30-11:36:38 [W] [manage-listenClient] 发送心跳
2026_07_30-11:36:43 [W] [manage-listenClient] 发送心跳
2026_07_30-11:36:48 [W] [manage-listenClient] 发送心跳
2026_07_30-11:36:53 [W] [manage-listenClient] 发送心跳
2026_07_30-11:36:58 [W] [manage-listenClient] 发送心跳
2026_07_30-11:37:03 [W] [manage-listenClient] 发送心跳
2026_07_30-11:37:08 [W] [manage-listenClient] 发送心跳
2026_07_30-11:37:13 [W] [manage-listenClient] 发送心跳
2026_07_30-11:37:18 [W] [manage-listenClient] 发送心跳
2026_07_30-11:37:23 [W] [manage-listenClient] 发送心跳
2026_07_30-11:37:28 [W] [manage-listenClient] 发送心跳
2026_07_30-11:37:33 [W] [manage-listenClient] 发送心跳
2026_07_30-11:37:39 [W] [manage-listenClient] 发送心跳
2026_07_30-11:37:44 [W] [manage-listenClient] 发送心跳
2026_07_30-11:37:49 [W] [manage-listenClient] 发送心跳
2026_07_30-11:37:54 [W] [manage-listenClient] 发送心跳
2026_07_30-11:37:59 [W] [manage-listenClient] 发送心跳
2026_07_30-11:38:04 [W] [manage-listenClient] 发送心跳
2026_07_30-11:38:09 [W] [manage-listenClient] 发送心跳
2026_07_30-11:38:14 [W] [manage-listenClient] 发送心跳
2026_07_30-11:38:19 [W] [manage-listenClient] 发送心跳
2026_07_30-11:38:24 [W] [manage-listenClient] 发送心跳
2026_07_30-11:38:29 [W] [manage-listenClient] 发送心跳
2026_07_30-11:38:34 [W] [manage-listenClient] 发送心跳
2026_07_30-11:38:39 [W] [manage-listenClient] 发送心跳
2026_07_30-11:38:44 [W] [manage-listenClient] 发送心跳
2026_07_30-11:38:49 [W] [manage-listenClient] 发送心跳
2026_07_30-11:38:54 [W] [manage-listenClient] 发送心跳
2026_07_30-11:38:59 [W] [manage-listenClient] 发送心跳
2026_07_30-11:39:04 [W] [manage-listenClient] 发送心跳
2026_07_30-11:39:09 [W] [manage-listenClient] 发送心跳
2026_07_30-11:39:14 [W] [manage-listenClient] 发送心跳
2026_07_30-11:39:19 [W] [manage-listenClient] 发送心跳
2026_07_30-11:39:24 [W] [manage-listenClient] 发送心跳
2026_07_30-11:39:29 [W] [manage-listenClient] 发送心跳
2026_07_30-11:39:34 [W] [manage-listenClient] 发送心跳
2026_07_30-11:39:39 [W] [manage-listenClient] 发送心跳
2026_07_30-11:39:44 [W] [manage-listenClient] 发送心跳
2026_07_30-11:39:49 [W] [manage-listenClient] 发送心跳
2026_07_30-11:39:54 [W] [manage-listenClient] 发送心跳
2026_07_30-11:39:59 [W] [manage-listenClient] 发送心跳
2026_07_30-11:40:04 [W] [manage-listenClient] 发送心跳
2026_07_30-11:40:09 [W] [manage-listenClient] 发送心跳
2026_07_30-11:40:14 [W] [manage-listenClient] 发送心跳
2026_07_30-11:40:19 [W] [manage-listenClient] 发送心跳
2026_07_30-11:40:24 [W] [manage-listenClient] 发送心跳
2026_07_30-11:40:29 [W] [manage-listenClient] 发送心跳
2026_07_30-11:40:34 [W] [manage-listenClient] 发送心跳
2026_07_30-11:40:39 [W] [manage-listenClient] 发送心跳
2026_07_30-11:40:44 [W] [manage-listenClient] 发送心跳
2026_07_30-11:40:49 [W] [manage-listenClient] 发送心跳
2026_07_30-11:40:54 [W] [manage-listenClient] 发送心跳
2026_07_30-11:40:59 [W] [manage-listenClient] 发送心跳
2026_07_30-11:41:04 [W] [manage-listenClient] 发送心跳
2026_07_30-11:41:09 [W] [manage-listenClient] 发送心跳
2026_07_30-11:41:14 [W] [manage-listenClient] 发送心跳
2026_07_30-11:41:19 [W] [manage-listenClient] 发送心跳
2026_07_30-11:41:24 [W] [manage-listenClient] 发送心跳
2026_07_30-11:41:29 [W] [manage-listenClient] 发送心跳
2026_07_30-11:41:34 [W] [manage-listenClient] 发送心跳
2026_07_30-11:41:39 [W] [manage-listenClient] 发送心跳
2026_07_30-11:41:44 [W] [manage-listenClient] 发送心跳
2026_07_30-11:41:49 [W] [manage-listenClient] 发送心跳
2026_07_30-11:41:54 [W] [manage-listenClient] 发送心跳
2026_07_30-11:41:59 [W] [manage-listenClient] 发送心跳
2026_07_30-11:42:04 [W] [manage-listenClient] 发送心跳
2026_07_30-11:42:09 [W] [manage-listenClient] 发送心跳
2026_07_30-11:42:14 [W] [manage-listenClient] 发送心跳
2026_07_30-11:42:19 [W] [manage-listenClient] 发送心跳
2026_07_30-11:42:24 [W] [manage-listenClient] 发送心跳
2026_07_30-11:42:29 [W] [manage-listenClient] 发送心跳
2026_07_30-11:42:34 [W] [manage-listenClient] 发送心跳
2026_07_30-11:42:39 [W] [manage-listenClient] 发送心跳
2026_07_30-11:42:44 [W] [manage-listenClient] 发送心跳
2026_07_30-11:42:49 [W] [manage-listenClient] 发送心跳
2026_07_30-11:42:54 [W] [manage-listenClient] 发送心跳
2026_07_30-11:42:59 [W] [manage-listenClient] 发送心跳
2026_07_30-11:43:04 [W] [manage-listenClient] 发送心跳
2026_07_30-11:43:09 [W] [manage-listenClient] 发送心跳
2026_07_30-11:43:14 [W] [manage-listenClient] 发送心跳
2026_07_30-11:43:19 [W] [manage-listenClient] 发送心跳
2026_07_30-11:43:24 [W] [manage-listenClient] 发送心跳
2026_07_30-11:43:29 [W] [manage-listenClient] 发送心跳
2026_07_30-11:43:34 [W] [manage-listenClient] 发送心跳
2026_07_30-11:43:38 [D] [client] disconnect from 192.168.10.1:8090
2026_07_30-11:43:38 [I] [client] socket close = 3
2026_07_30-11:43:38 [W] [manage-listenClient] 断联：开始释放资源
2026_07_30-11:43:38 [W] [manage-listenClient] ClientQue.front()->getClientID() = 4,CurClientID.load() = 3
2026_07_30-11:43:38 [I] [client] socket connect = 1 kConnecting = 0 kConnected = 1 kDisconnecting = 2 kDisconnected = 3
2026_07_30-11:43:38 [W] [manage-CreateClient] 需要创建client Index = 6
2026_07_30-11:43:38 [D] [<UNNAME>] Connection::kConnected
2026_07_30-11:43:38 [W] [analysis] RxFlg.store(1)---serial_number = 485 check_sn = 485
2026_07_30-11:43:38 [W] [analysis] cv通知下发---serial_number = 485 check_sn = 485
2026_07_30-11:43:38 [D] [manage-listenClient] 已经授权成功，重复验证授权码
2026_07_30-11:43:38 [D] [manage-listenClient] Random: bxMjTE..., VIN: HTWW312510A000123
2026_07_30-11:43:38 [I] [manage-listenClient] License verified successfully for VIN: HTWW312510A000123
2026_07_30-11:43:38 [D] [manage-listenClient] License valid until: 2026-10-15 10:12:20
2026_07_30-11:43:38 [I] [manage-listenClient] License verified successfully for expiry: 1A0A0F0A0C14
2026_07_30-11:43:39 [W] [manage-listenClient] 发送心跳
2026_07_30-11:43:44 [W] [manage-listenClient] 发送心跳
2026_07_30-11:43:49 [W] [manage-listenClient] 发送心跳
2026_07_30-11:43:54 [W] [manage-listenClient] 发送心跳
2026_07_30-11:43:59 [W] [manage-listenClient] 发送心跳
2026_07_30-11:44:04 [W] [manage-listenClient] 发送心跳
2026_07_30-11:44:09 [W] [manage-listenClient] 发送心跳
2026_07_30-11:44:14 [W] [manage-listenClient] 发送心跳
2026_07_30-11:44:19 [W] [manage-listenClient] 发送心跳
2026_07_30-11:44:24 [W] [manage-listenClient] 发送心跳
2026_07_30-11:44:29 [W] [manage-listenClient] 发送心跳
2026_07_30-11:44:34 [W] [manage-listenClient] 发送心跳
2026_07_30-11:44:39 [W] [manage-listenClient] 发送心跳
2026_07_30-11:44:44 [W] [manage-listenClient] 发送心跳
2026_07_30-11:44:49 [W] [manage-listenClient] 发送心跳
2026_07_30-11:44:54 [W] [manage-listenClient] 发送心跳
2026_07_30-11:44:59 [W] [manage-listenClient] 发送心跳
2026_07_30-11:45:04 [W] [manage-listenClient] 发送心跳
2026_07_30-11:45:09 [W] [manage-listenClient] 发送心跳
2026_07_30-11:45:14 [W] [manage-listenClient] 发送心跳
2026_07_30-11:45:19 [W] [manage-listenClient] 发送心跳
2026_07_30-11:45:24 [W] [manage-listenClient] 发送心跳
2026_07_30-11:45:29 [W] [manage-listenClient] 发送心跳
2026_07_30-11:45:34 [W] [manage-listenClient] 发送心跳
2026_07_30-11:45:39 [W] [manage-listenClient] 发送心跳
2026_07_30-11:45:44 [W] [manage-listenClient] 发送心跳
2026_07_30-11:45:49 [W] [manage-listenClient] 发送心跳
2026_07_30-11:45:54 [W] [manage-listenClient] 发送心跳
2026_07_30-11:45:59 [W] [manage-listenClient] 发送心跳
2026_07_30-11:46:04 [W] [manage-listenClient] 发送心跳
2026_07_30-11:46:09 [W] [manage-listenClient] 发送心跳
2026_07_30-11:46:14 [W] [manage-listenClient] 发送心跳
2026_07_30-11:46:19 [W] [manage-listenClient] 发送心跳
2026_07_30-11:46:24 [W] [manage-listenClient] 发送心跳
2026_07_30-11:46:29 [W] [manage-listenClient] 发送心跳
2026_07_30-11:46:34 [W] [manage-listenClient] 发送心跳
2026_07_30-11:46:39 [W] [manage-listenClient] 发送心跳
2026_07_30-11:46:44 [W] [manage-listenClient] 发送心跳
2026_07_30-11:46:49 [W] [manage-listenClient] 发送心跳
2026_07_30-11:46:54 [W] [manage-listenClient] 发送心跳
2026_07_30-11:46:59 [W] [manage-listenClient] 发送心跳
2026_07_30-11:47:04 [W] [manage-listenClient] 发送心跳
2026_07_30-11:47:09 [W] [manage-listenClient] 发送心跳
2026_07_30-11:47:14 [W] [manage-listenClient] 发送心跳
2026_07_30-11:47:19 [W] [manage-listenClient] 发送心跳
2026_07_30-11:47:24 [W] [manage-listenClient] 发送心跳
2026_07_30-11:47:29 [W] [manage-listenClient] 发送心跳
2026_07_30-11:47:34 [W] [manage-listenClient] 发送心跳
2026_07_30-11:47:39 [W] [manage-listenClient] 发送心跳
2026_07_30-11:47:44 [W] [manage-listenClient] 发送心跳
2026_07_30-11:47:49 [W] [manage-listenClient] 发送心跳
2026_07_30-11:47:54 [W] [manage-listenClient] 发送心跳
2026_07_30-11:47:59 [W] [manage-listenClient] 发送心跳
2026_07_30-11:48:04 [W] [manage-listenClient] 发送心跳
2026_07_30-11:48:09 [W] [manage-listenClient] 发送心跳
2026_07_30-11:48:14 [W] [manage-listenClient] 发送心跳
2026_07_30-11:48:19 [W] [manage-listenClient] 发送心跳
2026_07_30-11:48:24 [W] [manage-listenClient] 发送心跳
2026_07_30-11:48:29 [W] [manage-listenClient] 发送心跳
2026_07_30-11:48:34 [W] [manage-listenClient] 发送心跳
2026_07_30-11:48:39 [W] [manage-listenClient] 发送心跳
2026_07_30-11:48:44 [W] [manage-listenClient] 发送心跳
2026_07_30-11:48:49 [W] [manage-listenClient] 发送心跳
2026_07_30-11:48:54 [W] [manage-listenClient] 发送心跳
2026_07_30-11:48:59 [W] [manage-listenClient] 发送心跳
2026_07_30-11:49:04 [W] [manage-listenClient] 发送心跳
2026_07_30-11:49:09 [W] [manage-listenClient] 发送心跳
2026_07_30-11:49:14 [W] [manage-listenClient] 发送心跳
2026_07_30-11:49:19 [W] [manage-listenClient] 发送心跳
2026_07_30-11:49:24 [W] [manage-listenClient] 发送心跳
2026_07_30-11:49:29 [W] [manage-listenClient] 发送心跳
2026_07_30-11:49:34 [W] [manage-listenClient] 发送心跳
2026_07_30-11:49:39 [W] [manage-listenClient] 发送心跳
2026_07_30-11:49:44 [W] [manage-listenClient] 发送心跳
2026_07_30-11:49:49 [W] [manage-listenClient] 发送心跳
2026_07_30-11:49:54 [W] [manage-listenClient] 发送心跳
2026_07_30-11:49:59 [W] [manage-listenClient] 发送心跳
2026_07_30-11:50:04 [W] [manage-listenClient] 发送心跳
2026_07_30-11:50:09 [W] [manage-listenClient] 发送心跳
2026_07_30-11:50:14 [W] [manage-listenClient] 发送心跳
2026_07_30-11:50:19 [W] [manage-listenClient] 发送心跳
2026_07_30-11:50:24 [W] [manage-listenClient] 发送心跳
2026_07_30-11:50:29 [W] [manage-listenClient] 发送心跳
2026_07_30-11:50:34 [W] [manage-listenClient] 发送心跳
2026_07_30-11:50:39 [W] [manage-listenClient] 发送心跳
2026_07_30-11:50:44 [W] [manage-listenClient] 发送心跳
2026_07_30-11:50:49 [W] [manage-listenClient] 发送心跳
2026_07_30-11:50:54 [W] [manage-listenClient] 发送心跳
2026_07_30-11:50:59 [W] [manage-listenClient] 发送心跳
2026_07_30-11:51:04 [W] [manage-listenClient] 发送心跳
2026_07_30-11:51:09 [W] [manage-listenClient] 发送心跳
2026_07_30-11:51:14 [W] [manage-listenClient] 发送心跳
2026_07_30-11:51:19 [W] [manage-listenClient] 发送心跳
2026_07_30-11:51:24 [W] [manage-listenClient] 发送心跳
2026_07_30-11:51:29 [W] [manage-listenClient] 发送心跳
2026_07_30-11:51:34 [W] [manage-listenClient] 发送心跳
2026_07_30-11:51:39 [W] [manage-listenClient] 发送心跳
2026_07_30-11:51:44 [W] [manage-listenClient] 发送心跳
2026_07_30-11:51:49 [W] [manage-listenClient] 发送心跳
2026_07_30-11:51:54 [W] [manage-listenClient] 发送心跳
2026_07_30-11:51:59 [W] [manage-listenClient] 发送心跳
2026_07_30-11:52:04 [W] [manage-listenClient] 发送心跳
2026_07_30-11:52:09 [W] [manage-listenClient] 发送心跳
2026_07_30-11:52:14 [W] [manage-listenClient] 发送心跳
2026_07_30-11:52:19 [W] [manage-listenClient] 发送心跳
2026_07_30-11:52:24 [W] [manage-listenClient] 发送心跳
2026_07_30-11:52:29 [W] [manage-listenClient] 发送心跳
2026_07_30-11:52:34 [W] [manage-listenClient] 发送心跳
2026_07_30-11:52:39 [W] [manage-listenClient] 发送心跳
2026_07_30-11:52:44 [W] [manage-listenClient] 发送心跳
2026_07_30-11:52:49 [W] [manage-listenClient] 发送心跳
2026_07_30-11:52:54 [W] [manage-listenClient] 发送心跳
2026_07_30-11:52:59 [W] [manage-listenClient] 发送心跳
2026_07_30-11:53:04 [W] [manage-listenClient] 发送心跳
2026_07_30-11:53:09 [W] [manage-listenClient] 发送心跳
2026_07_30-11:53:14 [W] [manage-listenClient] 发送心跳
2026_07_30-11:53:19 [W] [manage-listenClient] 发送心跳
2026_07_30-11:53:24 [W] [manage-listenClient] 发送心跳
2026_07_30-11:53:29 [W] [manage-listenClient] 发送心跳
2026_07_30-11:53:34 [W] [manage-listenClient] 发送心跳
2026_07_30-11:53:38 [D] [client] disconnect from 192.168.10.1:8090
2026_07_30-11:53:38 [I] [client] socket close = 3
2026_07_30-11:53:38 [W] [manage-listenClient] 断联：开始释放资源
2026_07_30-11:53:38 [W] [manage-listenClient] ClientQue.front()->getClientID() = 5,CurClientID.load() = 4
2026_07_30-11:53:38 [I] [client] socket connect = 1 kConnecting = 0 kConnected = 1 kDisconnecting = 2 kDisconnected = 3
2026_07_30-11:53:38 [W] [manage-CreateClient] 需要创建client Index = 7
2026_07_30-11:53:38 [D] [<UNNAME>] Connection::kConnected
2026_07_30-11:53:38 [W] [analysis] RxFlg.store(1)---serial_number = 606 check_sn = 606
2026_07_30-11:53:38 [W] [analysis] cv通知下发---serial_number = 606 check_sn = 606
2026_07_30-11:53:38 [D] [manage-listenClient] 已经授权成功，重复验证授权码
2026_07_30-11:53:38 [D] [manage-listenClient] Random: bxMjTE..., VIN: HTWW312510A000123
2026_07_30-11:53:38 [I] [manage-listenClient] License verified successfully for VIN: HTWW312510A000123
2026_07_30-11:53:38 [D] [manage-listenClient] License valid until: 2026-10-15 10:12:20
2026_07_30-11:53:38 [I] [manage-listenClient] License verified successfully for expiry: 1A0A0F0A0C14
2026_07_30-11:53:39 [W] [manage-listenClient] 发送心跳
2026_07_30-11:53:44 [W] [manage-listenClient] 发送心跳
2026_07_30-11:53:50 [W] [manage-listenClient] 发送心跳
2026_07_30-11:53:55 [W] [manage-listenClient] 发送心跳
2026_07_30-11:54:00 [W] [manage-listenClient] 发送心跳
2026_07_30-11:54:05 [W] [manage-listenClient] 发送心跳
2026_07_30-11:54:10 [W] [manage-listenClient] 发送心跳
2026_07_30-11:54:15 [W] [manage-listenClient] 发送心跳
2026_07_30-11:54:20 [W] [manage-listenClient] 发送心跳
2026_07_30-11:54:25 [W] [manage-listenClient] 发送心跳
2026_07_30-11:54:30 [W] [manage-listenClient] 发送心跳
2026_07_30-11:54:35 [W] [manage-listenClient] 发送心跳
2026_07_30-11:54:40 [W] [manage-listenClient] 发送心跳
2026_07_30-11:54:45 [W] [manage-listenClient] 发送心跳
2026_07_30-11:54:50 [W] [manage-listenClient] 发送心跳
2026_07_30-11:54:55 [W] [manage-listenClient] 发送心跳
2026_07_30-11:55:00 [W] [manage-listenClient] 发送心跳
2026_07_30-11:55:05 [W] [manage-listenClient] 发送心跳
2026_07_30-11:55:10 [W] [manage-listenClient] 发送心跳
2026_07_30-11:55:15 [W] [manage-listenClient] 发送心跳
2026_07_30-11:55:20 [W] [manage-listenClient] 发送心跳
2026_07_30-11:55:25 [W] [manage-listenClient] 发送心跳
2026_07_30-11:55:30 [W] [manage-listenClient] 发送心跳
2026_07_30-11:55:35 [W] [manage-listenClient] 发送心跳
2026_07_30-11:55:40 [W] [manage-listenClient] 发送心跳
2026_07_30-11:55:45 [W] [manage-listenClient] 发送心跳
2026_07_30-11:55:50 [W] [manage-listenClient] 发送心跳
2026_07_30-11:55:55 [W] [manage-listenClient] 发送心跳
2026_07_30-11:56:00 [W] [manage-listenClient] 发送心跳
2026_07_30-11:56:05 [W] [manage-listenClient] 发送心跳
2026_07_30-11:56:10 [W] [manage-listenClient] 发送心跳
2026_07_30-11:56:15 [W] [manage-listenClient] 发送心跳
2026_07_30-11:56:20 [W] [manage-listenClient] 发送心跳
2026_07_30-11:56:25 [W] [manage-listenClient] 发送心跳
2026_07_30-11:56:30 [W] [manage-listenClient] 发送心跳
2026_07_30-11:56:35 [W] [manage-listenClient] 发送心跳
2026_07_30-11:56:40 [W] [manage-listenClient] 发送心跳
2026_07_30-11:56:45 [W] [manage-listenClient] 发送心跳
2026_07_30-11:56:50 [W] [manage-listenClient] 发送心跳
2026_07_30-11:56:55 [W] [manage-listenClient] 发送心跳
2026_07_30-11:57:00 [W] [manage-listenClient] 发送心跳
2026_07_30-11:57:05 [W] [manage-listenClient] 发送心跳
2026_07_30-11:57:10 [W] [manage-listenClient] 发送心跳
2026_07_30-11:57:15 [W] [manage-listenClient] 发送心跳
2026_07_30-11:57:20 [W] [manage-listenClient] 发送心跳
2026_07_30-11:57:25 [W] [manage-listenClient] 发送心跳
2026_07_30-11:57:30 [W] [manage-listenClient] 发送心跳
2026_07_30-11:57:35 [W] [manage-listenClient] 发送心跳
2026_07_30-11:57:40 [W] [manage-listenClient] 发送心跳
2026_07_30-11:57:45 [W] [manage-listenClient] 发送心跳
2026_07_30-11:57:50 [W] [manage-listenClient] 发送心跳
2026_07_30-11:57:55 [W] [manage-listenClient] 发送心跳
2026_07_30-11:58:00 [W] [manage-listenClient] 发送心跳
2026_07_30-11:58:05 [W] [manage-listenClient] 发送心跳
2026_07_30-11:58:10 [W] [manage-listenClient] 发送心跳
2026_07_30-11:58:15 [W] [manage-listenClient] 发送心跳
2026_07_30-11:58:20 [W] [manage-listenClient] 发送心跳
2026_07_30-11:58:25 [W] [manage-listenClient] 发送心跳
2026_07_30-11:58:30 [W] [manage-listenClient] 发送心跳
2026_07_30-11:58:35 [W] [manage-listenClient] 发送心跳
2026_07_30-11:58:40 [W] [manage-listenClient] 发送心跳
2026_07_30-11:58:45 [W] [manage-listenClient] 发送心跳
2026_07_30-11:58:50 [W] [manage-listenClient] 发送心跳
2026_07_30-11:58:55 [W] [manage-listenClient] 发送心跳
2026_07_30-11:59:00 [W] [manage-listenClient] 发送心跳
2026_07_30-11:59:05 [W] [manage-listenClient] 发送心跳
2026_07_30-11:59:10 [W] [manage-listenClient] 发送心跳
2026_07_30-11:59:15 [W] [manage-listenClient] 发送心跳
2026_07_30-11:59:20 [W] [manage-listenClient] 发送心跳
2026_07_30-11:59:25 [W] [manage-listenClient] 发送心跳
2026_07_30-11:59:30 [W] [manage-listenClient] 发送心跳
2026_07_30-11:59:35 [W] [manage-listenClient] 发送心跳
2026_07_30-11:59:40 [W] [manage-listenClient] 发送心跳
2026_07_30-11:59:45 [W] [manage-listenClient] 发送心跳
2026_07_30-11:59:50 [W] [manage-listenClient] 发送心跳
2026_07_30-11:59:55 [W] [manage-listenClient] 发送心跳
2026_07_30-12:00:00 [W] [manage-listenClient] 发送心跳
2026_07_30-12:00:05 [W] [manage-listenClient] 发送心跳
2026_07_30-12:00:10 [W] [manage-listenClient] 发送心跳
2026_07_30-12:00:15 [W] [manage-listenClient] 发送心跳
2026_07_30-12:00:20 [W] [manage-listenClient] 发送心跳
2026_07_30-12:00:25 [W] [manage-listenClient] 发送心跳
2026_07_30-12:00:30 [W] [manage-listenClient] 发送心跳
2026_07_30-12:00:35 [W] [manage-listenClient] 发送心跳
2026_07_30-12:00:40 [W] [manage-listenClient] 发送心跳
2026_07_30-12:00:45 [W] [manage-listenClient] 发送心跳
2026_07_30-12:00:50 [W] [manage-listenClient] 发送心跳
2026_07_30-12:00:55 [W] [manage-listenClient] 发送心跳
2026_07_30-12:01:00 [W] [manage-listenClient] 发送心跳
2026_07_30-12:01:05 [W] [manage-listenClient] 发送心跳
2026_07_30-12:01:10 [W] [manage-listenClient] 发送心跳
2026_07_30-12:01:15 [W] [manage-listenClient] 发送心跳
2026_07_30-12:01:20 [W] [manage-listenClient] 发送心跳
2026_07_30-12:01:25 [W] [manage-listenClient] 发送心跳
2026_07_30-12:01:30 [W] [manage-listenClient] 发送心跳
2026_07_30-12:01:35 [W] [manage-listenClient] 发送心跳
2026_07_30-12:01:40 [W] [manage-listenClient] 发送心跳
2026_07_30-12:01:45 [W] [manage-listenClient] 发送心跳
2026_07_30-12:01:50 [W] [manage-listenClient] 发送心跳
2026_07_30-12:01:55 [W] [manage-listenClient] 发送心跳
2026_07_30-12:02:00 [W] [manage-listenClient] 发送心跳
2026_07_30-12:02:05 [W] [manage-listenClient] 发送心跳
2026_07_30-12:02:10 [W] [manage-listenClient] 发送心跳
2026_07_30-12:02:15 [W] [manage-listenClient] 发送心跳
2026_07_30-12:02:20 [W] [manage-listenClient] 发送心跳
2026_07_30-12:02:25 [W] [manage-listenClient] 发送心跳
2026_07_30-12:02:30 [W] [manage-listenClient] 发送心跳
2026_07_30-12:02:35 [W] [manage-listenClient] 发送心跳
2026_07_30-12:02:40 [W] [manage-listenClient] 发送心跳
2026_07_30-12:02:45 [W] [manage-listenClient] 发送心跳
2026_07_30-12:02:50 [W] [manage-listenClient] 发送心跳
2026_07_30-12:02:55 [W] [manage-listenClient] 发送心跳
2026_07_30-12:03:00 [W] [manage-listenClient] 发送心跳
2026_07_30-12:03:05 [W] [manage-listenClient] 发送心跳
2026_07_30-12:03:10 [W] [manage-listenClient] 发送心跳
2026_07_30-12:03:15 [W] [manage-listenClient] 发送心跳
2026_07_30-12:03:20 [W] [manage-listenClient] 发送心跳
2026_07_30-12:03:25 [W] [manage-listenClient] 发送心跳
2026_07_30-12:03:30 [W] [manage-listenClient] 发送心跳
2026_07_30-12:03:35 [W] [manage-listenClient] 发送心跳
2026_07_30-12:03:38 [D] [client] disconnect from 192.168.10.1:8090
2026_07_30-12:03:38 [I] [client] socket close = 3
2026_07_30-12:03:38 [W] [manage-listenClient] 断联：开始释放资源
2026_07_30-12:03:38 [W] [manage-listenClient] ClientQue.front()->getClientID() = 6,CurClientID.load() = 5
2026_07_30-12:03:38 [I] [client] socket connect = 1 kConnecting = 0 kConnected = 1 kDisconnecting = 2 kDisconnected = 3
2026_07_30-12:03:39 [W] [manage-CreateClient] 需要创建client Index = 8
2026_07_30-12:03:39 [D] [<UNNAME>] Connection::kConnected
2026_07_30-12:03:39 [W] [analysis] RxFlg.store(1)---serial_number = 727 check_sn = 727
2026_07_30-12:03:39 [W] [analysis] cv通知下发---serial_number = 727 check_sn = 727
2026_07_30-12:03:39 [D] [manage-listenClient] 已经授权成功，重复验证授权码
2026_07_30-12:03:39 [D] [manage-listenClient] Random: bxMjTE..., VIN: HTWW312510A000123
2026_07_30-12:03:39 [I] [manage-listenClient] License verified successfully for VIN: HTWW312510A000123
2026_07_30-12:03:39 [D] [manage-listenClient] License valid until: 2026-10-15 10:12:20
2026_07_30-12:03:39 [I] [manage-listenClient] License verified successfully for expiry: 1A0A0F0A0C14
2026_07_30-12:03:40 [W] [manage-listenClient] 发送心跳
2026_07_30-12:03:45 [W] [manage-listenClient] 发送心跳
2026_07_30-12:03:50 [W] [manage-listenClient] 发送心跳
2026_07_30-12:03:55 [W] [manage-listenClient] 发送心跳
2026_07_30-12:04:00 [W] [manage-listenClient] 发送心跳
2026_07_30-12:04:05 [W] [manage-listenClient] 发送心跳
2026_07_30-12:04:10 [W] [manage-listenClient] 发送心跳
2026_07_30-12:04:15 [W] [manage-listenClient] 发送心跳
2026_07_30-12:04:20 [W] [manage-listenClient] 发送心跳
2026_07_30-12:04:25 [W] [manage-listenClient] 发送心跳
2026_07_30-12:04:30 [W] [manage-listenClient] 发送心跳
2026_07_30-12:04:35 [W] [manage-listenClient] 发送心跳
2026_07_30-12:04:40 [W] [manage-listenClient] 发送心跳
2026_07_30-12:04:45 [W] [manage-listenClient] 发送心跳
2026_07_30-12:04:50 [W] [manage-listenClient] 发送心跳
2026_07_30-12:04:55 [W] [manage-listenClient] 发送心跳
2026_07_30-12:05:00 [W] [manage-listenClient] 发送心跳
2026_07_30-12:05:05 [W] [manage-listenClient] 发送心跳
2026_07_30-12:05:10 [W] [manage-listenClient] 发送心跳
2026_07_30-12:05:15 [W] [manage-listenClient] 发送心跳
2026_07_30-12:05:20 [W] [manage-listenClient] 发送心跳
2026_07_30-12:05:25 [W] [manage-listenClient] 发送心跳
2026_07_30-12:05:30 [W] [manage-listenClient] 发送心跳
2026_07_30-12:05:35 [W] [manage-listenClient] 发送心跳
2026_07_30-12:05:40 [W] [manage-listenClient] 发送心跳
2026_07_30-12:05:45 [W] [manage-listenClient] 发送心跳
2026_07_30-12:05:50 [W] [manage-listenClient] 发送心跳
2026_07_30-12:05:55 [W] [manage-listenClient] 发送心跳
2026_07_30-12:06:00 [W] [manage-listenClient] 发送心跳
2026_07_30-12:06:05 [W] [manage-listenClient] 发送心跳
2026_07_30-12:06:10 [W] [manage-listenClient] 发送心跳
2026_07_30-12:06:15 [W] [manage-listenClient] 发送心跳
2026_07_30-12:06:20 [W] [manage-listenClient] 发送心跳
2026_07_30-12:06:25 [W] [manage-listenClient] 发送心跳
2026_07_30-12:06:30 [W] [manage-listenClient] 发送心跳
2026_07_30-12:06:35 [W] [manage-listenClient] 发送心跳
2026_07_30-12:06:40 [W] [manage-listenClient] 发送心跳
2026_07_30-12:06:45 [W] [manage-listenClient] 发送心跳
2026_07_30-12:06:50 [W] [manage-listenClient] 发送心跳
2026_07_30-12:06:55 [W] [manage-listenClient] 发送心跳
2026_07_30-12:07:00 [W] [manage-listenClient] 发送心跳
2026_07_30-12:07:05 [W] [manage-listenClient] 发送心跳
2026_07_30-12:07:10 [W] [manage-listenClient] 发送心跳
2026_07_30-12:07:15 [W] [manage-listenClient] 发送心跳
2026_07_30-12:07:20 [W] [manage-listenClient] 发送心跳
2026_07_30-12:07:25 [W] [manage-listenClient] 发送心跳
2026_07_30-12:07:30 [W] [manage-listenClient] 发送心跳
2026_07_30-12:07:35 [W] [manage-listenClient] 发送心跳
2026_07_30-12:07:40 [W] [manage-listenClient] 发送心跳
2026_07_30-12:07:45 [W] [manage-listenClient] 发送心跳
2026_07_30-12:07:50 [W] [manage-listenClient] 发送心跳
2026_07_30-12:07:55 [W] [manage-listenClient] 发送心跳
2026_07_30-12:08:00 [W] [manage-listenClient] 发送心跳
2026_07_30-12:08:05 [W] [manage-listenClient] 发送心跳
2026_07_30-12:08:10 [W] [manage-listenClient] 发送心跳
2026_07_30-12:08:16 [W] [manage-listenClient] 发送心跳
2026_07_30-12:08:21 [W] [manage-listenClient] 发送心跳
2026_07_30-12:08:26 [W] [manage-listenClient] 发送心跳
2026_07_30-12:08:31 [W] [manage-listenClient] 发送心跳
2026_07_30-12:08:36 [W] [manage-listenClient] 发送心跳
2026_07_30-12:08:41 [W] [manage-listenClient] 发送心跳
2026_07_30-12:08:45 [W] [manage-listenClient] 发送心跳
2026_07_30-12:08:50 [W] [manage-listenClient] 发送心跳
2026_07_30-12:08:55 [W] [manage-listenClient] 发送心跳
2026_07_30-12:09:00 [W] [manage-listenClient] 发送心跳
2026_07_30-12:09:05 [W] [manage-listenClient] 发送心跳
2026_07_30-12:09:10 [W] [manage-listenClient] 发送心跳
2026_07_30-12:09:15 [W] [manage-listenClient] 发送心跳
2026_07_30-12:09:20 [W] [manage-listenClient] 发送心跳
2026_07_30-12:09:25 [W] [manage-listenClient] 发送心跳
2026_07_30-12:09:30 [W] [manage-listenClient] 发送心跳
2026_07_30-12:09:35 [W] [manage-listenClient] 发送心跳
2026_07_30-12:09:40 [W] [manage-listenClient] 发送心跳
2026_07_30-12:09:46 [W] [manage-listenClient] 发送心跳
2026_07_30-12:09:51 [W] [manage-listenClient] 发送心跳
2026_07_30-12:09:56 [W] [manage-listenClient] 发送心跳
2026_07_30-12:10:01 [W] [manage-listenClient] 发送心跳
2026_07_30-12:10:06 [W] [manage-listenClient] 发送心跳
2026_07_30-12:10:11 [W] [manage-listenClient] 发送心跳
2026_07_30-12:10:16 [W] [manage-listenClient] 发送心跳
2026_07_30-12:10:21 [W] [manage-listenClient] 发送心跳
2026_07_30-12:10:26 [W] [manage-listenClient] 发送心跳
2026_07_30-12:10:31 [W] [manage-listenClient] 发送心跳
2026_07_30-12:10:36 [W] [manage-listenClient] 发送心跳
2026_07_30-12:10:41 [W] [manage-listenClient] 发送心跳
2026_07_30-12:10:46 [W] [manage-listenClient] 发送心跳
2026_07_30-12:10:51 [W] [manage-listenClient] 发送心跳
2026_07_30-12:10:56 [W] [manage-listenClient] 发送心跳
2026_07_30-12:11:01 [W] [manage-listenClient] 发送心跳
2026_07_30-12:11:06 [W] [manage-listenClient] 发送心跳
2026_07_30-12:11:11 [W] [manage-listenClient] 发送心跳
2026_07_30-12:11:16 [W] [manage-listenClient] 发送心跳
2026_07_30-12:11:21 [W] [manage-listenClient] 发送心跳
2026_07_30-12:11:26 [W] [manage-listenClient] 发送心跳
2026_07_30-12:11:31 [W] [manage-listenClient] 发送心跳
2026_07_30-12:11:36 [W] [manage-listenClient] 发送心跳
2026_07_30-12:11:41 [W] [manage-listenClient] 发送心跳
2026_07_30-12:11:46 [W] [manage-listenClient] 发送心跳
2026_07_30-12:11:51 [W] [manage-listenClient] 发送心跳
2026_07_30-12:11:56 [W] [manage-listenClient] 发送心跳
2026_07_30-12:12:01 [W] [manage-listenClient] 发送心跳
2026_07_30-12:12:06 [W] [manage-listenClient] 发送心跳
2026_07_30-12:12:11 [W] [manage-listenClient] 发送心跳
2026_07_30-12:12:16 [W] [manage-listenClient] 发送心跳
2026_07_30-12:12:21 [W] [manage-listenClient] 发送心跳
2026_07_30-12:12:26 [W] [manage-listenClient] 发送心跳
2026_07_30-12:12:31 [W] [manage-listenClient] 发送心跳
2026_07_30-12:12:36 [W] [manage-listenClient] 发送心跳
2026_07_30-12:12:41 [W] [manage-listenClient] 发送心跳
2026_07_30-12:12:46 [W] [manage-listenClient] 发送心跳
2026_07_30-12:12:51 [W] [manage-listenClient] 发送心跳
2026_07_30-12:12:56 [W] [manage-listenClient] 发送心跳
2026_07_30-12:13:01 [W] [manage-listenClient] 发送心跳
2026_07_30-12:13:06 [W] [manage-listenClient] 发送心跳
2026_07_30-12:13:11 [W] [manage-listenClient] 发送心跳
2026_07_30-12:13:16 [W] [manage-listenClient] 发送心跳
2026_07_30-12:13:21 [W] [manage-listenClient] 发送心跳
2026_07_30-12:13:26 [W] [manage-listenClient] 发送心跳
2026_07_30-12:13:31 [W] [manage-listenClient] 发送心跳
2026_07_30-12:13:36 [W] [manage-listenClient] 发送心跳
2026_07_30-12:13:39 [D] [client] disconnect from 192.168.10.1:8090
2026_07_30-12:13:39 [I] [client] socket close = 3
2026_07_30-12:13:39 [W] [manage-listenClient] 断联：开始释放资源
2026_07_30-12:13:39 [W] [manage-listenClient] ClientQue.front()->getClientID() = 7,CurClientID.load() = 6
2026_07_30-12:13:39 [I] [client] socket connect = 1 kConnecting = 0 kConnected = 1 kDisconnecting = 2 kDisconnected = 3
2026_07_30-12:13:39 [W] [manage-CreateClient] 需要创建client Index = 9
2026_07_30-12:13:39 [D] [<UNNAME>] Connection::kConnected
2026_07_30-12:13:39 [W] [analysis] RxFlg.store(1)---serial_number = 848 check_sn = 848
2026_07_30-12:13:39 [W] [analysis] cv通知下发---serial_number = 848 check_sn = 848
2026_07_30-12:13:39 [D] [manage-listenClient] 已经授权成功，重复验证授权码
2026_07_30-12:13:39 [D] [manage-listenClient] Random: bxMjTE..., VIN: HTWW312510A000123
2026_07_30-12:13:39 [I] [manage-listenClient] License verified successfully for VIN: HTWW312510A000123
2026_07_30-12:13:39 [D] [manage-listenClient] License valid until: 2026-10-15 10:12:20
2026_07_30-12:13:39 [I] [manage-listenClient] License verified successfully for expiry: 1A0A0F0A0C14
2026_07_30-12:13:41 [W] [manage-listenClient] 发送心跳
2026_07_30-12:13:46 [W] [manage-listenClient] 发送心跳
2026_07_30-12:13:51 [W] [manage-listenClient] 发送心跳
2026_07_30-12:13:56 [W] [manage-listenClient] 发送心跳
2026_07_30-12:14:01 [W] [manage-listenClient] 发送心跳
2026_07_30-12:14:06 [W] [manage-listenClient] 发送心跳
2026_07_30-12:14:11 [W] [manage-listenClient] 发送心跳
2026_07_30-12:14:16 [W] [manage-listenClient] 发送心跳
2026_07_30-12:14:21 [W] [manage-listenClient] 发送心跳
2026_07_30-12:14:26 [W] [manage-listenClient] 发送心跳
2026_07_30-12:14:31 [W] [manage-listenClient] 发送心跳
2026_07_30-12:14:36 [W] [manage-listenClient] 发送心跳
2026_07_30-12:14:41 [W] [manage-listenClient] 发送心跳
2026_07_30-12:14:46 [W] [manage-listenClient] 发送心跳
2026_07_30-12:14:51 [W] [manage-listenClient] 发送心跳
2026_07_30-12:14:56 [W] [manage-listenClient] 发送心跳
2026_07_30-12:15:01 [W] [manage-listenClient] 发送心跳
2026_07_30-12:15:06 [W] [manage-listenClient] 发送心跳
2026_07_30-12:15:11 [W] [manage-listenClient] 发送心跳
2026_07_30-12:15:16 [W] [manage-listenClient] 发送心跳
2026_07_30-12:15:21 [W] [manage-listenClient] 发送心跳
2026_07_30-12:15:26 [W] [manage-listenClient] 发送心跳
2026_07_30-12:15:31 [W] [manage-listenClient] 发送心跳
2026_07_30-12:15:36 [W] [manage-listenClient] 发送心跳
2026_07_30-12:15:41 [W] [manage-listenClient] 发送心跳
2026_07_30-12:15:46 [W] [manage-listenClient] 发送心跳
2026_07_30-12:15:51 [W] [manage-listenClient] 发送心跳
2026_07_30-12:15:56 [W] [manage-listenClient] 发送心跳
2026_07_30-12:16:01 [W] [manage-listenClient] 发送心跳
2026_07_30-12:16:06 [W] [manage-listenClient] 发送心跳
2026_07_30-12:16:11 [W] [manage-listenClient] 发送心跳
2026_07_30-12:16:16 [W] [manage-listenClient] 发送心跳
2026_07_30-12:16:21 [W] [manage-listenClient] 发送心跳
2026_07_30-12:16:26 [W] [manage-listenClient] 发送心跳
2026_07_30-12:16:31 [W] [manage-listenClient] 发送心跳
2026_07_30-12:16:36 [W] [manage-listenClient] 发送心跳
2026_07_30-12:16:41 [W] [manage-listenClient] 发送心跳
2026_07_30-12:16:46 [W] [manage-listenClient] 发送心跳
2026_07_30-12:16:51 [W] [manage-listenClient] 发送心跳
2026_07_30-12:16:56 [W] [manage-listenClient] 发送心跳
2026_07_30-12:17:01 [W] [manage-listenClient] 发送心跳
2026_07_30-12:17:06 [W] [manage-listenClient] 发送心跳
2026_07_30-12:17:11 [W] [manage-listenClient] 发送心跳
2026_07_30-12:17:16 [W] [manage-listenClient] 发送心跳
2026_07_30-12:17:21 [W] [manage-listenClient] 发送心跳
2026_07_30-12:17:26 [W] [manage-listenClient] 发送心跳
2026_07_30-12:17:31 [W] [manage-listenClient] 发送心跳
2026_07_30-12:17:36 [W] [manage-listenClient] 发送心跳
2026_07_30-12:17:41 [W] [manage-listenClient] 发送心跳
2026_07_30-12:17:46 [W] [manage-listenClient] 发送心跳
2026_07_30-12:17:51 [W] [manage-listenClient] 发送心跳
2026_07_30-12:17:56 [W] [manage-listenClient] 发送心跳
2026_07_30-12:18:01 [W] [manage-listenClient] 发送心跳
2026_07_30-12:18:06 [W] [manage-listenClient] 发送心跳
2026_07_30-12:18:11 [W] [manage-listenClient] 发送心跳
2026_07_30-12:18:16 [W] [manage-listenClient] 发送心跳
2026_07_30-12:18:21 [W] [manage-listenClient] 发送心跳
2026_07_30-12:18:26 [W] [manage-listenClient] 发送心跳
2026_07_30-12:18:31 [W] [manage-listenClient] 发送心跳
2026_07_30-12:18:36 [W] [manage-listenClient] 发送心跳
2026_07_30-12:18:41 [W] [manage-listenClient] 发送心跳
2026_07_30-12:18:46 [W] [manage-listenClient] 发送心跳
2026_07_30-12:18:51 [W] [manage-listenClient] 发送心跳
2026_07_30-12:18:56 [W] [manage-listenClient] 发送心跳
2026_07_30-12:19:01 [W] [manage-listenClient] 发送心跳
2026_07_30-12:19:06 [W] [manage-listenClient] 发送心跳
2026_07_30-12:19:11 [W] [manage-listenClient] 发送心跳
2026_07_30-12:19:16 [W] [manage-listenClient] 发送心跳
2026_07_30-12:19:21 [W] [manage-listenClient] 发送心跳
2026_07_30-12:19:26 [W] [manage-listenClient] 发送心跳
2026_07_30-12:19:31 [W] [manage-listenClient] 发送心跳
2026_07_30-12:19:36 [W] [manage-listenClient] 发送心跳
2026_07_30-12:19:41 [W] [manage-listenClient] 发送心跳
2026_07_30-12:19:46 [W] [manage-listenClient] 发送心跳
2026_07_30-12:19:51 [W] [manage-listenClient] 发送心跳
2026_07_30-12:19:56 [W] [manage-listenClient] 发送心跳
2026_07_30-12:20:01 [W] [manage-listenClient] 发送心跳
2026_07_30-12:20:06 [W] [manage-listenClient] 发送心跳
2026_07_30-12:20:11 [W] [manage-listenClient] 发送心跳
2026_07_30-12:20:16 [W] [manage-listenClient] 发送心跳
2026_07_30-12:20:21 [W] [manage-listenClient] 发送心跳
2026_07_30-12:20:26 [W] [manage-listenClient] 发送心跳
2026_07_30-12:20:31 [W] [manage-listenClient] 发送心跳
2026_07_30-12:20:36 [W] [manage-listenClient] 发送心跳
2026_07_30-12:20:41 [W] [manage-listenClient] 发送心跳
2026_07_30-12:20:46 [W] [manage-listenClient] 发送心跳
2026_07_30-12:20:51 [W] [manage-listenClient] 发送心跳
2026_07_30-12:20:56 [W] [manage-listenClient] 发送心跳
2026_07_30-12:21:01 [W] [manage-listenClient] 发送心跳
2026_07_30-12:21:06 [W] [manage-listenClient] 发送心跳
2026_07_30-12:21:11 [W] [manage-listenClient] 发送心跳
2026_07_30-12:21:16 [W] [manage-listenClient] 发送心跳
2026_07_30-12:21:21 [W] [manage-listenClient] 发送心跳
2026_07_30-12:21:26 [W] [manage-listenClient] 发送心跳
2026_07_30-12:21:31 [W] [manage-listenClient] 发送心跳
2026_07_30-12:21:36 [W] [manage-listenClient] 发送心跳
2026_07_30-12:21:41 [W] [manage-listenClient] 发送心跳
2026_07_30-12:21:46 [W] [manage-listenClient] 发送心跳
2026_07_30-12:21:51 [W] [manage-listenClient] 发送心跳
2026_07_30-12:21:56 [W] [manage-listenClient] 发送心跳
2026_07_30-12:22:01 [W] [manage-listenClient] 发送心跳
2026_07_30-12:22:06 [W] [manage-listenClient] 发送心跳
2026_07_30-12:22:11 [W] [manage-listenClient] 发送心跳
2026_07_30-12:22:16 [W] [manage-listenClient] 发送心跳
2026_07_30-12:22:21 [W] [manage-listenClient] 发送心跳
2026_07_30-12:22:26 [W] [manage-listenClient] 发送心跳
2026_07_30-12:22:31 [W] [manage-listenClient] 发送心跳
2026_07_30-12:22:36 [W] [manage-listenClient] 发送心跳
2026_07_30-12:22:41 [W] [manage-listenClient] 发送心跳
2026_07_30-12:22:46 [W] [manage-listenClient] 发送心跳
2026_07_30-12:22:51 [W] [manage-listenClient] 发送心跳
2026_07_30-12:22:56 [W] [manage-listenClient] 发送心跳
2026_07_30-12:23:01 [W] [manage-listenClient] 发送心跳
2026_07_30-12:23:06 [W] [manage-listenClient] 发送心跳
2026_07_30-12:23:11 [W] [manage-listenClient] 发送心跳
2026_07_30-12:23:16 [W] [manage-listenClient] 发送心跳
2026_07_30-12:23:21 [W] [manage-listenClient] 发送心跳
2026_07_30-12:23:26 [W] [manage-listenClient] 发送心跳
2026_07_30-12:23:31 [W] [manage-listenClient] 发送心跳
2026_07_30-12:23:36 [W] [manage-listenClient] 发送心跳
2026_07_30-12:23:39 [D] [client] disconnect from 192.168.10.1:8090
2026_07_30-12:23:39 [I] [client] socket close = 3
2026_07_30-12:23:39 [W] [manage-listenClient] 断联：开始释放资源
2026_07_30-12:23:39 [W] [manage-listenClient] ClientQue.front()->getClientID() = 8,CurClientID.load() = 7
2026_07_30-12:23:39 [I] [client] socket connect = 1 kConnecting = 0 kConnected = 1 kDisconnecting = 2 kDisconnected = 3
2026_07_30-12:23:39 [W] [manage-CreateClient] 需要创建client Index = 10
2026_07_30-12:23:39 [D] [<UNNAME>] Connection::kConnected
2026_07_30-12:23:40 [W] [analysis] RxFlg.store(1)---serial_number = 969 check_sn = 969
2026_07_30-12:23:40 [W] [analysis] cv通知下发---serial_number = 969 check_sn = 969
2026_07_30-12:23:40 [D] [manage-listenClient] 已经授权成功，重复验证授权码
2026_07_30-12:23:40 [D] [manage-listenClient] Random: bxMjTE..., VIN: HTWW312510A000123
2026_07_30-12:23:40 [I] [manage-listenClient] License verified successfully for VIN: HTWW312510A000123
2026_07_30-12:23:40 [D] [manage-listenClient] License valid until: 2026-10-15 10:12:20
2026_07_30-12:23:40 [I] [manage-listenClient] License verified successfully for expiry: 1A0A0F0A0C14
2026_07_30-12:23:41 [W] [manage-listenClient] 发送心跳
2026_07_30-12:23:46 [W] [manage-listenClient] 发送心跳
2026_07_30-12:23:51 [W] [manage-listenClient] 发送心跳
2026_07_30-12:23:56 [W] [manage-listenClient] 发送心跳
2026_07_30-12:24:01 [W] [manage-listenClient] 发送心跳
2026_07_30-12:24:06 [W] [manage-listenClient] 发送心跳
2026_07_30-12:24:11 [W] [manage-listenClient] 发送心跳
2026_07_30-12:24:16 [W] [manage-listenClient] 发送心跳
2026_07_30-12:24:21 [W] [manage-listenClient] 发送心跳
2026_07_30-12:24:26 [W] [manage-listenClient] 发送心跳
2026_07_30-12:24:31 [W] [manage-listenClient] 发送心跳
2026_07_30-12:24:36 [W] [manage-listenClient] 发送心跳
2026_07_30-12:24:41 [W] [manage-listenClient] 发送心跳
2026_07_30-12:24:46 [W] [manage-listenClient] 发送心跳
2026_07_30-12:24:51 [W] [manage-listenClient] 发送心跳
2026_07_30-12:24:56 [W] [manage-listenClient] 发送心跳
2026_07_30-12:25:01 [W] [manage-listenClient] 发送心跳
2026_07_30-12:25:06 [W] [manage-listenClient] 发送心跳
2026_07_30-12:25:11 [W] [manage-listenClient] 发送心跳
2026_07_30-12:25:17 [W] [manage-listenClient] 发送心跳
2026_07_30-12:25:22 [W] [manage-listenClient] 发送心跳
2026_07_30-12:25:27 [W] [manage-listenClient] 发送心跳
2026_07_30-12:25:32 [W] [manage-listenClient] 发送心跳
2026_07_30-12:25:37 [W] [manage-listenClient] 发送心跳
2026_07_30-12:25:42 [W] [manage-listenClient] 发送心跳
2026_07_30-12:25:47 [W] [manage-listenClient] 发送心跳
2026_07_30-12:25:52 [W] [manage-listenClient] 发送心跳
2026_07_30-12:25:57 [W] [manage-listenClient] 发送心跳
2026_07_30-12:26:02 [W] [manage-listenClient] 发送心跳
2026_07_30-12:26:07 [W] [manage-listenClient] 发送心跳
2026_07_30-12:26:12 [W] [manage-listenClient] 发送心跳
2026_07_30-12:26:17 [W] [manage-listenClient] 发送心跳
2026_07_30-12:26:22 [W] [manage-listenClient] 发送心跳
2026_07_30-12:26:27 [W] [manage-listenClient] 发送心跳
2026_07_30-12:26:32 [W] [manage-listenClient] 发送心跳
2026_07_30-12:26:37 [W] [manage-listenClient] 发送心跳
2026_07_30-12:26:42 [W] [manage-listenClient] 发送心跳
2026_07_30-12:26:47 [W] [manage-listenClient] 发送心跳
2026_07_30-12:26:52 [W] [manage-listenClient] 发送心跳
2026_07_30-12:26:57 [W] [manage-listenClient] 发送心跳
2026_07_30-12:27:02 [W] [manage-listenClient] 发送心跳
2026_07_30-12:27:07 [W] [manage-listenClient] 发送心跳
2026_07_30-12:27:12 [W] [manage-listenClient] 发送心跳
2026_07_30-12:27:17 [W] [manage-listenClient] 发送心跳
2026_07_30-12:27:22 [W] [manage-listenClient] 发送心跳
2026_07_30-12:27:27 [W] [manage-listenClient] 发送心跳
2026_07_30-12:27:32 [W] [manage-listenClient] 发送心跳
2026_07_30-12:27:37 [W] [manage-listenClient] 发送心跳
2026_07_30-12:27:42 [W] [manage-listenClient] 发送心跳
2026_07_30-12:27:47 [W] [manage-listenClient] 发送心跳
2026_07_30-12:27:51 [W] [manage-listenClient] 发送心跳
2026_07_30-12:27:56 [W] [manage-listenClient] 发送心跳
2026_07_30-12:28:01 [W] [manage-listenClient] 发送心跳
2026_07_30-12:28:06 [W] [manage-listenClient] 发送心跳
2026_07_30-12:28:11 [W] [manage-listenClient] 发送心跳
2026_07_30-12:28:16 [W] [manage-listenClient] 发送心跳
2026_07_30-12:28:21 [W] [manage-listenClient] 发送心跳
2026_07_30-12:28:26 [W] [manage-listenClient] 发送心跳
2026_07_30-12:28:31 [W] [manage-listenClient] 发送心跳
2026_07_30-12:28:36 [W] [manage-listenClient] 发送心跳
2026_07_30-12:28:41 [W] [manage-listenClient] 发送心跳
2026_07_30-12:28:46 [W] [manage-listenClient] 发送心跳
2026_07_30-12:28:51 [W] [manage-listenClient] 发送心跳
2026_07_30-12:28:56 [W] [manage-listenClient] 发送心跳
2026_07_30-12:29:01 [W] [manage-listenClient] 发送心跳
2026_07_30-12:29:06 [W] [manage-listenClient] 发送心跳
2026_07_30-12:29:11 [W] [manage-listenClient] 发送心跳
2026_07_30-12:29:16 [W] [manage-listenClient] 发送心跳
2026_07_30-12:29:21 [W] [manage-listenClient] 发送心跳
2026_07_30-12:29:26 [W] [manage-listenClient] 发送心跳
2026_07_30-12:29:31 [W] [manage-listenClient] 发送心跳
2026_07_30-12:29:36 [W] [manage-listenClient] 发送心跳
2026_07_30-12:29:41 [W] [manage-listenClient] 发送心跳
2026_07_30-12:29:46 [W] [manage-listenClient] 发送心跳
2026_07_30-12:29:51 [W] [manage-listenClient] 发送心跳
2026_07_30-12:29:56 [W] [manage-listenClient] 发送心跳
2026_07_30-12:30:01 [W] [manage-listenClient] 发送心跳
2026_07_30-12:30:06 [W] [manage-listenClient] 发送心跳
2026_07_30-12:30:11 [W] [manage-listenClient] 发送心跳
2026_07_30-12:30:16 [W] [manage-listenClient] 发送心跳
2026_07_30-12:30:21 [W] [manage-listenClient] 发送心跳
2026_07_30-12:30:26 [W] [manage-listenClient] 发送心跳
2026_07_30-12:30:31 [W] [manage-listenClient] 发送心跳
2026_07_30-12:30:36 [W] [manage-listenClient] 发送心跳
2026_07_30-12:30:41 [W] [manage-listenClient] 发送心跳
2026_07_30-12:30:46 [W] [manage-listenClient] 发送心跳
2026_07_30-12:30:51 [W] [manage-listenClient] 发送心跳
2026_07_30-12:30:56 [W] [manage-listenClient] 发送心跳
2026_07_30-12:31:01 [W] [manage-listenClient] 发送心跳
2026_07_30-12:31:06 [W] [manage-listenClient] 发送心跳
2026_07_30-12:31:11 [W] [manage-listenClient] 发送心跳
2026_07_30-12:31:16 [W] [manage-listenClient] 发送心跳
2026_07_30-12:31:21 [W] [manage-listenClient] 发送心跳
2026_07_30-12:31:26 [W] [manage-listenClient] 发送心跳
2026_07_30-12:31:31 [W] [manage-listenClient] 发送心跳
2026_07_30-12:31:36 [W] [manage-listenClient] 发送心跳
2026_07_30-12:31:41 [W] [manage-listenClient] 发送心跳
2026_07_30-12:31:46 [W] [manage-listenClient] 发送心跳
2026_07_30-12:31:51 [W] [manage-listenClient] 发送心跳
2026_07_30-12:31:56 [W] [manage-listenClient] 发送心跳
2026_07_30-12:32:01 [W] [manage-listenClient] 发送心跳
2026_07_30-12:32:06 [W] [manage-listenClient] 发送心跳
2026_07_30-12:32:11 [W] [manage-listenClient] 发送心跳
2026_07_30-12:32:16 [W] [manage-listenClient] 发送心跳
2026_07_30-12:32:21 [W] [manage-listenClient] 发送心跳
2026_07_30-12:32:26 [W] [manage-listenClient] 发送心跳
2026_07_30-12:32:31 [W] [manage-listenClient] 发送心跳
2026_07_30-12:32:36 [W] [manage-listenClient] 发送心跳
2026_07_30-12:32:41 [W] [manage-listenClient] 发送心跳
2026_07_30-12:32:46 [W] [manage-listenClient] 发送心跳
2026_07_30-12:32:51 [W] [manage-listenClient] 发送心跳
2026_07_30-12:32:56 [W] [manage-listenClient] 发送心跳
2026_07_30-12:33:01 [W] [manage-listenClient] 发送心跳
2026_07_30-12:33:06 [W] [manage-listenClient] 发送心跳
2026_07_30-12:33:11 [W] [manage-listenClient] 发送心跳
2026_07_30-12:33:16 [W] [manage-listenClient] 发送心跳
2026_07_30-12:33:21 [W] [manage-listenClient] 发送心跳
2026_07_30-12:33:26 [W] [manage-listenClient] 发送心跳
2026_07_30-12:33:31 [W] [manage-listenClient] 发送心跳
2026_07_30-12:33:36 [W] [manage-listenClient] 发送心跳
2026_07_30-12:33:40 [D] [client] disconnect from 192.168.10.1:8090
2026_07_30-12:33:40 [I] [client] socket close = 3
2026_07_30-12:33:40 [W] [manage-listenClient] 断联：开始释放资源
2026_07_30-12:33:40 [W] [manage-listenClient] ClientQue.front()->getClientID() = 9,CurClientID.load() = 8
2026_07_30-12:33:40 [I] [client] socket connect = 1 kConnecting = 0 kConnected = 1 kDisconnecting = 2 kDisconnected = 3
2026_07_30-12:33:40 [W] [manage-CreateClient] 需要创建client Index = 11
2026_07_30-12:33:40 [D] [<UNNAME>] Connection::kConnected
2026_07_30-12:33:40 [W] [analysis] RxFlg.store(1)---serial_number = 1090 check_sn = 1090
2026_07_30-12:33:40 [W] [analysis] cv通知下发---serial_number = 1090 check_sn = 1090
2026_07_30-12:33:40 [D] [manage-listenClient] 已经授权成功，重复验证授权码
2026_07_30-12:33:40 [D] [manage-listenClient] Random: bxMjTE..., VIN: HTWW312510A000123
2026_07_30-12:33:40 [I] [manage-listenClient] License verified successfully for VIN: HTWW312510A000123
2026_07_30-12:33:40 [D] [manage-listenClient] License valid until: 2026-10-15 10:12:20
2026_07_30-12:33:40 [I] [manage-listenClient] License verified successfully for expiry: 1A0A0F0A0C14
2026_07_30-12:33:41 [W] [manage-listenClient] 发送心跳
2026_07_30-12:33:46 [W] [manage-listenClient] 发送心跳
2026_07_30-12:33:51 [W] [manage-listenClient] 发送心跳
2026_07_30-12:33:56 [W] [manage-listenClient] 发送心跳
2026_07_30-12:34:01 [W] [manage-listenClient] 发送心跳
2026_07_30-12:34:06 [W] [manage-listenClient] 发送心跳
2026_07_30-12:34:11 [W] [manage-listenClient] 发送心跳
2026_07_30-12:34:16 [W] [manage-listenClient] 发送心跳
2026_07_30-12:34:22 [W] [manage-listenClient] 发送心跳
2026_07_30-12:34:27 [W] [manage-listenClient] 发送心跳
2026_07_30-12:34:32 [W] [manage-listenClient] 发送心跳
2026_07_30-12:34:37 [W] [manage-listenClient] 发送心跳
2026_07_30-12:34:42 [W] [manage-listenClient] 发送心跳
2026_07_30-12:34:47 [W] [manage-listenClient] 发送心跳
2026_07_30-12:34:52 [W] [manage-listenClient] 发送心跳
2026_07_30-12:34:57 [W] [manage-listenClient] 发送心跳
2026_07_30-12:35:02 [W] [manage-listenClient] 发送心跳
2026_07_30-12:35:07 [W] [manage-listenClient] 发送心跳
2026_07_30-12:35:12 [W] [manage-listenClient] 发送心跳
2026_07_30-12:35:17 [W] [manage-listenClient] 发送心跳
2026_07_30-12:35:22 [W] [manage-listenClient] 发送心跳
2026_07_30-12:35:27 [W] [manage-listenClient] 发送心跳
2026_07_30-12:35:32 [W] [manage-listenClient] 发送心跳
2026_07_30-12:35:37 [W] [manage-listenClient] 发送心跳
2026_07_30-12:35:42 [W] [manage-listenClient] 发送心跳
2026_07_30-12:35:47 [W] [manage-listenClient] 发送心跳
2026_07_30-12:35:52 [W] [manage-listenClient] 发送心跳
2026_07_30-12:35:57 [W] [manage-listenClient] 发送心跳
2026_07_30-12:36:02 [W] [manage-listenClient] 发送心跳
2026_07_30-12:36:07 [W] [manage-listenClient] 发送心跳
2026_07_30-12:36:12 [W] [manage-listenClient] 发送心跳
2026_07_30-12:36:17 [W] [manage-listenClient] 发送心跳
2026_07_30-12:36:22 [W] [manage-listenClient] 发送心跳
2026_07_30-12:36:27 [W] [manage-listenClient] 发送心跳
2026_07_30-12:36:32 [W] [manage-listenClient] 发送心跳
2026_07_30-12:36:37 [W] [manage-listenClient] 发送心跳
2026_07_30-12:36:42 [W] [manage-listenClient] 发送心跳
2026_07_30-12:36:47 [W] [manage-listenClient] 发送心跳
2026_07_30-12:36:52 [W] [manage-listenClient] 发送心跳
2026_07_30-12:36:57 [W] [manage-listenClient] 发送心跳
2026_07_30-12:37:02 [W] [manage-listenClient] 发送心跳
2026_07_30-12:37:07 [W] [manage-listenClient] 发送心跳
2026_07_30-12:37:12 [W] [manage-listenClient] 发送心跳
2026_07_30-12:37:17 [W] [manage-listenClient] 发送心跳
2026_07_30-12:37:22 [W] [manage-listenClient] 发送心跳
2026_07_30-12:37:27 [W] [manage-listenClient] 发送心跳
2026_07_30-12:37:32 [W] [manage-listenClient] 发送心跳
2026_07_30-12:37:37 [W] [manage-listenClient] 发送心跳
2026_07_30-12:37:42 [W] [manage-listenClient] 发送心跳
2026_07_30-12:37:47 [W] [manage-listenClient] 发送心跳
2026_07_30-12:37:52 [W] [manage-listenClient] 发送心跳
2026_07_30-12:37:57 [W] [manage-listenClient] 发送心跳
2026_07_30-12:38:02 [W] [manage-listenClient] 发送心跳
2026_07_30-12:38:07 [W] [manage-listenClient] 发送心跳
2026_07_30-12:38:12 [W] [manage-listenClient] 发送心跳
2026_07_30-12:38:17 [W] [manage-listenClient] 发送心跳
2026_07_30-12:38:22 [W] [manage-listenClient] 发送心跳
2026_07_30-12:38:27 [W] [manage-listenClient] 发送心跳
2026_07_30-12:38:32 [W] [manage-listenClient] 发送心跳
2026_07_30-12:38:37 [W] [manage-listenClient] 发送心跳
2026_07_30-12:38:42 [W] [manage-listenClient] 发送心跳
2026_07_30-12:38:47 [W] [manage-listenClient] 发送心跳
2026_07_30-12:38:52 [W] [manage-listenClient] 发送心跳
2026_07_30-12:38:57 [W] [manage-listenClient] 发送心跳
2026_07_30-12:39:02 [W] [manage-listenClient] 发送心跳
2026_07_30-12:39:07 [W] [manage-listenClient] 发送心跳
2026_07_30-12:39:12 [W] [manage-listenClient] 发送心跳
2026_07_30-12:39:17 [W] [manage-listenClient] 发送心跳
2026_07_30-12:39:22 [W] [manage-listenClient] 发送心跳
2026_07_30-12:39:27 [W] [manage-listenClient] 发送心跳
2026_07_30-12:39:32 [W] [manage-listenClient] 发送心跳
2026_07_30-12:39:37 [W] [manage-listenClient] 发送心跳
2026_07_30-12:39:42 [W] [manage-listenClient] 发送心跳
2026_07_30-12:39:47 [W] [manage-listenClient] 发送心跳
2026_07_30-12:39:52 [W] [manage-listenClient] 发送心跳
2026_07_30-12:39:57 [W] [manage-listenClient] 发送心跳
2026_07_30-12:40:02 [W] [manage-listenClient] 发送心跳
2026_07_30-12:40:07 [W] [manage-listenClient] 发送心跳
2026_07_30-12:40:12 [W] [manage-listenClient] 发送心跳
2026_07_30-12:40:17 [W] [manage-listenClient] 发送心跳
2026_07_30-12:40:22 [W] [manage-listenClient] 发送心跳
2026_07_30-12:40:27 [W] [manage-listenClient] 发送心跳
2026_07_30-12:40:32 [W] [manage-listenClient] 发送心跳
2026_07_30-12:40:37 [W] [manage-listenClient] 发送心跳
2026_07_30-12:40:42 [W] [manage-listenClient] 发送心跳
2026_07_30-12:40:47 [W] [manage-listenClient] 发送心跳
2026_07_30-12:40:52 [W] [manage-listenClient] 发送心跳
2026_07_30-12:40:57 [W] [manage-listenClient] 发送心跳
2026_07_30-12:41:02 [W] [manage-listenClient] 发送心跳
2026_07_30-12:41:07 [W] [manage-listenClient] 发送心跳
2026_07_30-12:41:12 [W] [manage-listenClient] 发送心跳
2026_07_30-12:41:17 [W] [manage-listenClient] 发送心跳
2026_07_30-12:41:22 [W] [manage-listenClient] 发送心跳
2026_07_30-12:41:27 [W] [manage-listenClient] 发送心跳
2026_07_30-12:41:32 [W] [manage-listenClient] 发送心跳
2026_07_30-12:41:37 [W] [manage-listenClient] 发送心跳
2026_07_30-12:41:42 [W] [manage-listenClient] 发送心跳
2026_07_30-12:41:47 [W] [manage-listenClient] 发送心跳
2026_07_30-12:41:52 [W] [manage-listenClient] 发送心跳
2026_07_30-12:41:57 [W] [manage-listenClient] 发送心跳
2026_07_30-12:42:02 [W] [manage-listenClient] 发送心跳
2026_07_30-12:42:07 [W] [manage-listenClient] 发送心跳
2026_07_30-12:42:12 [W] [manage-listenClient] 发送心跳
2026_07_30-12:42:17 [W] [manage-listenClient] 发送心跳
2026_07_30-12:42:22 [W] [manage-listenClient] 发送心跳
2026_07_30-12:42:27 [W] [manage-listenClient] 发送心跳
2026_07_30-12:42:32 [W] [manage-listenClient] 发送心跳
2026_07_30-12:42:37 [W] [manage-listenClient] 发送心跳
2026_07_30-12:42:42 [W] [manage-listenClient] 发送心跳
2026_07_30-12:42:47 [W] [manage-listenClient] 发送心跳
2026_07_30-12:42:52 [W] [manage-listenClient] 发送心跳
2026_07_30-12:42:57 [W] [manage-listenClient] 发送心跳
2026_07_30-12:43:02 [W] [manage-listenClient] 发送心跳
2026_07_30-12:43:07 [W] [manage-listenClient] 发送心跳
2026_07_30-12:43:12 [W] [manage-listenClient] 发送心跳
2026_07_30-12:43:17 [W] [manage-listenClient] 发送心跳
2026_07_30-12:43:22 [W] [manage-listenClient] 发送心跳
2026_07_30-12:43:27 [W] [manage-listenClient] 发送心跳
2026_07_30-12:43:32 [W] [manage-listenClient] 发送心跳
2026_07_30-12:43:37 [W] [manage-listenClient] 发送心跳
2026_07_30-12:43:39 [D] [client] disconnect from 192.168.10.1:8090
2026_07_30-12:43:39 [I] [client] socket close = 3
2026_07_30-12:43:40 [W] [manage-listenClient] 断联：开始释放资源
2026_07_30-12:43:40 [W] [manage-listenClient] ClientQue.front()->getClientID() = 10,CurClientID.load() = 9
2026_07_30-12:43:40 [I] [client] socket connect = 1 kConnecting = 0 kConnected = 1 kDisconnecting = 2 kDisconnected = 3
2026_07_30-12:43:40 [W] [manage-CreateClient] 需要创建client Index = 12
2026_07_30-12:43:40 [D] [<UNNAME>] Connection::kConnected
2026_07_30-12:43:40 [W] [analysis] RxFlg.store(1)---serial_number = 1211 check_sn = 1211
2026_07_30-12:43:40 [W] [analysis] cv通知下发---serial_number = 1211 check_sn = 1211
2026_07_30-12:43:40 [D] [manage-listenClient] 已经授权成功，重复验证授权码
2026_07_30-12:43:40 [D] [manage-listenClient] Random: bxMjTE..., VIN: HTWW312510A000123
2026_07_30-12:43:40 [I] [manage-listenClient] License verified successfully for VIN: HTWW312510A000123
2026_07_30-12:43:40 [D] [manage-listenClient] License valid until: 2026-10-15 10:12:20
2026_07_30-12:43:40 [I] [manage-listenClient] License verified successfully for expiry: 1A0A0F0A0C14
2026_07_30-12:43:42 [W] [manage-listenClient] 发送心跳
2026_07_30-12:43:47 [W] [manage-listenClient] 发送心跳
2026_07_30-12:43:52 [W] [manage-listenClient] 发送心跳
2026_07_30-12:43:57 [W] [manage-listenClient] 发送心跳
2026_07_30-12:44:02 [W] [manage-listenClient] 发送心跳
2026_07_30-12:44:07 [W] [manage-listenClient] 发送心跳
2026_07_30-12:44:12 [W] [manage-listenClient] 发送心跳
2026_07_30-12:44:17 [W] [manage-listenClient] 发送心跳
2026_07_30-12:44:22 [W] [manage-listenClient] 发送心跳
2026_07_30-12:44:27 [W] [manage-listenClient] 发送心跳
2026_07_30-12:44:32 [W] [manage-listenClient] 发送心跳
2026_07_30-12:44:37 [W] [manage-listenClient] 发送心跳
2026_07_30-12:44:42 [W] [manage-listenClient] 发送心跳
2026_07_30-12:44:47 [W] [manage-listenClient] 发送心跳
2026_07_30-12:44:52 [W] [manage-listenClient] 发送心跳
2026_07_30-12:44:57 [W] [manage-listenClient] 发送心跳
2026_07_30-12:45:02 [W] [manage-listenClient] 发送心跳
2026_07_30-12:45:07 [W] [manage-listenClient] 发送心跳
2026_07_30-12:45:12 [W] [manage-listenClient] 发送心跳
2026_07_30-12:45:17 [W] [manage-listenClient] 发送心跳
2026_07_30-12:45:22 [W] [manage-listenClient] 发送心跳
2026_07_30-12:45:27 [W] [manage-listenClient] 发送心跳
2026_07_30-12:45:32 [W] [manage-listenClient] 发送心跳
2026_07_30-12:45:37 [W] [manage-listenClient] 发送心跳
2026_07_30-12:45:42 [W] [manage-listenClient] 发送心跳
2026_07_30-12:45:47 [W] [manage-listenClient] 发送心跳
2026_07_30-12:45:52 [W] [manage-listenClient] 发送心跳
2026_07_30-12:45:57 [W] [manage-listenClient] 发送心跳
2026_07_30-12:46:02 [W] [manage-listenClient] 发送心跳
2026_07_30-12:46:07 [W] [manage-listenClient] 发送心跳
2026_07_30-12:46:12 [W] [manage-listenClient] 发送心跳
2026_07_30-12:46:17 [W] [manage-listenClient] 发送心跳
2026_07_30-12:46:22 [W] [manage-listenClient] 发送心跳
2026_07_30-12:46:27 [W] [manage-listenClient] 发送心跳
2026_07_30-12:46:32 [W] [manage-listenClient] 发送心跳
2026_07_30-12:46:37 [W] [manage-listenClient] 发送心跳
2026_07_30-12:46:42 [W] [manage-listenClient] 发送心跳
2026_07_30-12:46:47 [W] [manage-listenClient] 发送心跳
2026_07_30-12:46:52 [W] [manage-listenClient] 发送心跳
2026_07_30-12:46:57 [W] [manage-listenClient] 发送心跳
2026_07_30-12:47:02 [W] [manage-listenClient] 发送心跳
2026_07_30-12:47:07 [W] [manage-listenClient] 发送心跳
2026_07_30-12:47:12 [W] [manage-listenClient] 发送心跳
2026_07_30-12:47:17 [W] [manage-listenClient] 发送心跳
2026_07_30-12:47:22 [W] [manage-listenClient] 发送心跳
2026_07_30-12:47:27 [W] [manage-listenClient] 发送心跳
2026_07_30-12:47:32 [W] [manage-listenClient] 发送心跳
2026_07_30-12:47:37 [W] [manage-listenClient] 发送心跳
2026_07_30-12:47:42 [W] [manage-listenClient] 发送心跳
2026_07_30-12:47:47 [W] [manage-listenClient] 发送心跳
2026_07_30-12:47:52 [W] [manage-listenClient] 发送心跳
2026_07_30-12:47:57 [W] [manage-listenClient] 发送心跳
2026_07_30-12:48:02 [W] [manage-listenClient] 发送心跳
2026_07_30-12:48:07 [W] [manage-listenClient] 发送心跳
2026_07_30-12:48:12 [W] [manage-listenClient] 发送心跳
2026_07_30-12:48:17 [W] [manage-listenClient] 发送心跳
2026_07_30-12:48:22 [W] [manage-listenClient] 发送心跳
2026_07_30-12:48:27 [W] [manage-listenClient] 发送心跳
2026_07_30-12:48:32 [W] [manage-listenClient] 发送心跳
2026_07_30-12:48:37 [W] [manage-listenClient] 发送心跳
2026_07_30-12:48:42 [W] [manage-listenClient] 发送心跳
2026_07_30-12:48:47 [W] [manage-listenClient] 发送心跳
2026_07_30-12:48:52 [W] [manage-listenClient] 发送心跳
2026_07_30-12:48:57 [W] [manage-listenClient] 发送心跳
2026_07_30-12:49:02 [W] [manage-listenClient] 发送心跳
2026_07_30-12:49:07 [W] [manage-listenClient] 发送心跳
2026_07_30-12:49:12 [W] [manage-listenClient] 发送心跳
2026_07_30-12:49:17 [W] [manage-listenClient] 发送心跳
2026_07_30-12:49:22 [W] [manage-listenClient] 发送心跳
2026_07_30-12:49:27 [W] [manage-listenClient] 发送心跳
2026_07_30-12:49:32 [W] [manage-listenClient] 发送心跳
2026_07_30-12:49:37 [W] [manage-listenClient] 发送心跳
2026_07_30-12:49:42 [W] [manage-listenClient] 发送心跳
2026_07_30-12:49:47 [W] [manage-listenClient] 发送心跳
2026_07_30-12:49:52 [W] [manage-listenClient] 发送心跳
2026_07_30-12:49:57 [W] [manage-listenClient] 发送心跳
2026_07_30-12:50:02 [W] [manage-listenClient] 发送心跳
2026_07_30-12:50:08 [W] [manage-listenClient] 发送心跳
2026_07_30-12:50:13 [W] [manage-listenClient] 发送心跳
2026_07_30-12:50:18 [W] [manage-listenClient] 发送心跳
2026_07_30-12:50:23 [W] [manage-listenClient] 发送心跳
2026_07_30-12:50:28 [W] [manage-listenClient] 发送心跳
2026_07_30-12:50:33 [W] [manage-listenClient] 发送心跳
2026_07_30-12:50:38 [W] [manage-listenClient] 发送心跳
2026_07_30-12:50:43 [W] [manage-listenClient] 发送心跳
2026_07_30-12:50:48 [W] [manage-listenClient] 发送心跳
2026_07_30-12:50:53 [W] [manage-listenClient] 发送心跳
2026_07_30-12:50:58 [W] [manage-listenClient] 发送心跳
2026_07_30-12:51:03 [W] [manage-listenClient] 发送心跳
2026_07_30-12:51:08 [W] [manage-listenClient] 发送心跳
2026_07_30-12:51:13 [W] [manage-listenClient] 发送心跳
2026_07_30-12:51:18 [W] [manage-listenClient] 发送心跳
2026_07_30-12:51:23 [W] [manage-listenClient] 发送心跳
2026_07_30-12:51:28 [W] [manage-listenClient] 发送心跳
2026_07_30-12:51:33 [W] [manage-listenClient] 发送心跳
2026_07_30-12:51:38 [W] [manage-listenClient] 发送心跳
2026_07_30-12:51:43 [W] [manage-listenClient] 发送心跳
2026_07_30-12:51:48 [W] [manage-listenClient] 发送心跳
2026_07_30-12:51:53 [W] [manage-listenClient] 发送心跳
2026_07_30-12:51:58 [W] [manage-listenClient] 发送心跳
2026_07_30-12:52:03 [W] [manage-listenClient] 发送心跳
2026_07_30-12:52:08 [W] [manage-listenClient] 发送心跳
2026_07_30-12:52:13 [W] [manage-listenClient] 发送心跳
2026_07_30-12:52:18 [W] [manage-listenClient] 发送心跳
2026_07_30-12:52:23 [W] [manage-listenClient] 发送心跳
2026_07_30-12:52:28 [W] [manage-listenClient] 发送心跳
2026_07_30-12:52:33 [W] [manage-listenClient] 发送心跳
2026_07_30-12:52:38 [W] [manage-listenClient] 发送心跳
2026_07_30-12:52:43 [W] [manage-listenClient] 发送心跳
2026_07_30-12:52:48 [W] [manage-listenClient] 发送心跳
2026_07_30-12:52:53 [W] [manage-listenClient] 发送心跳
2026_07_30-12:52:58 [W] [manage-listenClient] 发送心跳
2026_07_30-12:53:03 [W] [manage-listenClient] 发送心跳
2026_07_30-12:53:08 [W] [manage-listenClient] 发送心跳
2026_07_30-12:53:13 [W] [manage-listenClient] 发送心跳
2026_07_30-12:53:18 [W] [manage-listenClient] 发送心跳
2026_07_30-12:53:23 [W] [manage-listenClient] 发送心跳
2026_07_30-12:53:28 [W] [manage-listenClient] 发送心跳
2026_07_30-12:53:33 [W] [manage-listenClient] 发送心跳
2026_07_30-12:53:38 [W] [manage-listenClient] 发送心跳
2026_07_30-12:53:40 [D] [client] disconnect from 192.168.10.1:8090
2026_07_30-12:53:40 [I] [client] socket close = 3
2026_07_30-12:53:40 [W] [manage-listenClient] 断联：开始释放资源
2026_07_30-12:53:40 [W] [manage-listenClient] ClientQue.front()->getClientID() = 11,CurClientID.load() = 10
2026_07_30-12:53:40 [I] [client] socket connect = 1 kConnecting = 0 kConnected = 1 kDisconnecting = 2 kDisconnected = 3
2026_07_30-12:53:40 [W] [manage-CreateClient] 需要创建client Index = 13
2026_07_30-12:53:40 [D] [<UNNAME>] Connection::kConnected
2026_07_30-12:53:40 [W] [analysis] RxFlg.store(1)---serial_number = 1332 check_sn = 1332
2026_07_30-12:53:40 [W] [analysis] cv通知下发---serial_number = 1332 check_sn = 1332
2026_07_30-12:53:40 [D] [manage-listenClient] 已经授权成功，重复验证授权码
2026_07_30-12:53:40 [D] [manage-listenClient] Random: bxMjTE..., VIN: HTWW312510A000123
2026_07_30-12:53:40 [I] [manage-listenClient] License verified successfully for VIN: HTWW312510A000123
2026_07_30-12:53:40 [D] [manage-listenClient] License valid until: 2026-10-15 10:12:20
2026_07_30-12:53:40 [I] [manage-listenClient] License verified successfully for expiry: 1A0A0F0A0C14
2026_07_30-12:53:43 [W] [manage-listenClient] 发送心跳
2026_07_30-12:53:48 [W] [manage-listenClient] 发送心跳
2026_07_30-12:53:53 [W] [manage-listenClient] 发送心跳
2026_07_30-12:53:58 [W] [manage-listenClient] 发送心跳
2026_07_30-12:54:03 [W] [manage-listenClient] 发送心跳
2026_07_30-12:54:08 [W] [manage-listenClient] 发送心跳
2026_07_30-12:54:13 [W] [manage-listenClient] 发送心跳
2026_07_30-12:54:18 [W] [manage-listenClient] 发送心跳
2026_07_30-12:54:23 [W] [manage-listenClient] 发送心跳
2026_07_30-12:54:28 [W] [manage-listenClient] 发送心跳
2026_07_30-12:54:33 [W] [manage-listenClient] 发送心跳
2026_07_30-12:54:38 [W] [manage-listenClient] 发送心跳
2026_07_30-12:54:43 [W] [manage-listenClient] 发送心跳
2026_07_30-12:54:48 [W] [manage-listenClient] 发送心跳
2026_07_30-12:54:53 [W] [manage-listenClient] 发送心跳
2026_07_30-12:54:58 [W] [manage-listenClient] 发送心跳
2026_07_30-12:55:03 [W] [manage-listenClient] 发送心跳
2026_07_30-12:55:08 [W] [manage-listenClient] 发送心跳
2026_07_30-12:55:13 [W] [manage-listenClient] 发送心跳
2026_07_30-12:55:18 [W] [manage-listenClient] 发送心跳
2026_07_30-12:55:23 [W] [manage-listenClient] 发送心跳
2026_07_30-12:55:28 [W] [manage-listenClient] 发送心跳
2026_07_30-12:55:33 [W] [manage-listenClient] 发送心跳
2026_07_30-12:55:38 [W] [manage-listenClient] 发送心跳
2026_07_30-12:55:43 [W] [manage-listenClient] 发送心跳
2026_07_30-12:55:48 [W] [manage-listenClient] 发送心跳
2026_07_30-12:55:53 [W] [manage-listenClient] 发送心跳
2026_07_30-12:55:58 [W] [manage-listenClient] 发送心跳
2026_07_30-12:56:03 [W] [manage-listenClient] 发送心跳
2026_07_30-12:56:08 [W] [manage-listenClient] 发送心跳
2026_07_30-12:56:13 [W] [manage-listenClient] 发送心跳
2026_07_30-12:56:18 [W] [manage-listenClient] 发送心跳
2026_07_30-12:56:23 [W] [manage-listenClient] 发送心跳
2026_07_30-12:56:28 [W] [manage-listenClient] 发送心跳
2026_07_30-12:56:33 [W] [manage-listenClient] 发送心跳
2026_07_30-12:56:38 [W] [manage-listenClient] 发送心跳
2026_07_30-12:56:43 [W] [manage-listenClient] 发送心跳
2026_07_30-12:56:48 [W] [manage-listenClient] 发送心跳
2026_07_30-12:56:53 [W] [manage-listenClient] 发送心跳
2026_07_30-12:56:58 [W] [manage-listenClient] 发送心跳
2026_07_30-12:57:03 [W] [manage-listenClient] 发送心跳
2026_07_30-12:57:08 [W] [manage-listenClient] 发送心跳
2026_07_30-12:57:13 [W] [manage-listenClient] 发送心跳
2026_07_30-12:57:18 [W] [manage-listenClient] 发送心跳
2026_07_30-12:57:23 [W] [manage-listenClient] 发送心跳
2026_07_30-12:57:28 [W] [manage-listenClient] 发送心跳
2026_07_30-12:57:33 [W] [manage-listenClient] 发送心跳
2026_07_30-12:57:38 [W] [manage-listenClient] 发送心跳
2026_07_30-12:57:43 [W] [manage-listenClient] 发送心跳
2026_07_30-12:57:48 [W] [manage-listenClient] 发送心跳
2026_07_30-12:57:53 [W] [manage-listenClient] 发送心跳
2026_07_30-12:57:58 [W] [manage-listenClient] 发送心跳
2026_07_30-12:58:03 [W] [manage-listenClient] 发送心跳
2026_07_30-12:58:08 [W] [manage-listenClient] 发送心跳
2026_07_30-12:58:13 [W] [manage-listenClient] 发送心跳
2026_07_30-12:58:18 [W] [manage-listenClient] 发送心跳
2026_07_30-12:58:23 [W] [manage-listenClient] 发送心跳
2026_07_30-12:58:28 [W] [manage-listenClient] 发送心跳
2026_07_30-12:58:33 [W] [manage-listenClient] 发送心跳
2026_07_30-12:58:38 [W] [manage-listenClient] 发送心跳
2026_07_30-12:58:43 [W] [manage-listenClient] 发送心跳
2026_07_30-12:58:48 [W] [manage-listenClient] 发送心跳
2026_07_30-12:58:53 [W] [manage-listenClient] 发送心跳
2026_07_30-12:58:58 [W] [manage-listenClient] 发送心跳
2026_07_30-12:59:03 [W] [manage-listenClient] 发送心跳
2026_07_30-12:59:08 [W] [manage-listenClient] 发送心跳
2026_07_30-12:59:13 [W] [manage-listenClient] 发送心跳
2026_07_30-12:59:18 [W] [manage-listenClient] 发送心跳
2026_07_30-12:59:23 [W] [manage-listenClient] 发送心跳
2026_07_30-12:59:28 [W] [manage-listenClient] 发送心跳
2026_07_30-12:59:33 [W] [manage-listenClient] 发送心跳
2026_07_30-12:59:38 [W] [manage-listenClient] 发送心跳
2026_07_30-12:59:43 [W] [manage-listenClient] 发送心跳
2026_07_30-12:59:48 [W] [manage-listenClient] 发送心跳
2026_07_30-12:59:53 [W] [manage-listenClient] 发送心跳
2026_07_30-12:59:58 [W] [manage-listenClient] 发送心跳
2026_07_30-13:00:03 [W] [manage-listenClient] 发送心跳
2026_07_30-13:00:08 [W] [manage-listenClient] 发送心跳
2026_07_30-13:00:13 [W] [manage-listenClient] 发送心跳
2026_07_30-13:00:18 [W] [manage-listenClient] 发送心跳
2026_07_30-13:00:23 [W] [manage-listenClient] 发送心跳
2026_07_30-13:00:28 [W] [manage-listenClient] 发送心跳
2026_07_30-13:00:33 [W] [manage-listenClient] 发送心跳
2026_07_30-13:00:38 [W] [manage-listenClient] 发送心跳
2026_07_30-13:00:43 [W] [manage-listenClient] 发送心跳
2026_07_30-13:00:48 [W] [manage-listenClient] 发送心跳
2026_07_30-13:00:53 [W] [manage-listenClient] 发送心跳
2026_07_30-13:00:58 [W] [manage-listenClient] 发送心跳
2026_07_30-13:01:03 [W] [manage-listenClient] 发送心跳
2026_07_30-13:01:08 [W] [manage-listenClient] 发送心跳
2026_07_30-13:01:13 [W] [manage-listenClient] 发送心跳
2026_07_30-13:01:18 [W] [manage-listenClient] 发送心跳
2026_07_30-13:01:23 [W] [manage-listenClient] 发送心跳
2026_07_30-13:01:28 [W] [manage-listenClient] 发送心跳
2026_07_30-13:01:33 [W] [manage-listenClient] 发送心跳
2026_07_30-13:01:38 [W] [manage-listenClient] 发送心跳
2026_07_30-13:01:43 [W] [manage-listenClient] 发送心跳
2026_07_30-13:01:48 [W] [manage-listenClient] 发送心跳
2026_07_30-13:01:53 [W] [manage-listenClient] 发送心跳
2026_07_30-13:01:58 [W] [manage-listenClient] 发送心跳
2026_07_30-13:02:03 [W] [manage-listenClient] 发送心跳
2026_07_30-13:02:08 [W] [manage-listenClient] 发送心跳
2026_07_30-13:02:13 [W] [manage-listenClient] 发送心跳
2026_07_30-13:02:18 [W] [manage-listenClient] 发送心跳
2026_07_30-13:02:23 [W] [manage-listenClient] 发送心跳
2026_07_30-13:02:28 [W] [manage-listenClient] 发送心跳
2026_07_30-13:02:33 [W] [manage-listenClient] 发送心跳
2026_07_30-13:02:38 [W] [manage-listenClient] 发送心跳
2026_07_30-13:02:43 [W] [manage-listenClient] 发送心跳
2026_07_30-13:02:48 [W] [manage-listenClient] 发送心跳
2026_07_30-13:02:53 [W] [manage-listenClient] 发送心跳
2026_07_30-13:02:58 [W] [manage-listenClient] 发送心跳
2026_07_30-13:03:03 [W] [manage-listenClient] 发送心跳
2026_07_30-13:03:08 [W] [manage-listenClient] 发送心跳
2026_07_30-13:03:13 [W] [manage-listenClient] 发送心跳
2026_07_30-13:03:18 [W] [manage-listenClient] 发送心跳
2026_07_30-13:03:23 [W] [manage-listenClient] 发送心跳
2026_07_30-13:03:28 [W] [manage-listenClient] 发送心跳
2026_07_30-13:03:33 [W] [manage-listenClient] 发送心跳
2026_07_30-13:03:38 [W] [manage-listenClient] 发送心跳
2026_07_30-13:03:40 [D] [client] disconnect from 192.168.10.1:8090
2026_07_30-13:03:40 [I] [client] socket close = 3
2026_07_30-13:03:40 [W] [manage-listenClient] 断联：开始释放资源
2026_07_30-13:03:40 [W] [manage-listenClient] ClientQue.front()->getClientID() = 12,CurClientID.load() = 11
2026_07_30-13:03:40 [I] [client] socket connect = 1 kConnecting = 0 kConnected = 1 kDisconnecting = 2 kDisconnected = 3
2026_07_30-13:03:40 [W] [manage-CreateClient] 需要创建client Index = 14
2026_07_30-13:03:40 [D] [<UNNAME>] Connection::kConnected
2026_07_30-13:03:41 [W] [analysis] RxFlg.store(1)---serial_number = 1453 check_sn = 1453
2026_07_30-13:03:41 [W] [analysis] cv通知下发---serial_number = 1453 check_sn = 1453
2026_07_30-13:03:41 [D] [manage-listenClient] 已经授权成功，重复验证授权码
2026_07_30-13:03:41 [D] [manage-listenClient] Random: bxMjTE..., VIN: HTWW312510A000123
2026_07_30-13:03:41 [I] [manage-listenClient] License verified successfully for VIN: HTWW312510A000123
2026_07_30-13:03:41 [D] [manage-listenClient] License valid until: 2026-10-15 10:12:20
2026_07_30-13:03:41 [I] [manage-listenClient] License verified successfully for expiry: 1A0A0F0A0C14
2026_07_30-13:03:43 [W] [manage-listenClient] 发送心跳
2026_07_30-13:03:48 [W] [manage-listenClient] 发送心跳
2026_07_30-13:03:53 [W] [manage-listenClient] 发送心跳
2026_07_30-13:03:58 [W] [manage-listenClient] 发送心跳
2026_07_30-13:04:03 [W] [manage-listenClient] 发送心跳
2026_07_30-13:04:08 [W] [manage-listenClient] 发送心跳
2026_07_30-13:04:13 [W] [manage-listenClient] 发送心跳
2026_07_30-13:04:18 [W] [manage-listenClient] 发送心跳
2026_07_30-13:04:23 [W] [manage-listenClient] 发送心跳
2026_07_30-13:04:28 [W] [manage-listenClient] 发送心跳
2026_07_30-13:04:33 [W] [manage-listenClient] 发送心跳
2026_07_30-13:04:38 [W] [manage-listenClient] 发送心跳
2026_07_30-13:04:43 [W] [manage-listenClient] 发送心跳
2026_07_30-13:04:48 [W] [manage-listenClient] 发送心跳
2026_07_30-13:04:53 [W] [manage-listenClient] 发送心跳
2026_07_30-13:04:58 [W] [manage-listenClient] 发送心跳
2026_07_30-13:05:03 [W] [manage-listenClient] 发送心跳
2026_07_30-13:05:08 [W] [manage-listenClient] 发送心跳
2026_07_30-13:05:13 [W] [manage-listenClient] 发送心跳
2026_07_30-13:05:18 [W] [manage-listenClient] 发送心跳
2026_07_30-13:05:23 [W] [manage-listenClient] 发送心跳
2026_07_30-13:05:28 [W] [manage-listenClient] 发送心跳
2026_07_30-13:05:33 [W] [manage-listenClient] 发送心跳
2026_07_30-13:05:38 [W] [manage-listenClient] 发送心跳
2026_07_30-13:05:43 [W] [manage-listenClient] 发送心跳
2026_07_30-13:05:48 [W] [manage-listenClient] 发送心跳
2026_07_30-13:05:53 [W] [manage-listenClient] 发送心跳
2026_07_30-13:05:58 [W] [manage-listenClient] 发送心跳
2026_07_30-13:06:03 [W] [manage-listenClient] 发送心跳
2026_07_30-13:06:08 [W] [manage-listenClient] 发送心跳
2026_07_30-13:06:13 [W] [manage-listenClient] 发送心跳
2026_07_30-13:06:18 [W] [manage-listenClient] 发送心跳
2026_07_30-13:06:23 [W] [manage-listenClient] 发送心跳
2026_07_30-13:06:28 [W] [manage-listenClient] 发送心跳
2026_07_30-13:06:33 [W] [manage-listenClient] 发送心跳
2026_07_30-13:06:38 [W] [manage-listenClient] 发送心跳
2026_07_30-13:06:43 [W] [manage-listenClient] 发送心跳
2026_07_30-13:06:48 [W] [manage-listenClient] 发送心跳
2026_07_30-13:06:53 [W] [manage-listenClient] 发送心跳
2026_07_30-13:06:58 [W] [manage-listenClient] 发送心跳
2026_07_30-13:07:03 [W] [manage-listenClient] 发送心跳
2026_07_30-13:07:08 [W] [manage-listenClient] 发送心跳
2026_07_30-13:07:13 [W] [manage-listenClient] 发送心跳
2026_07_30-13:07:18 [W] [manage-listenClient] 发送心跳
2026_07_30-13:07:23 [W] [manage-listenClient] 发送心跳
2026_07_30-13:07:28 [W] [manage-listenClient] 发送心跳
2026_07_30-13:07:33 [W] [manage-listenClient] 发送心跳
2026_07_30-13:07:38 [W] [manage-listenClient] 发送心跳
2026_07_30-13:07:43 [W] [manage-listenClient] 发送心跳
2026_07_30-13:07:48 [W] [manage-listenClient] 发送心跳
2026_07_30-13:07:53 [W] [manage-listenClient] 发送心跳
2026_07_30-13:07:58 [W] [manage-listenClient] 发送心跳
2026_07_30-13:08:03 [W] [manage-listenClient] 发送心跳
2026_07_30-13:08:08 [W] [manage-listenClient] 发送心跳
2026_07_30-13:08:13 [W] [manage-listenClient] 发送心跳
2026_07_30-13:08:18 [W] [manage-listenClient] 发送心跳
2026_07_30-13:08:23 [W] [manage-listenClient] 发送心跳
2026_07_30-13:08:28 [W] [manage-listenClient] 发送心跳
2026_07_30-13:08:33 [W] [manage-listenClient] 发送心跳
2026_07_30-13:08:38 [W] [manage-listenClient] 发送心跳
2026_07_30-13:08:43 [W] [manage-listenClient] 发送心跳
2026_07_30-13:08:48 [W] [manage-listenClient] 发送心跳
2026_07_30-13:08:53 [W] [manage-listenClient] 发送心跳
2026_07_30-13:08:58 [W] [manage-listenClient] 发送心跳
2026_07_30-13:09:03 [W] [manage-listenClient] 发送心跳
2026_07_30-13:09:08 [W] [manage-listenClient] 发送心跳
2026_07_30-13:09:13 [W] [manage-listenClient] 发送心跳
2026_07_30-13:09:18 [W] [manage-listenClient] 发送心跳
2026_07_30-13:09:23 [W] [manage-listenClient] 发送心跳
2026_07_30-13:09:28 [W] [manage-listenClient] 发送心跳
2026_07_30-13:09:33 [W] [manage-listenClient] 发送心跳
2026_07_30-13:09:38 [W] [manage-listenClient] 发送心跳
2026_07_30-13:09:44 [W] [manage-listenClient] 发送心跳
2026_07_30-13:09:49 [W] [manage-listenClient] 发送心跳
2026_07_30-13:09:54 [W] [manage-listenClient] 发送心跳
2026_07_30-13:09:59 [W] [manage-listenClient] 发送心跳
2026_07_30-13:10:04 [W] [manage-listenClient] 发送心跳
2026_07_30-13:10:09 [W] [manage-listenClient] 发送心跳
2026_07_30-13:10:14 [W] [manage-listenClient] 发送心跳
2026_07_30-13:10:19 [W] [manage-listenClient] 发送心跳
2026_07_30-13:10:24 [W] [manage-listenClient] 发送心跳
2026_07_30-13:10:29 [W] [manage-listenClient] 发送心跳
2026_07_30-13:10:34 [W] [manage-listenClient] 发送心跳
2026_07_30-13:10:39 [W] [manage-listenClient] 发送心跳
2026_07_30-13:10:44 [W] [manage-listenClient] 发送心跳
2026_07_30-13:10:49 [W] [manage-listenClient] 发送心跳
2026_07_30-13:10:54 [W] [manage-listenClient] 发送心跳
2026_07_30-13:10:59 [W] [manage-listenClient] 发送心跳
2026_07_30-13:11:04 [W] [manage-listenClient] 发送心跳
2026_07_30-13:11:09 [W] [manage-listenClient] 发送心跳
2026_07_30-13:11:14 [W] [manage-listenClient] 发送心跳
2026_07_30-13:11:19 [W] [manage-listenClient] 发送心跳
2026_07_30-13:11:24 [W] [manage-listenClient] 发送心跳
2026_07_30-13:11:29 [W] [manage-listenClient] 发送心跳
2026_07_30-13:11:34 [W] [manage-listenClient] 发送心跳
2026_07_30-13:11:39 [W] [manage-listenClient] 发送心跳
2026_07_30-13:11:44 [W] [manage-listenClient] 发送心跳
2026_07_30-13:11:49 [W] [manage-listenClient] 发送心跳
2026_07_30-13:11:54 [W] [manage-listenClient] 发送心跳
2026_07_30-13:11:59 [W] [manage-listenClient] 发送心跳
2026_07_30-13:12:04 [W] [manage-listenClient] 发送心跳
2026_07_30-13:12:09 [W] [manage-listenClient] 发送心跳
2026_07_30-13:12:14 [W] [manage-listenClient] 发送心跳
2026_07_30-13:12:19 [W] [manage-listenClient] 发送心跳
2026_07_30-13:12:24 [W] [manage-listenClient] 发送心跳
2026_07_30-13:12:29 [W] [manage-listenClient] 发送心跳
2026_07_30-13:12:34 [W] [manage-listenClient] 发送心跳
2026_07_30-13:12:39 [W] [manage-listenClient] 发送心跳
2026_07_30-13:12:44 [W] [manage-listenClient] 发送心跳
2026_07_30-13:12:49 [W] [manage-listenClient] 发送心跳
2026_07_30-13:12:54 [W] [manage-listenClient] 发送心跳
2026_07_30-13:12:59 [W] [manage-listenClient] 发送心跳
2026_07_30-13:13:04 [W] [manage-listenClient] 发送心跳
2026_07_30-13:13:09 [W] [manage-listenClient] 发送心跳
2026_07_30-13:13:14 [W] [manage-listenClient] 发送心跳
2026_07_30-13:13:19 [W] [manage-listenClient] 发送心跳
2026_07_30-13:13:24 [W] [manage-listenClient] 发送心跳
2026_07_30-13:13:29 [W] [manage-listenClient] 发送心跳
2026_07_30-13:13:34 [W] [manage-listenClient] 发送心跳
2026_07_30-13:13:39 [W] [manage-listenClient] 发送心跳
2026_07_30-13:13:40 [D] [client] disconnect from 192.168.10.1:8090
2026_07_30-13:13:40 [I] [client] socket close = 3
2026_07_30-13:13:40 [W] [manage-listenClient] 断联：开始释放资源
2026_07_30-13:13:40 [W] [manage-listenClient] ClientQue.front()->getClientID() = 13,CurClientID.load() = 12
2026_07_30-13:13:40 [I] [client] socket connect = 1 kConnecting = 0 kConnected = 1 kDisconnecting = 2 kDisconnected = 3
2026_07_30-13:13:41 [W] [manage-CreateClient] 需要创建client Index = 15
2026_07_30-13:13:41 [D] [<UNNAME>] Connection::kConnected
2026_07_30-13:13:41 [W] [analysis] RxFlg.store(1)---serial_number = 1574 check_sn = 1574
2026_07_30-13:13:41 [W] [analysis] cv通知下发---serial_number = 1574 check_sn = 1574
2026_07_30-13:13:41 [D] [manage-listenClient] 已经授权成功，重复验证授权码
2026_07_30-13:13:41 [D] [manage-listenClient] Random: bxMjTE..., VIN: HTWW312510A000123
2026_07_30-13:13:41 [I] [manage-listenClient] License verified successfully for VIN: HTWW312510A000123
2026_07_30-13:13:41 [D] [manage-listenClient] License valid until: 2026-10-15 10:12:20
2026_07_30-13:13:41 [I] [manage-listenClient] License verified successfully for expiry: 1A0A0F0A0C14
2026_07_30-13:13:44 [W] [manage-listenClient] 发送心跳
2026_07_30-13:13:49 [W] [manage-listenClient] 发送心跳
2026_07_30-13:13:54 [W] [manage-listenClient] 发送心跳
2026_07_30-13:13:59 [W] [manage-listenClient] 发送心跳
2026_07_30-13:14:04 [W] [manage-listenClient] 发送心跳
2026_07_30-13:14:09 [W] [manage-listenClient] 发送心跳
2026_07_30-13:14:14 [W] [manage-listenClient] 发送心跳
2026_07_30-13:14:19 [W] [manage-listenClient] 发送心跳
2026_07_30-13:14:24 [W] [manage-listenClient] 发送心跳
2026_07_30-13:14:29 [W] [manage-listenClient] 发送心跳
2026_07_30-13:14:34 [W] [manage-listenClient] 发送心跳
2026_07_30-13:14:39 [W] [manage-listenClient] 发送心跳
2026_07_30-13:14:44 [W] [manage-listenClient] 发送心跳
2026_07_30-13:14:49 [W] [manage-listenClient] 发送心跳
2026_07_30-13:14:54 [W] [manage-listenClient] 发送心跳
2026_07_30-13:14:59 [W] [manage-listenClient] 发送心跳
2026_07_30-13:15:04 [W] [manage-listenClient] 发送心跳
2026_07_30-13:15:09 [W] [manage-listenClient] 发送心跳
2026_07_30-13:15:14 [W] [manage-listenClient] 发送心跳
2026_07_30-13:15:19 [W] [manage-listenClient] 发送心跳
2026_07_30-13:15:24 [W] [manage-listenClient] 发送心跳
2026_07_30-13:15:29 [W] [manage-listenClient] 发送心跳
2026_07_30-13:15:34 [W] [manage-listenClient] 发送心跳
2026_07_30-13:15:39 [W] [manage-listenClient] 发送心跳
2026_07_30-13:15:44 [W] [manage-listenClient] 发送心跳
2026_07_30-13:15:49 [W] [manage-listenClient] 发送心跳
2026_07_30-13:15:54 [W] [manage-listenClient] 发送心跳
2026_07_30-13:15:59 [W] [manage-listenClient] 发送心跳
2026_07_30-13:16:04 [W] [manage-listenClient] 发送心跳
2026_07_30-13:16:09 [W] [manage-listenClient] 发送心跳
2026_07_30-13:16:14 [W] [manage-listenClient] 发送心跳
2026_07_30-13:16:19 [W] [manage-listenClient] 发送心跳
2026_07_30-13:16:24 [W] [manage-listenClient] 发送心跳
2026_07_30-13:16:29 [W] [manage-listenClient] 发送心跳
2026_07_30-13:16:34 [W] [manage-listenClient] 发送心跳
2026_07_30-13:16:39 [W] [manage-listenClient] 发送心跳
2026_07_30-13:16:44 [W] [manage-listenClient] 发送心跳
2026_07_30-13:16:49 [W] [manage-listenClient] 发送心跳
2026_07_30-13:16:54 [W] [manage-listenClient] 发送心跳
2026_07_30-13:16:59 [W] [manage-listenClient] 发送心跳
2026_07_30-13:17:04 [W] [manage-listenClient] 发送心跳
2026_07_30-13:17:09 [W] [manage-listenClient] 发送心跳
2026_07_30-13:17:14 [W] [manage-listenClient] 发送心跳
2026_07_30-13:17:19 [W] [manage-listenClient] 发送心跳
2026_07_30-13:17:24 [W] [manage-listenClient] 发送心跳
2026_07_30-13:17:29 [W] [manage-listenClient] 发送心跳
2026_07_30-13:17:34 [W] [manage-listenClient] 发送心跳
2026_07_30-13:17:39 [W] [manage-listenClient] 发送心跳
2026_07_30-13:17:44 [W] [manage-listenClient] 发送心跳
2026_07_30-13:17:49 [W] [manage-listenClient] 发送心跳
2026_07_30-13:17:54 [W] [manage-listenClient] 发送心跳
2026_07_30-13:17:59 [W] [manage-listenClient] 发送心跳
2026_07_30-13:18:04 [W] [manage-listenClient] 发送心跳
2026_07_30-13:18:09 [W] [manage-listenClient] 发送心跳
2026_07_30-13:18:14 [W] [manage-listenClient] 发送心跳
2026_07_30-13:18:19 [W] [manage-listenClient] 发送心跳
2026_07_30-13:18:24 [W] [manage-listenClient] 发送心跳
2026_07_30-13:18:29 [W] [manage-listenClient] 发送心跳
2026_07_30-13:18:34 [W] [manage-listenClient] 发送心跳
2026_07_30-13:18:39 [W] [manage-listenClient] 发送心跳
2026_07_30-13:18:44 [W] [manage-listenClient] 发送心跳
2026_07_30-13:18:49 [W] [manage-listenClient] 发送心跳
2026_07_30-13:18:54 [W] [manage-listenClient] 发送心跳
2026_07_30-13:18:59 [W] [manage-listenClient] 发送心跳
2026_07_30-13:19:04 [W] [manage-listenClient] 发送心跳
2026_07_30-13:19:09 [W] [manage-listenClient] 发送心跳
2026_07_30-13:19:14 [W] [manage-listenClient] 发送心跳
2026_07_30-13:19:19 [W] [manage-listenClient] 发送心跳
2026_07_30-13:19:24 [W] [manage-listenClient] 发送心跳
2026_07_30-13:19:29 [W] [manage-listenClient] 发送心跳
2026_07_30-13:19:34 [W] [manage-listenClient] 发送心跳
2026_07_30-13:19:39 [W] [manage-listenClient] 发送心跳
2026_07_30-13:19:44 [W] [manage-listenClient] 发送心跳
2026_07_30-13:19:49 [W] [manage-listenClient] 发送心跳
2026_07_30-13:19:54 [W] [manage-listenClient] 发送心跳
2026_07_30-13:19:59 [W] [manage-listenClient] 发送心跳
2026_07_30-13:20:04 [W] [manage-listenClient] 发送心跳
2026_07_30-13:20:09 [W] [manage-listenClient] 发送心跳
2026_07_30-13:20:14 [W] [manage-listenClient] 发送心跳
2026_07_30-13:20:19 [W] [manage-listenClient] 发送心跳
2026_07_30-13:20:24 [W] [manage-listenClient] 发送心跳
2026_07_30-13:20:29 [W] [manage-listenClient] 发送心跳
2026_07_30-13:20:34 [W] [manage-listenClient] 发送心跳
2026_07_30-13:20:39 [W] [manage-listenClient] 发送心跳
2026_07_30-13:20:44 [W] [manage-listenClient] 发送心跳
2026_07_30-13:20:49 [W] [manage-listenClient] 发送心跳
2026_07_30-13:20:54 [W] [manage-listenClient] 发送心跳
2026_07_30-13:20:59 [W] [manage-listenClient] 发送心跳
2026_07_30-13:21:04 [W] [manage-listenClient] 发送心跳
2026_07_30-13:21:09 [W] [manage-listenClient] 发送心跳
2026_07_30-13:21:14 [W] [manage-listenClient] 发送心跳
2026_07_30-13:21:19 [W] [manage-listenClient] 发送心跳
2026_07_30-13:21:24 [W] [manage-listenClient] 发送心跳
2026_07_30-13:21:29 [W] [manage-listenClient] 发送心跳
2026_07_30-13:21:34 [W] [manage-listenClient] 发送心跳
2026_07_30-13:21:39 [W] [manage-listenClient] 发送心跳
2026_07_30-13:21:44 [W] [manage-listenClient] 发送心跳
2026_07_30-13:21:49 [W] [manage-listenClient] 发送心跳
2026_07_30-13:21:54 [W] [manage-listenClient] 发送心跳
2026_07_30-13:21:59 [W] [manage-listenClient] 发送心跳
2026_07_30-13:22:04 [W] [manage-listenClient] 发送心跳
2026_07_30-13:22:09 [W] [manage-listenClient] 发送心跳
2026_07_30-13:22:14 [W] [manage-listenClient] 发送心跳
2026_07_30-13:22:19 [W] [manage-listenClient] 发送心跳
2026_07_30-13:22:24 [W] [manage-listenClient] 发送心跳
2026_07_30-13:22:29 [W] [manage-listenClient] 发送心跳
2026_07_30-13:22:34 [W] [manage-listenClient] 发送心跳
2026_07_30-13:22:39 [W] [manage-listenClient] 发送心跳
2026_07_30-13:22:44 [W] [manage-listenClient] 发送心跳
2026_07_30-13:22:49 [W] [manage-listenClient] 发送心跳
2026_07_30-13:22:54 [W] [manage-listenClient] 发送心跳
2026_07_30-13:22:59 [W] [manage-listenClient] 发送心跳
2026_07_30-13:23:04 [W] [manage-listenClient] 发送心跳
2026_07_30-13:23:09 [W] [manage-listenClient] 发送心跳
2026_07_30-13:23:14 [W] [manage-listenClient] 发送心跳
2026_07_30-13:23:19 [W] [manage-listenClient] 发送心跳
2026_07_30-13:23:24 [W] [manage-listenClient] 发送心跳
2026_07_30-13:23:29 [W] [manage-listenClient] 发送心跳
2026_07_30-13:23:34 [W] [manage-listenClient] 发送心跳
2026_07_30-13:23:39 [W] [manage-listenClient] 发送心跳
2026_07_30-13:23:41 [D] [client] disconnect from 192.168.10.1:8090
2026_07_30-13:23:41 [I] [client] socket close = 3
2026_07_30-13:23:41 [W] [manage-listenClient] 断联：开始释放资源
2026_07_30-13:23:41 [W] [manage-listenClient] ClientQue.front()->getClientID() = 14,CurClientID.load() = 13
2026_07_30-13:23:41 [I] [client] socket connect = 1 kConnecting = 0 kConnected = 1 kDisconnecting = 2 kDisconnected = 3
2026_07_30-13:23:41 [W] [manage-CreateClient] 需要创建client Index = 16
2026_07_30-13:23:41 [D] [<UNNAME>] Connection::kConnected
2026_07_30-13:23:41 [W] [analysis] RxFlg.store(1)---serial_number = 1695 check_sn = 1695
2026_07_30-13:23:41 [W] [analysis] cv通知下发---serial_number = 1695 check_sn = 1695
2026_07_30-13:23:41 [D] [manage-listenClient] 已经授权成功，重复验证授权码
2026_07_30-13:23:41 [D] [manage-listenClient] Random: bxMjTE..., VIN: HTWW312510A000123
2026_07_30-13:23:41 [I] [manage-listenClient] License verified successfully for VIN: HTWW312510A000123
2026_07_30-13:23:41 [D] [manage-listenClient] License valid until: 2026-10-15 10:12:20
2026_07_30-13:23:41 [I] [manage-listenClient] License verified successfully for expiry: 1A0A0F0A0C14
2026_07_30-13:23:44 [W] [manage-listenClient] 发送心跳
2026_07_30-13:23:49 [W] [manage-listenClient] 发送心跳
2026_07_30-13:23:54 [W] [manage-listenClient] 发送心跳
2026_07_30-13:23:59 [W] [manage-listenClient] 发送心跳
2026_07_30-13:24:04 [W] [manage-listenClient] 发送心跳
2026_07_30-13:24:09 [W] [manage-listenClient] 发送心跳
2026_07_30-13:24:14 [W] [manage-listenClient] 发送心跳
2026_07_30-13:24:19 [W] [manage-listenClient] 发送心跳
2026_07_30-13:24:24 [W] [manage-listenClient] 发送心跳
2026_07_30-13:24:29 [W] [manage-listenClient] 发送心跳
2026_07_30-13:24:34 [W] [manage-listenClient] 发送心跳
2026_07_30-13:24:39 [W] [manage-listenClient] 发送心跳
2026_07_30-13:24:44 [W] [manage-listenClient] 发送心跳
2026_07_30-13:24:49 [W] [manage-listenClient] 发送心跳
2026_07_30-13:24:54 [W] [manage-listenClient] 发送心跳
2026_07_30-13:24:59 [W] [manage-listenClient] 发送心跳
2026_07_30-13:25:04 [W] [manage-listenClient] 发送心跳
2026_07_30-13:25:09 [W] [manage-listenClient] 发送心跳
2026_07_30-13:25:14 [W] [manage-listenClient] 发送心跳
2026_07_30-13:25:19 [W] [manage-listenClient] 发送心跳
2026_07_30-13:25:24 [W] [manage-listenClient] 发送心跳
2026_07_30-13:25:30 [W] [manage-listenClient] 发送心跳
2026_07_30-13:25:35 [W] [manage-listenClient] 发送心跳
2026_07_30-13:25:40 [W] [manage-listenClient] 发送心跳
2026_07_30-13:25:45 [W] [manage-listenClient] 发送心跳
2026_07_30-13:25:50 [W] [manage-listenClient] 发送心跳
2026_07_30-13:25:55 [W] [manage-listenClient] 发送心跳
2026_07_30-13:26:00 [W] [manage-listenClient] 发送心跳
2026_07_30-13:26:05 [W] [manage-listenClient] 发送心跳
2026_07_30-13:26:10 [W] [manage-listenClient] 发送心跳
2026_07_30-13:26:15 [W] [manage-listenClient] 发送心跳
2026_07_30-13:26:20 [W] [manage-listenClient] 发送心跳
2026_07_30-13:26:25 [W] [manage-listenClient] 发送心跳
2026_07_30-13:26:30 [W] [manage-listenClient] 发送心跳
2026_07_30-13:26:35 [W] [manage-listenClient] 发送心跳
2026_07_30-13:26:40 [W] [manage-listenClient] 发送心跳
2026_07_30-13:26:45 [W] [manage-listenClient] 发送心跳
2026_07_30-13:26:50 [W] [manage-listenClient] 发送心跳
2026_07_30-13:26:55 [W] [manage-listenClient] 发送心跳
2026_07_30-13:27:00 [W] [manage-listenClient] 发送心跳
2026_07_30-13:27:05 [W] [manage-listenClient] 发送心跳
2026_07_30-13:27:10 [W] [manage-listenClient] 发送心跳
2026_07_30-13:27:15 [W] [manage-listenClient] 发送心跳
2026_07_30-13:27:20 [W] [manage-listenClient] 发送心跳
2026_07_30-13:27:25 [W] [manage-listenClient] 发送心跳
2026_07_30-13:27:30 [W] [manage-listenClient] 发送心跳
2026_07_30-13:27:35 [W] [manage-listenClient] 发送心跳
2026_07_30-13:27:40 [W] [manage-listenClient] 发送心跳
2026_07_30-13:27:45 [W] [manage-listenClient] 发送心跳
2026_07_30-13:27:50 [W] [manage-listenClient] 发送心跳
2026_07_30-13:27:55 [W] [manage-listenClient] 发送心跳
2026_07_30-13:28:00 [W] [manage-listenClient] 发送心跳
2026_07_30-13:28:05 [W] [manage-listenClient] 发送心跳
2026_07_30-13:28:10 [W] [manage-listenClient] 发送心跳
2026_07_30-13:28:15 [W] [manage-listenClient] 发送心跳
2026_07_30-13:28:20 [W] [manage-listenClient] 发送心跳
2026_07_30-13:28:25 [W] [manage-listenClient] 发送心跳
2026_07_30-13:28:30 [W] [manage-listenClient] 发送心跳
2026_07_30-13:28:35 [W] [manage-listenClient] 发送心跳
2026_07_30-13:28:40 [W] [manage-listenClient] 发送心跳
2026_07_30-13:28:45 [W] [manage-listenClient] 发送心跳
2026_07_30-13:28:50 [W] [manage-listenClient] 发送心跳
2026_07_30-13:28:55 [W] [manage-listenClient] 发送心跳
2026_07_30-13:29:00 [W] [manage-listenClient] 发送心跳
2026_07_30-13:29:05 [W] [manage-listenClient] 发送心跳
2026_07_30-13:29:10 [W] [manage-listenClient] 发送心跳
2026_07_30-13:29:15 [W] [manage-listenClient] 发送心跳
2026_07_30-13:29:20 [W] [manage-listenClient] 发送心跳
2026_07_30-13:29:25 [W] [manage-listenClient] 发送心跳
2026_07_30-13:29:30 [W] [manage-listenClient] 发送心跳
2026_07_30-13:29:35 [W] [manage-listenClient] 发送心跳
2026_07_30-13:29:40 [W] [manage-listenClient] 发送心跳
2026_07_30-13:29:45 [W] [manage-listenClient] 发送心跳
2026_07_30-13:29:50 [W] [manage-listenClient] 发送心跳
2026_07_30-13:29:55 [W] [manage-listenClient] 发送心跳
2026_07_30-13:30:00 [W] [manage-listenClient] 发送心跳
2026_07_30-13:30:05 [W] [manage-listenClient] 发送心跳
2026_07_30-13:30:10 [W] [manage-listenClient] 发送心跳
2026_07_30-13:30:15 [W] [manage-listenClient] 发送心跳
2026_07_30-13:30:20 [W] [manage-listenClient] 发送心跳
2026_07_30-13:30:25 [W] [manage-listenClient] 发送心跳
2026_07_30-13:30:30 [W] [manage-listenClient] 发送心跳
2026_07_30-13:30:35 [W] [manage-listenClient] 发送心跳
2026_07_30-13:30:40 [W] [manage-listenClient] 发送心跳
2026_07_30-13:30:45 [W] [manage-listenClient] 发送心跳
2026_07_30-13:30:50 [W] [manage-listenClient] 发送心跳
2026_07_30-13:30:55 [W] [manage-listenClient] 发送心跳
2026_07_30-13:31:00 [W] [manage-listenClient] 发送心跳
2026_07_30-13:31:05 [W] [manage-listenClient] 发送心跳
2026_07_30-13:31:10 [W] [manage-listenClient] 发送心跳
2026_07_30-13:31:15 [W] [manage-listenClient] 发送心跳
2026_07_30-13:31:20 [W] [manage-listenClient] 发送心跳
2026_07_30-13:31:25 [W] [manage-listenClient] 发送心跳
2026_07_30-13:31:30 [W] [manage-listenClient] 发送心跳
2026_07_30-13:31:35 [W] [manage-listenClient] 发送心跳
2026_07_30-13:31:40 [W] [manage-listenClient] 发送心跳
2026_07_30-13:31:45 [W] [manage-listenClient] 发送心跳
2026_07_30-13:31:50 [W] [manage-listenClient] 发送心跳
2026_07_30-13:31:55 [W] [manage-listenClient] 发送心跳
2026_07_30-13:32:00 [W] [manage-listenClient] 发送心跳
2026_07_30-13:32:05 [W] [manage-listenClient] 发送心跳
2026_07_30-13:32:10 [W] [manage-listenClient] 发送心跳
2026_07_30-13:32:15 [W] [manage-listenClient] 发送心跳
2026_07_30-13:32:20 [W] [manage-listenClient] 发送心跳
2026_07_30-13:32:25 [W] [manage-listenClient] 发送心跳
2026_07_30-13:32:30 [W] [manage-listenClient] 发送心跳
2026_07_30-13:32:35 [W] [manage-listenClient] 发送心跳
2026_07_30-13:32:40 [W] [manage-listenClient] 发送心跳
2026_07_30-13:32:45 [W] [manage-listenClient] 发送心跳
2026_07_30-13:32:50 [W] [manage-listenClient] 发送心跳
2026_07_30-13:32:55 [W] [manage-listenClient] 发送心跳
2026_07_30-13:33:00 [W] [manage-listenClient] 发送心跳
2026_07_30-13:33:05 [W] [manage-listenClient] 发送心跳
2026_07_30-13:33:10 [W] [manage-listenClient] 发送心跳
2026_07_30-13:33:15 [W] [manage-listenClient] 发送心跳
2026_07_30-13:33:20 [W] [manage-listenClient] 发送心跳
2026_07_30-13:33:25 [W] [manage-listenClient] 发送心跳
2026_07_30-13:33:30 [W] [manage-listenClient] 发送心跳
2026_07_30-13:33:35 [W] [manage-listenClient] 发送心跳
2026_07_30-13:33:40 [W] [manage-listenClient] 发送心跳
2026_07_30-13:33:41 [D] [client] disconnect from 192.168.10.1:8090
2026_07_30-13:33:41 [I] [client] socket close = 3
2026_07_30-13:33:41 [W] [manage-listenClient] 断联：开始释放资源
2026_07_30-13:33:41 [W] [manage-listenClient] ClientQue.front()->getClientID() = 15,CurClientID.load() = 14
2026_07_30-13:33:41 [I] [client] socket connect = 1 kConnecting = 0 kConnected = 1 kDisconnecting = 2 kDisconnected = 3
2026_07_30-13:33:41 [W] [manage-CreateClient] 需要创建client Index = 17
2026_07_30-13:33:41 [D] [<UNNAME>] Connection::kConnected
2026_07_30-13:33:42 [W] [analysis] RxFlg.store(1)---serial_number = 1816 check_sn = 1816
2026_07_30-13:33:42 [W] [analysis] cv通知下发---serial_number = 1816 check_sn = 1816
2026_07_30-13:33:42 [D] [manage-listenClient] 已经授权成功，重复验证授权码
2026_07_30-13:33:42 [D] [manage-listenClient] Random: bxMjTE..., VIN: HTWW312510A000123
2026_07_30-13:33:42 [I] [manage-listenClient] License verified successfully for VIN: HTWW312510A000123
2026_07_30-13:33:42 [D] [manage-listenClient] License valid until: 2026-10-15 10:12:20
2026_07_30-13:33:42 [I] [manage-listenClient] License verified successfully for expiry: 1A0A0F0A0C14
2026_07_30-13:33:45 [W] [manage-listenClient] 发送心跳
2026_07_30-13:33:50 [W] [manage-listenClient] 发送心跳
2026_07_30-13:33:55 [W] [manage-listenClient] 发送心跳
2026_07_30-13:34:00 [W] [manage-listenClient] 发送心跳
2026_07_30-13:34:05 [W] [manage-listenClient] 发送心跳
2026_07_30-13:34:10 [W] [manage-listenClient] 发送心跳
2026_07_30-13:34:15 [W] [manage-listenClient] 发送心跳
2026_07_30-13:34:20 [W] [manage-listenClient] 发送心跳
2026_07_30-13:34:25 [W] [manage-listenClient] 发送心跳
2026_07_30-13:34:30 [W] [manage-listenClient] 发送心跳
2026_07_30-13:34:35 [W] [manage-listenClient] 发送心跳
2026_07_30-13:34:40 [W] [manage-listenClient] 发送心跳
2026_07_30-13:34:45 [W] [manage-listenClient] 发送心跳
2026_07_30-13:34:50 [W] [manage-listenClient] 发送心跳
2026_07_30-13:34:55 [W] [manage-listenClient] 发送心跳
2026_07_30-13:35:00 [W] [manage-listenClient] 发送心跳
2026_07_30-13:35:05 [W] [manage-listenClient] 发送心跳
2026_07_30-13:35:10 [W] [manage-listenClient] 发送心跳
2026_07_30-13:35:15 [W] [manage-listenClient] 发送心跳
2026_07_30-13:35:20 [W] [manage-listenClient] 发送心跳
2026_07_30-13:35:25 [W] [manage-listenClient] 发送心跳
2026_07_30-13:35:30 [W] [manage-listenClient] 发送心跳
2026_07_30-13:35:35 [W] [manage-listenClient] 发送心跳
2026_07_30-13:35:40 [W] [manage-listenClient] 发送心跳
2026_07_30-13:35:45 [W] [manage-listenClient] 发送心跳
2026_07_30-13:35:50 [W] [manage-listenClient] 发送心跳
2026_07_30-13:35:55 [W] [manage-listenClient] 发送心跳
2026_07_30-13:36:00 [W] [manage-listenClient] 发送心跳
2026_07_30-13:36:05 [W] [manage-listenClient] 发送心跳
2026_07_30-13:36:10 [W] [manage-listenClient] 发送心跳
2026_07_30-13:36:15 [W] [manage-listenClient] 发送心跳
2026_07_30-13:36:20 [W] [manage-listenClient] 发送心跳
2026_07_30-13:36:25 [W] [manage-listenClient] 发送心跳
2026_07_30-13:36:30 [W] [manage-listenClient] 发送心跳
2026_07_30-13:36:35 [W] [manage-listenClient] 发送心跳
2026_07_30-13:36:40 [W] [manage-listenClient] 发送心跳
2026_07_30-13:36:45 [W] [manage-listenClient] 发送心跳
2026_07_30-13:36:50 [W] [manage-listenClient] 发送心跳
2026_07_30-13:36:55 [W] [manage-listenClient] 发送心跳
2026_07_30-13:37:00 [W] [manage-listenClient] 发送心跳
2026_07_30-13:37:05 [W] [manage-listenClient] 发送心跳
2026_07_30-13:37:10 [W] [manage-listenClient] 发送心跳
2026_07_30-13:37:15 [W] [manage-listenClient] 发送心跳
2026_07_30-13:37:20 [W] [manage-listenClient] 发送心跳
2026_07_30-13:37:25 [W] [manage-listenClient] 发送心跳
2026_07_30-13:37:30 [W] [manage-listenClient] 发送心跳
2026_07_30-13:37:35 [W] [manage-listenClient] 发送心跳
2026_07_30-13:37:40 [W] [manage-listenClient] 发送心跳
2026_07_30-13:37:45 [W] [manage-listenClient] 发送心跳
2026_07_30-13:37:50 [W] [manage-listenClient] 发送心跳
2026_07_30-13:37:55 [W] [manage-listenClient] 发送心跳
2026_07_30-13:38:00 [W] [manage-listenClient] 发送心跳
2026_07_30-13:38:05 [W] [manage-listenClient] 发送心跳
2026_07_30-13:38:10 [W] [manage-listenClient] 发送心跳
2026_07_30-13:38:15 [W] [manage-listenClient] 发送心跳
2026_07_30-13:38:20 [W] [manage-listenClient] 发送心跳
2026_07_30-13:38:25 [W] [manage-listenClient] 发送心跳
2026_07_30-13:38:30 [W] [manage-listenClient] 发送心跳
2026_07_30-13:38:35 [W] [manage-listenClient] 发送心跳
2026_07_30-13:38:40 [W] [manage-listenClient] 发送心跳
2026_07_30-13:38:45 [W] [manage-listenClient] 发送心跳
2026_07_30-13:38:50 [W] [manage-listenClient] 发送心跳
2026_07_30-13:38:55 [W] [manage-listenClient] 发送心跳
2026_07_30-13:39:00 [W] [manage-listenClient] 发送心跳
2026_07_30-13:39:05 [W] [manage-listenClient] 发送心跳
2026_07_30-13:39:10 [W] [manage-listenClient] 发送心跳
2026_07_30-13:39:15 [W] [manage-listenClient] 发送心跳
2026_07_30-13:39:20 [W] [manage-listenClient] 发送心跳
2026_07_30-13:39:25 [W] [manage-listenClient] 发送心跳
2026_07_30-13:39:30 [W] [manage-listenClient] 发送心跳
2026_07_30-13:39:35 [W] [manage-listenClient] 发送心跳
2026_07_30-13:39:40 [W] [manage-listenClient] 发送心跳
2026_07_30-13:39:45 [W] [manage-listenClient] 发送心跳
2026_07_30-13:39:50 [W] [manage-listenClient] 发送心跳
2026_07_30-13:39:55 [W] [manage-listenClient] 发送心跳
2026_07_30-13:40:00 [W] [manage-listenClient] 发送心跳
2026_07_30-13:40:05 [W] [manage-listenClient] 发送心跳
2026_07_30-13:40:10 [W] [manage-listenClient] 发送心跳
2026_07_30-13:40:15 [W] [manage-listenClient] 发送心跳
2026_07_30-13:40:20 [W] [manage-listenClient] 发送心跳
2026_07_30-13:40:25 [W] [manage-listenClient] 发送心跳
2026_07_30-13:40:30 [W] [manage-listenClient] 发送心跳
2026_07_30-13:40:35 [W] [manage-listenClient] 发送心跳
2026_07_30-13:40:40 [W] [manage-listenClient] 发送心跳
2026_07_30-13:40:45 [W] [manage-listenClient] 发送心跳
2026_07_30-13:40:50 [W] [manage-listenClient] 发送心跳
2026_07_30-13:40:55 [W] [manage-listenClient] 发送心跳
2026_07_30-13:41:00 [W] [manage-listenClient] 发送心跳
2026_07_30-13:41:05 [W] [manage-listenClient] 发送心跳
2026_07_30-13:41:10 [W] [manage-listenClient] 发送心跳
2026_07_30-13:41:15 [W] [manage-listenClient] 发送心跳
2026_07_30-13:41:20 [W] [manage-listenClient] 发送心跳
2026_07_30-13:41:25 [W] [manage-listenClient] 发送心跳
2026_07_30-13:41:30 [W] [manage-listenClient] 发送心跳
2026_07_30-13:41:35 [W] [manage-listenClient] 发送心跳
2026_07_30-13:41:40 [W] [manage-listenClient] 发送心跳
2026_07_30-13:41:45 [W] [manage-listenClient] 发送心跳
2026_07_30-13:41:50 [W] [manage-listenClient] 发送心跳
2026_07_30-13:41:55 [W] [manage-listenClient] 发送心跳
2026_07_30-13:42:00 [W] [manage-listenClient] 发送心跳
2026_07_30-13:42:05 [W] [manage-listenClient] 发送心跳
2026_07_30-13:42:10 [W] [manage-listenClient] 发送心跳
2026_07_30-13:42:15 [W] [manage-listenClient] 发送心跳
2026_07_30-13:42:20 [W] [manage-listenClient] 发送心跳
2026_07_30-13:42:25 [W] [manage-listenClient] 发送心跳
2026_07_30-13:42:30 [W] [manage-listenClient] 发送心跳
2026_07_30-13:42:35 [W] [manage-listenClient] 发送心跳
2026_07_30-13:42:40 [W] [manage-listenClient] 发送心跳
2026_07_30-13:42:45 [W] [manage-listenClient] 发送心跳
2026_07_30-13:42:50 [W] [manage-listenClient] 发送心跳
2026_07_30-13:42:55 [W] [manage-listenClient] 发送心跳
2026_07_30-13:43:00 [W] [manage-listenClient] 发送心跳
2026_07_30-13:43:05 [W] [manage-listenClient] 发送心跳
2026_07_30-13:43:10 [W] [manage-listenClient] 发送心跳
2026_07_30-13:43:15 [W] [manage-listenClient] 发送心跳
2026_07_30-13:43:20 [W] [manage-listenClient] 发送心跳
2026_07_30-13:43:25 [W] [manage-listenClient] 发送心跳
2026_07_30-13:43:30 [W] [manage-listenClient] 发送心跳
2026_07_30-13:43:35 [W] [manage-listenClient] 发送心跳
2026_07_30-13:43:40 [W] [manage-listenClient] 发送心跳
2026_07_30-13:43:41 [D] [client] disconnect from 192.168.10.1:8090
2026_07_30-13:43:41 [I] [client] socket close = 3
2026_07_30-13:43:41 [W] [manage-listenClient] 断联：开始释放资源
2026_07_30-13:43:41 [W] [manage-listenClient] ClientQue.front()->getClientID() = 16,CurClientID.load() = 15
2026_07_30-13:43:41 [I] [client] socket connect = 1 kConnecting = 0 kConnected = 1 kDisconnecting = 2 kDisconnected = 3
2026_07_30-13:43:42 [W] [manage-CreateClient] 需要创建client Index = 18
2026_07_30-13:43:42 [D] [<UNNAME>] Connection::kConnected
2026_07_30-13:43:42 [W] [analysis] RxFlg.store(1)---serial_number = 1937 check_sn = 1937
2026_07_30-13:43:42 [W] [analysis] cv通知下发---serial_number = 1937 check_sn = 1937
2026_07_30-13:43:42 [D] [manage-listenClient] 已经授权成功，重复验证授权码
2026_07_30-13:43:42 [D] [manage-listenClient] Random: bxMjTE..., VIN: HTWW312510A000123
2026_07_30-13:43:42 [I] [manage-listenClient] License verified successfully for VIN: HTWW312510A000123
2026_07_30-13:43:42 [D] [manage-listenClient] License valid until: 2026-10-15 10:12:20
2026_07_30-13:43:42 [I] [manage-listenClient] License verified successfully for expiry: 1A0A0F0A0C14
2026_07_30-13:43:45 [W] [manage-listenClient] 发送心跳
2026_07_30-13:43:50 [W] [manage-listenClient] 发送心跳
2026_07_30-13:43:55 [W] [manage-listenClient] 发送心跳
2026_07_30-13:44:00 [W] [manage-listenClient] 发送心跳
2026_07_30-13:44:05 [W] [manage-listenClient] 发送心跳
2026_07_30-13:44:10 [W] [manage-listenClient] 发送心跳
2026_07_30-13:44:15 [W] [manage-listenClient] 发送心跳
2026_07_30-13:44:20 [W] [manage-listenClient] 发送心跳
2026_07_30-13:44:25 [W] [manage-listenClient] 发送心跳
2026_07_30-13:44:30 [W] [manage-listenClient] 发送心跳
2026_07_30-13:44:35 [W] [manage-listenClient] 发送心跳
2026_07_30-13:44:40 [W] [manage-listenClient] 发送心跳
2026_07_30-13:44:45 [W] [manage-listenClient] 发送心跳
2026_07_30-13:44:50 [W] [manage-listenClient] 发送心跳
2026_07_30-13:44:55 [W] [manage-listenClient] 发送心跳
2026_07_30-13:45:00 [W] [manage-listenClient] 发送心跳
2026_07_30-13:45:05 [W] [manage-listenClient] 发送心跳
2026_07_30-13:45:10 [W] [manage-listenClient] 发送心跳
2026_07_30-13:45:15 [W] [manage-listenClient] 发送心跳
2026_07_30-13:45:20 [W] [manage-listenClient] 发送心跳
2026_07_30-13:45:25 [W] [manage-listenClient] 发送心跳
2026_07_30-13:45:31 [W] [manage-listenClient] 发送心跳
2026_07_30-13:45:36 [W] [manage-listenClient] 发送心跳
2026_07_30-13:45:41 [W] [manage-listenClient] 发送心跳
2026_07_30-13:45:46 [W] [manage-listenClient] 发送心跳
2026_07_30-13:45:51 [W] [manage-listenClient] 发送心跳
2026_07_30-13:45:56 [W] [manage-listenClient] 发送心跳
2026_07_30-13:46:01 [W] [manage-listenClient] 发送心跳
2026_07_30-13:46:06 [W] [manage-listenClient] 发送心跳
2026_07_30-13:46:11 [W] [manage-listenClient] 发送心跳
2026_07_30-13:46:16 [W] [manage-listenClient] 发送心跳
2026_07_30-13:46:21 [W] [manage-listenClient] 发送心跳
2026_07_30-13:46:26 [W] [manage-listenClient] 发送心跳
2026_07_30-13:46:31 [W] [manage-listenClient] 发送心跳
2026_07_30-13:46:36 [W] [manage-listenClient] 发送心跳
2026_07_30-13:46:41 [W] [manage-listenClient] 发送心跳
2026_07_30-13:46:46 [W] [manage-listenClient] 发送心跳
2026_07_30-13:46:51 [W] [manage-listenClient] 发送心跳
2026_07_30-13:46:56 [W] [manage-listenClient] 发送心跳
2026_07_30-13:47:01 [W] [manage-listenClient] 发送心跳
2026_07_30-13:47:06 [W] [manage-listenClient] 发送心跳
2026_07_30-13:47:11 [W] [manage-listenClient] 发送心跳
2026_07_30-13:47:16 [W] [manage-listenClient] 发送心跳
2026_07_30-13:47:21 [W] [manage-listenClient] 发送心跳
2026_07_30-13:47:26 [W] [manage-listenClient] 发送心跳
2026_07_30-13:47:31 [W] [manage-listenClient] 发送心跳
2026_07_30-13:47:36 [W] [manage-listenClient] 发送心跳
2026_07_30-13:47:41 [W] [manage-listenClient] 发送心跳
2026_07_30-13:47:46 [W] [manage-listenClient] 发送心跳
2026_07_30-13:47:51 [W] [manage-listenClient] 发送心跳
2026_07_30-13:47:56 [W] [manage-listenClient] 发送心跳
2026_07_30-13:48:01 [W] [manage-listenClient] 发送心跳
2026_07_30-13:48:06 [W] [manage-listenClient] 发送心跳
2026_07_30-13:48:11 [W] [manage-listenClient] 发送心跳
2026_07_30-13:48:16 [W] [manage-listenClient] 发送心跳
2026_07_30-13:48:21 [W] [manage-listenClient] 发送心跳
2026_07_30-13:48:26 [W] [manage-listenClient] 发送心跳
2026_07_30-13:48:31 [W] [manage-listenClient] 发送心跳
2026_07_30-13:48:36 [W] [manage-listenClient] 发送心跳
2026_07_30-13:48:41 [W] [manage-listenClient] 发送心跳
2026_07_30-13:48:46 [W] [manage-listenClient] 发送心跳
2026_07_30-13:48:51 [W] [manage-listenClient] 发送心跳
2026_07_30-13:48:56 [W] [manage-listenClient] 发送心跳
2026_07_30-13:49:01 [W] [manage-listenClient] 发送心跳
2026_07_30-13:49:06 [W] [manage-listenClient] 发送心跳
2026_07_30-13:49:11 [W] [manage-listenClient] 发送心跳
2026_07_30-13:49:16 [W] [manage-listenClient] 发送心跳
2026_07_30-13:49:21 [W] [manage-listenClient] 发送心跳
2026_07_30-13:49:26 [W] [manage-listenClient] 发送心跳
2026_07_30-13:49:31 [W] [manage-listenClient] 发送心跳
2026_07_30-13:49:36 [W] [manage-listenClient] 发送心跳
2026_07_30-13:49:41 [W] [manage-listenClient] 发送心跳
2026_07_30-13:49:46 [W] [manage-listenClient] 发送心跳
2026_07_30-13:49:51 [W] [manage-listenClient] 发送心跳
2026_07_30-13:49:56 [W] [manage-listenClient] 发送心跳
2026_07_30-13:50:01 [W] [manage-listenClient] 发送心跳
2026_07_30-13:50:06 [W] [manage-listenClient] 发送心跳
2026_07_30-13:50:11 [W] [manage-listenClient] 发送心跳
2026_07_30-13:50:16 [W] [manage-listenClient] 发送心跳
2026_07_30-13:50:21 [W] [manage-listenClient] 发送心跳
2026_07_30-13:50:26 [W] [manage-listenClient] 发送心跳
2026_07_30-13:50:31 [W] [manage-listenClient] 发送心跳
2026_07_30-13:50:36 [W] [manage-listenClient] 发送心跳
2026_07_30-13:50:41 [W] [manage-listenClient] 发送心跳
2026_07_30-13:50:46 [W] [manage-listenClient] 发送心跳
2026_07_30-13:50:51 [W] [manage-listenClient] 发送心跳
2026_07_30-13:50:56 [W] [manage-listenClient] 发送心跳
2026_07_30-13:51:01 [W] [manage-listenClient] 发送心跳
2026_07_30-13:51:06 [W] [manage-listenClient] 发送心跳
2026_07_30-13:51:11 [W] [manage-listenClient] 发送心跳
2026_07_30-13:51:16 [W] [manage-listenClient] 发送心跳
2026_07_30-13:51:21 [W] [manage-listenClient] 发送心跳
2026_07_30-13:51:26 [W] [manage-listenClient] 发送心跳
2026_07_30-13:51:31 [W] [manage-listenClient] 发送心跳
2026_07_30-13:51:36 [W] [manage-listenClient] 发送心跳
2026_07_30-13:51:41 [W] [manage-listenClient] 发送心跳
2026_07_30-13:51:46 [W] [manage-listenClient] 发送心跳
2026_07_30-13:51:51 [W] [manage-listenClient] 发送心跳
2026_07_30-13:51:56 [W] [manage-listenClient] 发送心跳
2026_07_30-13:52:01 [W] [manage-listenClient] 发送心跳
2026_07_30-13:52:06 [W] [manage-listenClient] 发送心跳
2026_07_30-13:52:11 [W] [manage-listenClient] 发送心跳
2026_07_30-13:52:16 [W] [manage-listenClient] 发送心跳
2026_07_30-13:52:21 [W] [manage-listenClient] 发送心跳
2026_07_30-13:52:26 [W] [manage-listenClient] 发送心跳
2026_07_30-13:52:31 [W] [manage-listenClient] 发送心跳
2026_07_30-13:52:36 [W] [manage-listenClient] 发送心跳
2026_07_30-13:52:41 [W] [manage-listenClient] 发送心跳
2026_07_30-13:52:46 [W] [manage-listenClient] 发送心跳
2026_07_30-13:52:51 [W] [manage-listenClient] 发送心跳
2026_07_30-13:52:56 [W] [manage-listenClient] 发送心跳
2026_07_30-13:53:01 [W] [manage-listenClient] 发送心跳
2026_07_30-13:53:06 [W] [manage-listenClient] 发送心跳
2026_07_30-13:53:11 [W] [manage-listenClient] 发送心跳
2026_07_30-13:53:16 [W] [manage-listenClient] 发送心跳
2026_07_30-13:53:21 [W] [manage-listenClient] 发送心跳
2026_07_30-13:53:26 [W] [manage-listenClient] 发送心跳
2026_07_30-13:53:31 [W] [manage-listenClient] 发送心跳
2026_07_30-13:53:36 [W] [manage-listenClient] 发送心跳
2026_07_30-13:53:41 [W] [manage-listenClient] 发送心跳
2026_07_30-13:53:42 [D] [client] disconnect from 192.168.10.1:8090
2026_07_30-13:53:42 [I] [client] socket close = 3
2026_07_30-13:53:42 [W] [manage-listenClient] 断联：开始释放资源
2026_07_30-13:53:42 [W] [manage-listenClient] ClientQue.front()->getClientID() = 17,CurClientID.load() = 16
2026_07_30-13:53:42 [I] [client] socket connect = 1 kConnecting = 0 kConnected = 1 kDisconnecting = 2 kDisconnected = 3
2026_07_30-13:53:42 [W] [manage-CreateClient] 需要创建client Index = 19
2026_07_30-13:53:42 [D] [<UNNAME>] Connection::kConnected
2026_07_30-13:53:42 [W] [analysis] RxFlg.store(1)---serial_number = 2058 check_sn = 2058
2026_07_30-13:53:42 [W] [analysis] cv通知下发---serial_number = 2058 check_sn = 2058
2026_07_30-13:53:42 [D] [manage-listenClient] 已经授权成功，重复验证授权码
2026_07_30-13:53:42 [D] [manage-listenClient] Random: bxMjTE..., VIN: HTWW312510A000123
2026_07_30-13:53:42 [I] [manage-listenClient] License verified successfully for VIN: HTWW312510A000123
2026_07_30-13:53:42 [D] [manage-listenClient] License valid until: 2026-10-15 10:12:20
2026_07_30-13:53:42 [I] [manage-listenClient] License verified successfully for expiry: 1A0A0F0A0C14
2026_07_30-13:53:46 [W] [manage-listenClient] 发送心跳
2026_07_30-13:53:51 [W] [manage-listenClient] 发送心跳
2026_07_30-13:53:56 [W] [manage-listenClient] 发送心跳
2026_07_30-13:54:01 [W] [manage-listenClient] 发送心跳
2026_07_30-13:54:06 [W] [manage-listenClient] 发送心跳
2026_07_30-13:54:11 [W] [manage-listenClient] 发送心跳
2026_07_30-13:54:16 [W] [manage-listenClient] 发送心跳
2026_07_30-13:54:21 [W] [manage-listenClient] 发送心跳
2026_07_30-13:54:26 [W] [manage-listenClient] 发送心跳
2026_07_30-13:54:31 [W] [manage-listenClient] 发送心跳
2026_07_30-13:54:36 [W] [manage-listenClient] 发送心跳
2026_07_30-13:54:41 [W] [manage-listenClient] 发送心跳
2026_07_30-13:54:46 [W] [manage-listenClient] 发送心跳
2026_07_30-13:54:51 [W] [manage-listenClient] 发送心跳
2026_07_30-13:54:56 [W] [manage-listenClient] 发送心跳
2026_07_30-13:55:01 [W] [manage-listenClient] 发送心跳
2026_07_30-13:55:06 [W] [manage-listenClient] 发送心跳
2026_07_30-13:55:11 [W] [manage-listenClient] 发送心跳
2026_07_30-13:55:16 [W] [manage-listenClient] 发送心跳
2026_07_30-13:55:21 [W] [manage-listenClient] 发送心跳
2026_07_30-13:55:26 [W] [manage-listenClient] 发送心跳
2026_07_30-13:55:31 [W] [manage-listenClient] 发送心跳
2026_07_30-13:55:36 [W] [manage-listenClient] 发送心跳
2026_07_30-13:55:41 [W] [manage-listenClient] 发送心跳
2026_07_30-13:55:46 [W] [manage-listenClient] 发送心跳
2026_07_30-13:55:51 [W] [manage-listenClient] 发送心跳
2026_07_30-13:55:56 [W] [manage-listenClient] 发送心跳
2026_07_30-13:56:01 [W] [manage-listenClient] 发送心跳
2026_07_30-13:56:06 [W] [manage-listenClient] 发送心跳
2026_07_30-13:56:11 [W] [manage-listenClient] 发送心跳
2026_07_30-13:56:16 [W] [manage-listenClient] 发送心跳
2026_07_30-13:56:21 [W] [manage-listenClient] 发送心跳
2026_07_30-13:56:26 [W] [manage-listenClient] 发送心跳
2026_07_30-13:56:31 [W] [manage-listenClient] 发送心跳
2026_07_30-13:56:36 [W] [manage-listenClient] 发送心跳
2026_07_30-13:56:41 [W] [manage-listenClient] 发送心跳
2026_07_30-13:56:46 [W] [manage-listenClient] 发送心跳
2026_07_30-13:56:51 [W] [manage-listenClient] 发送心跳
2026_07_30-13:56:56 [W] [manage-listenClient] 发送心跳
2026_07_30-13:57:01 [W] [manage-listenClient] 发送心跳
2026_07_30-13:57:06 [W] [manage-listenClient] 发送心跳
2026_07_30-13:57:11 [W] [manage-listenClient] 发送心跳
2026_07_30-13:57:16 [W] [manage-listenClient] 发送心跳
2026_07_30-13:57:21 [W] [manage-listenClient] 发送心跳
2026_07_30-13:57:26 [W] [manage-listenClient] 发送心跳
2026_07_30-13:57:31 [W] [manage-listenClient] 发送心跳
2026_07_30-13:57:36 [W] [manage-listenClient] 发送心跳
2026_07_30-13:57:41 [W] [manage-listenClient] 发送心跳
2026_07_30-13:57:46 [W] [manage-listenClient] 发送心跳
2026_07_30-13:57:51 [W] [manage-listenClient] 发送心跳
2026_07_30-13:57:56 [W] [manage-listenClient] 发送心跳
2026_07_30-13:58:01 [W] [manage-listenClient] 发送心跳
2026_07_30-13:58:06 [W] [manage-listenClient] 发送心跳
2026_07_30-13:58:11 [W] [manage-listenClient] 发送心跳
2026_07_30-13:58:16 [W] [manage-listenClient] 发送心跳
2026_07_30-13:58:21 [W] [manage-listenClient] 发送心跳
2026_07_30-13:58:26 [W] [manage-listenClient] 发送心跳
2026_07_30-13:58:31 [W] [manage-listenClient] 发送心跳
2026_07_30-13:58:36 [W] [manage-listenClient] 发送心跳
2026_07_30-13:58:41 [W] [manage-listenClient] 发送心跳
2026_07_30-13:58:46 [W] [manage-listenClient] 发送心跳
2026_07_30-13:58:51 [W] [manage-listenClient] 发送心跳
2026_07_30-13:58:56 [W] [manage-listenClient] 发送心跳
2026_07_30-13:59:01 [W] [manage-listenClient] 发送心跳
2026_07_30-13:59:06 [W] [manage-listenClient] 发送心跳
2026_07_30-13:59:11 [W] [manage-listenClient] 发送心跳
2026_07_30-13:59:16 [W] [manage-listenClient] 发送心跳
2026_07_30-13:59:21 [W] [manage-listenClient] 发送心跳
2026_07_30-13:59:26 [W] [manage-listenClient] 发送心跳
2026_07_30-13:59:31 [W] [manage-listenClient] 发送心跳
2026_07_30-13:59:36 [W] [manage-listenClient] 发送心跳
2026_07_30-13:59:41 [W] [manage-listenClient] 发送心跳
2026_07_30-13:59:46 [W] [manage-listenClient] 发送心跳
2026_07_30-13:59:51 [W] [manage-listenClient] 发送心跳
2026_07_30-13:59:56 [W] [manage-listenClient] 发送心跳
2026_07_30-14:00:01 [W] [manage-listenClient] 发送心跳
2026_07_30-14:00:06 [W] [manage-listenClient] 发送心跳
2026_07_30-14:00:11 [W] [manage-listenClient] 发送心跳
2026_07_30-14:00:16 [W] [manage-listenClient] 发送心跳
2026_07_30-14:00:21 [W] [manage-listenClient] 发送心跳
2026_07_30-14:00:26 [W] [manage-listenClient] 发送心跳
2026_07_30-14:00:31 [W] [manage-listenClient] 发送心跳
2026_07_30-14:00:36 [W] [manage-listenClient] 发送心跳
2026_07_30-14:00:41 [W] [manage-listenClient] 发送心跳
2026_07_30-14:00:46 [W] [manage-listenClient] 发送心跳
2026_07_30-14:00:51 [W] [manage-listenClient] 发送心跳
2026_07_30-14:00:56 [W] [manage-listenClient] 发送心跳
2026_07_30-14:01:01 [W] [manage-listenClient] 发送心跳
2026_07_30-14:01:06 [W] [manage-listenClient] 发送心跳
2026_07_30-14:01:11 [W] [manage-listenClient] 发送心跳
2026_07_30-14:01:16 [W] [manage-listenClient] 发送心跳
2026_07_30-14:01:21 [W] [manage-listenClient] 发送心跳
2026_07_30-14:01:26 [W] [manage-listenClient] 发送心跳
2026_07_30-14:01:31 [W] [manage-listenClient] 发送心跳
2026_07_30-14:01:36 [W] [manage-listenClient] 发送心跳
2026_07_30-14:01:41 [W] [manage-listenClient] 发送心跳
2026_07_30-14:01:46 [W] [manage-listenClient] 发送心跳
2026_07_30-14:01:51 [W] [manage-listenClient] 发送心跳
2026_07_30-14:01:56 [W] [manage-listenClient] 发送心跳
2026_07_30-14:02:01 [W] [manage-listenClient] 发送心跳
2026_07_30-14:02:06 [W] [manage-listenClient] 发送心跳
2026_07_30-14:02:11 [W] [manage-listenClient] 发送心跳
2026_07_30-14:02:16 [W] [manage-listenClient] 发送心跳
2026_07_30-14:02:21 [W] [manage-listenClient] 发送心跳
2026_07_30-14:02:26 [W] [manage-listenClient] 发送心跳
2026_07_30-14:02:31 [W] [manage-listenClient] 发送心跳
2026_07_30-14:02:36 [W] [manage-listenClient] 发送心跳
2026_07_30-14:02:41 [W] [manage-listenClient] 发送心跳
2026_07_30-14:02:46 [W] [manage-listenClient] 发送心跳
2026_07_30-14:02:51 [W] [manage-listenClient] 发送心跳
2026_07_30-14:02:56 [W] [manage-listenClient] 发送心跳
2026_07_30-14:03:01 [W] [manage-listenClient] 发送心跳
2026_07_30-14:03:06 [W] [manage-listenClient] 发送心跳
2026_07_30-14:03:11 [W] [manage-listenClient] 发送心跳
2026_07_30-14:03:16 [W] [manage-listenClient] 发送心跳
2026_07_30-14:03:21 [W] [manage-listenClient] 发送心跳
2026_07_30-14:03:26 [W] [manage-listenClient] 发送心跳
2026_07_30-14:03:31 [W] [manage-listenClient] 发送心跳
2026_07_30-14:03:36 [W] [manage-listenClient] 发送心跳
2026_07_30-14:03:41 [W] [manage-listenClient] 发送心跳
2026_07_30-14:03:42 [D] [client] disconnect from 192.168.10.1:8090
2026_07_30-14:03:42 [I] [client] socket close = 3
2026_07_30-14:03:42 [W] [manage-listenClient] 断联：开始释放资源
2026_07_30-14:03:42 [W] [manage-listenClient] ClientQue.front()->getClientID() = 18,CurClientID.load() = 17
2026_07_30-14:03:42 [I] [client] socket connect = 1 kConnecting = 0 kConnected = 1 kDisconnecting = 2 kDisconnected = 3
2026_07_30-14:03:42 [W] [manage-CreateClient] 需要创建client Index = 20
2026_07_30-14:03:42 [D] [<UNNAME>] Connection::kConnected
2026_07_30-14:03:42 [W] [analysis] RxFlg.store(1)---serial_number = 2179 check_sn = 2179
2026_07_30-14:03:42 [W] [analysis] cv通知下发---serial_number = 2179 check_sn = 2179
2026_07_30-14:03:42 [D] [manage-listenClient] 已经授权成功，重复验证授权码
2026_07_30-14:03:42 [D] [manage-listenClient] Random: bxMjTE..., VIN: HTWW312510A000123
2026_07_30-14:03:42 [I] [manage-listenClient] License verified successfully for VIN: HTWW312510A000123
2026_07_30-14:03:42 [D] [manage-listenClient] License valid until: 2026-10-15 10:12:20
2026_07_30-14:03:42 [I] [manage-listenClient] License verified successfully for expiry: 1A0A0F0A0C14
2026_07_30-14:03:47 [W] [manage-listenClient] 发送心跳
2026_07_30-14:03:52 [W] [manage-listenClient] 发送心跳
2026_07_30-14:03:57 [W] [manage-listenClient] 发送心跳
2026_07_30-14:04:02 [W] [manage-listenClient] 发送心跳
2026_07_30-14:04:07 [W] [manage-listenClient] 发送心跳
2026_07_30-14:04:12 [W] [manage-listenClient] 发送心跳
2026_07_30-14:04:17 [W] [manage-listenClient] 发送心跳
2026_07_30-14:04:22 [W] [manage-listenClient] 发送心跳
2026_07_30-14:04:27 [W] [manage-listenClient] 发送心跳
2026_07_30-14:04:32 [W] [manage-listenClient] 发送心跳
2026_07_30-14:04:37 [W] [manage-listenClient] 发送心跳
2026_07_30-14:04:42 [W] [manage-listenClient] 发送心跳
2026_07_30-14:04:47 [W] [manage-listenClient] 发送心跳
2026_07_30-14:04:52 [W] [manage-listenClient] 发送心跳
2026_07_30-14:04:57 [W] [manage-listenClient] 发送心跳
2026_07_30-14:05:02 [W] [manage-listenClient] 发送心跳
2026_07_30-14:05:07 [W] [manage-listenClient] 发送心跳
2026_07_30-14:05:12 [W] [manage-listenClient] 发送心跳
2026_07_30-14:05:17 [W] [manage-listenClient] 发送心跳
2026_07_30-14:05:22 [W] [manage-listenClient] 发送心跳
2026_07_30-14:05:27 [W] [manage-listenClient] 发送心跳
2026_07_30-14:05:32 [W] [manage-listenClient] 发送心跳
2026_07_30-14:05:37 [W] [manage-listenClient] 发送心跳
2026_07_30-14:05:42 [W] [manage-listenClient] 发送心跳
2026_07_30-14:05:47 [W] [manage-listenClient] 发送心跳
2026_07_30-14:05:52 [W] [manage-listenClient] 发送心跳
2026_07_30-14:05:57 [W] [manage-listenClient] 发送心跳
2026_07_30-14:06:02 [W] [manage-listenClient] 发送心跳
2026_07_30-14:06:07 [W] [manage-listenClient] 发送心跳
2026_07_30-14:06:12 [W] [manage-listenClient] 发送心跳
2026_07_30-14:06:17 [W] [manage-listenClient] 发送心跳
2026_07_30-14:06:22 [W] [manage-listenClient] 发送心跳
2026_07_30-14:06:27 [W] [manage-listenClient] 发送心跳
2026_07_30-14:06:32 [W] [manage-listenClient] 发送心跳
2026_07_30-14:06:37 [W] [manage-listenClient] 发送心跳
2026_07_30-14:06:42 [W] [manage-listenClient] 发送心跳
2026_07_30-14:06:47 [W] [manage-listenClient] 发送心跳
2026_07_30-14:06:52 [W] [manage-listenClient] 发送心跳
2026_07_30-14:06:57 [W] [manage-listenClient] 发送心跳
2026_07_30-14:07:02 [W] [manage-listenClient] 发送心跳
2026_07_30-14:07:07 [W] [manage-listenClient] 发送心跳
2026_07_30-14:07:12 [W] [manage-listenClient] 发送心跳
2026_07_30-14:07:17 [W] [manage-listenClient] 发送心跳
2026_07_30-14:07:22 [W] [manage-listenClient] 发送心跳
2026_07_30-14:07:27 [W] [manage-listenClient] 发送心跳
2026_07_30-14:07:32 [W] [manage-listenClient] 发送心跳
2026_07_30-14:07:37 [W] [manage-listenClient] 发送心跳
2026_07_30-14:07:42 [W] [manage-listenClient] 发送心跳
2026_07_30-14:07:47 [W] [manage-listenClient] 发送心跳
2026_07_30-14:07:52 [W] [manage-listenClient] 发送心跳
2026_07_30-14:07:57 [W] [manage-listenClient] 发送心跳
2026_07_30-14:08:02 [W] [manage-listenClient] 发送心跳
2026_07_30-14:08:07 [W] [manage-listenClient] 发送心跳
2026_07_30-14:08:12 [W] [manage-listenClient] 发送心跳
2026_07_30-14:08:17 [W] [manage-listenClient] 发送心跳
2026_07_30-14:08:22 [W] [manage-listenClient] 发送心跳
2026_07_30-14:08:27 [W] [manage-listenClient] 发送心跳
2026_07_30-14:08:32 [W] [manage-listenClient] 发送心跳
2026_07_30-14:08:37 [W] [manage-listenClient] 发送心跳
2026_07_30-14:08:42 [W] [manage-listenClient] 发送心跳
2026_07_30-14:08:47 [W] [manage-listenClient] 发送心跳
2026_07_30-14:08:52 [W] [manage-listenClient] 发送心跳
2026_07_30-14:08:57 [W] [manage-listenClient] 发送心跳
2026_07_30-14:09:02 [W] [manage-listenClient] 发送心跳
2026_07_30-14:09:07 [W] [manage-listenClient] 发送心跳
2026_07_30-14:09:12 [W] [manage-listenClient] 发送心跳
2026_07_30-14:09:17 [W] [manage-listenClient] 发送心跳
2026_07_30-14:09:22 [W] [manage-listenClient] 发送心跳
2026_07_30-14:09:27 [W] [manage-listenClient] 发送心跳
2026_07_30-14:09:32 [W] [manage-listenClient] 发送心跳
2026_07_30-14:09:37 [W] [manage-listenClient] 发送心跳
2026_07_30-14:09:42 [W] [manage-listenClient] 发送心跳
2026_07_30-14:09:47 [W] [manage-listenClient] 发送心跳
2026_07_30-14:09:52 [W] [manage-listenClient] 发送心跳
2026_07_30-14:09:57 [W] [manage-listenClient] 发送心跳
2026_07_30-14:10:02 [W] [manage-listenClient] 发送心跳
2026_07_30-14:10:07 [W] [manage-listenClient] 发送心跳
2026_07_30-14:10:12 [W] [manage-listenClient] 发送心跳
2026_07_30-14:10:17 [W] [manage-listenClient] 发送心跳
2026_07_30-14:10:22 [W] [manage-listenClient] 发送心跳
2026_07_30-14:10:27 [W] [manage-listenClient] 发送心跳
2026_07_30-14:10:32 [W] [manage-listenClient] 发送心跳
2026_07_30-14:10:37 [W] [manage-listenClient] 发送心跳
2026_07_30-14:10:42 [W] [manage-listenClient] 发送心跳
2026_07_30-14:10:47 [W] [manage-listenClient] 发送心跳
2026_07_30-14:10:52 [W] [manage-listenClient] 发送心跳
2026_07_30-14:10:57 [W] [manage-listenClient] 发送心跳
2026_07_30-14:11:02 [W] [manage-listenClient] 发送心跳
2026_07_30-14:11:07 [W] [manage-listenClient] 发送心跳
2026_07_30-14:11:12 [W] [manage-listenClient] 发送心跳
2026_07_30-14:11:17 [W] [manage-listenClient] 发送心跳
2026_07_30-14:11:22 [W] [manage-listenClient] 发送心跳
2026_07_30-14:11:27 [W] [manage-listenClient] 发送心跳
2026_07_30-14:11:32 [W] [manage-listenClient] 发送心跳
2026_07_30-14:11:37 [W] [manage-listenClient] 发送心跳
2026_07_30-14:11:42 [W] [manage-listenClient] 发送心跳
2026_07_30-14:11:47 [W] [manage-listenClient] 发送心跳
2026_07_30-14:11:52 [W] [manage-listenClient] 发送心跳
2026_07_30-14:11:57 [W] [manage-listenClient] 发送心跳
2026_07_30-14:12:02 [W] [manage-listenClient] 发送心跳
2026_07_30-14:12:07 [W] [manage-listenClient] 发送心跳
2026_07_30-14:12:12 [W] [manage-listenClient] 发送心跳
2026_07_30-14:12:17 [W] [manage-listenClient] 发送心跳
2026_07_30-14:12:22 [W] [manage-listenClient] 发送心跳
2026_07_30-14:12:27 [W] [manage-listenClient] 发送心跳
2026_07_30-14:12:32 [W] [manage-listenClient] 发送心跳
2026_07_30-14:12:37 [W] [manage-listenClient] 发送心跳
2026_07_30-14:12:42 [W] [manage-listenClient] 发送心跳
2026_07_30-14:12:47 [W] [manage-listenClient] 发送心跳
2026_07_30-14:12:52 [W] [manage-listenClient] 发送心跳
2026_07_30-14:12:57 [W] [manage-listenClient] 发送心跳
2026_07_30-14:13:02 [W] [manage-listenClient] 发送心跳
2026_07_30-14:13:07 [W] [manage-listenClient] 发送心跳
2026_07_30-14:13:12 [W] [manage-listenClient] 发送心跳
2026_07_30-14:13:17 [W] [manage-listenClient] 发送心跳
2026_07_30-14:13:22 [W] [manage-listenClient] 发送心跳
2026_07_30-14:13:27 [W] [manage-listenClient] 发送心跳
2026_07_30-14:13:32 [W] [manage-listenClient] 发送心跳
2026_07_30-14:13:37 [W] [manage-listenClient] 发送心跳
2026_07_30-14:13:42 [D] [client] disconnect from 192.168.10.1:8090
2026_07_30-14:13:42 [I] [client] socket close = 3
2026_07_30-14:13:42 [W] [manage-listenClient] 发送心跳
2026_07_30-14:13:42 [W] [manage-listenClient] 断联：开始释放资源
2026_07_30-14:13:42 [W] [manage-listenClient] ClientQue.front()->getClientID() = 19,CurClientID.load() = 18
2026_07_30-14:13:42 [I] [client] socket connect = 1 kConnecting = 0 kConnected = 1 kDisconnecting = 2 kDisconnected = 3
2026_07_30-14:13:42 [W] [manage-CreateClient] 需要创建client Index = 21
2026_07_30-14:13:42 [D] [<UNNAME>] Connection::kConnected
2026_07_30-14:13:43 [W] [analysis] RxFlg.store(1)---serial_number = 2300 check_sn = 2300
2026_07_30-14:13:43 [W] [analysis] cv通知下发---serial_number = 2300 check_sn = 2300
2026_07_30-14:13:43 [D] [manage-listenClient] 已经授权成功，重复验证授权码
2026_07_30-14:13:43 [D] [manage-listenClient] Random: bxMjTE..., VIN: HTWW312510A000123
2026_07_30-14:13:43 [I] [manage-listenClient] License verified successfully for VIN: HTWW312510A000123
2026_07_30-14:13:43 [D] [manage-listenClient] License valid until: 2026-10-15 10:12:20
2026_07_30-14:13:43 [I] [manage-listenClient] License verified successfully for expiry: 1A0A0F0A0C14
2026_07_30-14:13:47 [W] [manage-listenClient] 发送心跳
2026_07_30-14:13:52 [W] [manage-listenClient] 发送心跳
2026_07_30-14:13:57 [W] [manage-listenClient] 发送心跳
2026_07_30-14:14:02 [W] [manage-listenClient] 发送心跳
2026_07_30-14:14:07 [W] [manage-listenClient] 发送心跳
2026_07_30-14:14:12 [W] [manage-listenClient] 发送心跳
2026_07_30-14:14:17 [W] [manage-listenClient] 发送心跳
2026_07_30-14:14:22 [W] [manage-listenClient] 发送心跳
2026_07_30-14:14:27 [W] [manage-listenClient] 发送心跳
2026_07_30-14:14:32 [W] [manage-listenClient] 发送心跳
2026_07_30-14:14:37 [W] [manage-listenClient] 发送心跳
2026_07_30-14:14:42 [W] [manage-listenClient] 发送心跳
2026_07_30-14:14:47 [W] [manage-listenClient] 发送心跳
2026_07_30-14:14:52 [W] [manage-listenClient] 发送心跳
2026_07_30-14:14:57 [W] [manage-listenClient] 发送心跳
2026_07_30-14:15:02 [W] [manage-listenClient] 发送心跳
2026_07_30-14:15:07 [W] [manage-listenClient] 发送心跳
2026_07_30-14:15:12 [W] [manage-listenClient] 发送心跳
2026_07_30-14:15:17 [W] [manage-listenClient] 发送心跳
2026_07_30-14:15:22 [W] [manage-listenClient] 发送心跳
2026_07_30-14:15:27 [W] [manage-listenClient] 发送心跳
2026_07_30-14:15:32 [W] [manage-listenClient] 发送心跳
2026_07_30-14:15:37 [W] [manage-listenClient] 发送心跳
2026_07_30-14:15:42 [W] [manage-listenClient] 发送心跳
2026_07_30-14:15:47 [W] [manage-listenClient] 发送心跳
2026_07_30-14:15:52 [W] [manage-listenClient] 发送心跳
2026_07_30-14:15:57 [W] [manage-listenClient] 发送心跳
2026_07_30-14:16:02 [W] [manage-listenClient] 发送心跳
2026_07_30-14:16:07 [W] [manage-listenClient] 发送心跳
2026_07_30-14:16:12 [W] [manage-listenClient] 发送心跳
2026_07_30-14:16:17 [W] [manage-listenClient] 发送心跳
2026_07_30-14:16:22 [W] [manage-listenClient] 发送心跳
2026_07_30-14:16:27 [W] [manage-listenClient] 发送心跳
2026_07_30-14:16:32 [W] [manage-listenClient] 发送心跳
2026_07_30-14:16:37 [W] [manage-listenClient] 发送心跳
2026_07_30-14:16:42 [W] [manage-listenClient] 发送心跳
2026_07_30-14:16:47 [W] [manage-listenClient] 发送心跳
2026_07_30-14:16:52 [W] [manage-listenClient] 发送心跳
2026_07_30-14:16:57 [W] [manage-listenClient] 发送心跳
2026_07_30-14:17:02 [W] [manage-listenClient] 发送心跳
2026_07_30-14:17:07 [W] [manage-listenClient] 发送心跳
2026_07_30-14:17:12 [W] [manage-listenClient] 发送心跳
2026_07_30-14:17:17 [W] [manage-listenClient] 发送心跳
2026_07_30-14:17:22 [W] [manage-listenClient] 发送心跳
2026_07_30-14:17:27 [W] [manage-listenClient] 发送心跳
2026_07_30-14:17:32 [W] [manage-listenClient] 发送心跳
2026_07_30-14:17:37 [W] [manage-listenClient] 发送心跳
2026_07_30-14:17:42 [W] [manage-listenClient] 发送心跳
2026_07_30-14:17:47 [W] [manage-listenClient] 发送心跳
2026_07_30-14:17:52 [W] [manage-listenClient] 发送心跳
2026_07_30-14:17:57 [W] [manage-listenClient] 发送心跳
2026_07_30-14:18:02 [W] [manage-listenClient] 发送心跳
2026_07_30-14:18:07 [W] [manage-listenClient] 发送心跳
2026_07_30-14:18:12 [W] [manage-listenClient] 发送心跳
2026_07_30-14:18:17 [W] [manage-listenClient] 发送心跳
2026_07_30-14:18:22 [W] [manage-listenClient] 发送心跳
2026_07_30-14:18:27 [W] [manage-listenClient] 发送心跳
2026_07_30-14:18:32 [W] [manage-listenClient] 发送心跳
2026_07_30-14:18:37 [W] [manage-listenClient] 发送心跳
2026_07_30-14:18:43 [W] [manage-listenClient] 发送心跳
2026_07_30-14:18:48 [W] [manage-listenClient] 发送心跳
2026_07_30-14:18:53 [W] [manage-listenClient] 发送心跳
2026_07_30-14:18:58 [W] [manage-listenClient] 发送心跳
2026_07_30-14:19:03 [W] [manage-listenClient] 发送心跳
2026_07_30-14:19:08 [W] [manage-listenClient] 发送心跳
2026_07_30-14:19:13 [W] [manage-listenClient] 发送心跳
2026_07_30-14:19:18 [W] [manage-listenClient] 发送心跳
2026_07_30-14:19:23 [W] [manage-listenClient] 发送心跳
2026_07_30-14:19:28 [W] [manage-listenClient] 发送心跳
2026_07_30-14:19:33 [W] [manage-listenClient] 发送心跳
2026_07_30-14:19:38 [W] [manage-listenClient] 发送心跳
2026_07_30-14:19:43 [W] [manage-listenClient] 发送心跳
2026_07_30-14:19:48 [W] [manage-listenClient] 发送心跳
2026_07_30-14:19:53 [W] [manage-listenClient] 发送心跳
2026_07_30-14:19:58 [W] [manage-listenClient] 发送心跳
2026_07_30-14:20:03 [W] [manage-listenClient] 发送心跳
2026_07_30-14:20:08 [W] [manage-listenClient] 发送心跳
2026_07_30-14:20:13 [W] [manage-listenClient] 发送心跳
2026_07_30-14:20:18 [W] [manage-listenClient] 发送心跳
2026_07_30-14:20:23 [W] [manage-listenClient] 发送心跳
2026_07_30-14:20:28 [W] [manage-listenClient] 发送心跳
2026_07_30-14:20:33 [W] [manage-listenClient] 发送心跳
2026_07_30-14:20:38 [W] [manage-listenClient] 发送心跳
2026_07_30-14:20:43 [W] [manage-listenClient] 发送心跳
2026_07_30-14:20:48 [W] [manage-listenClient] 发送心跳
2026_07_30-14:20:53 [W] [manage-listenClient] 发送心跳
2026_07_30-14:20:58 [W] [manage-listenClient] 发送心跳
2026_07_30-14:21:03 [W] [manage-listenClient] 发送心跳
2026_07_30-14:21:08 [W] [manage-listenClient] 发送心跳
2026_07_30-14:21:13 [W] [manage-listenClient] 发送心跳
2026_07_30-14:21:18 [W] [manage-listenClient] 发送心跳
2026_07_30-14:21:23 [W] [manage-listenClient] 发送心跳
2026_07_30-14:21:28 [W] [manage-listenClient] 发送心跳
2026_07_30-14:21:33 [W] [manage-listenClient] 发送心跳
2026_07_30-14:21:38 [W] [manage-listenClient] 发送心跳
2026_07_30-14:21:43 [W] [manage-listenClient] 发送心跳
2026_07_30-14:21:48 [W] [manage-listenClient] 发送心跳
2026_07_30-14:21:53 [W] [manage-listenClient] 发送心跳
2026_07_30-14:21:58 [W] [manage-listenClient] 发送心跳
2026_07_30-14:22:03 [W] [manage-listenClient] 发送心跳
2026_07_30-14:22:08 [W] [manage-listenClient] 发送心跳
2026_07_30-14:22:13 [W] [manage-listenClient] 发送心跳
2026_07_30-14:22:18 [W] [manage-listenClient] 发送心跳
2026_07_30-14:22:23 [W] [manage-listenClient] 发送心跳
2026_07_30-14:22:28 [W] [manage-listenClient] 发送心跳
2026_07_30-14:22:33 [W] [manage-listenClient] 发送心跳
2026_07_30-14:22:38 [W] [manage-listenClient] 发送心跳
2026_07_30-14:22:43 [W] [manage-listenClient] 发送心跳
2026_07_30-14:22:48 [W] [manage-listenClient] 发送心跳
2026_07_30-14:22:53 [W] [manage-listenClient] 发送心跳
2026_07_30-14:22:58 [W] [manage-listenClient] 发送心跳
2026_07_30-14:23:03 [W] [manage-listenClient] 发送心跳
2026_07_30-14:23:08 [W] [manage-listenClient] 发送心跳
2026_07_30-14:23:13 [W] [manage-listenClient] 发送心跳
2026_07_30-14:23:18 [W] [manage-listenClient] 发送心跳
2026_07_30-14:23:23 [W] [manage-listenClient] 发送心跳
2026_07_30-14:23:28 [W] [manage-listenClient] 发送心跳
2026_07_30-14:23:33 [W] [manage-listenClient] 发送心跳
2026_07_30-14:23:38 [W] [manage-listenClient] 发送心跳
2026_07_30-14:23:42 [D] [client] disconnect from 192.168.10.1:8090
2026_07_30-14:23:42 [I] [client] socket close = 3
2026_07_30-14:23:42 [W] [manage-listenClient] 断联：开始释放资源
2026_07_30-14:23:42 [W] [manage-listenClient] ClientQue.front()->getClientID() = 20,CurClientID.load() = 19
2026_07_30-14:23:42 [I] [client] socket connect = 1 kConnecting = 0 kConnected = 1 kDisconnecting = 2 kDisconnected = 3
2026_07_30-14:23:42 [W] [manage-CreateClient] 需要创建client Index = 22
2026_07_30-14:23:43 [D] [<UNNAME>] Connection::kConnected
2026_07_30-14:23:43 [W] [analysis] RxFlg.store(1)---serial_number = 2420 check_sn = 2420
2026_07_30-14:23:43 [W] [analysis] cv通知下发---serial_number = 2420 check_sn = 2420
2026_07_30-14:23:43 [W] [manage-listenClient] 发送心跳
2026_07_30-14:23:43 [D] [manage-listenClient] 已经授权成功，重复验证授权码
2026_07_30-14:23:43 [D] [manage-listenClient] Random: bxMjTE..., VIN: HTWW312510A000123
2026_07_30-14:23:43 [I] [manage-listenClient] License verified successfully for VIN: HTWW312510A000123
2026_07_30-14:23:43 [D] [manage-listenClient] License valid until: 2026-10-15 10:12:20
2026_07_30-14:23:43 [I] [manage-listenClient] License verified successfully for expiry: 1A0A0F0A0C14
2026_07_30-14:23:48 [W] [manage-listenClient] 发送心跳
2026_07_30-14:23:53 [W] [manage-listenClient] 发送心跳
2026_07_30-14:23:58 [W] [manage-listenClient] 发送心跳
2026_07_30-14:24:03 [W] [manage-listenClient] 发送心跳
2026_07_30-14:24:08 [W] [manage-listenClient] 发送心跳
2026_07_30-14:24:13 [W] [manage-listenClient] 发送心跳
2026_07_30-14:24:18 [W] [manage-listenClient] 发送心跳
2026_07_30-14:24:23 [W] [manage-listenClient] 发送心跳
2026_07_30-14:24:28 [W] [manage-listenClient] 发送心跳
2026_07_30-14:24:33 [W] [manage-listenClient] 发送心跳
2026_07_30-14:24:38 [W] [manage-listenClient] 发送心跳
2026_07_30-14:24:43 [W] [manage-listenClient] 发送心跳
2026_07_30-14:24:48 [W] [manage-listenClient] 发送心跳
2026_07_30-14:24:53 [W] [manage-listenClient] 发送心跳
2026_07_30-14:24:58 [W] [manage-listenClient] 发送心跳
2026_07_30-14:25:03 [W] [manage-listenClient] 发送心跳
2026_07_30-14:25:08 [W] [manage-listenClient] 发送心跳
2026_07_30-14:25:13 [W] [manage-listenClient] 发送心跳
2026_07_30-14:25:18 [W] [manage-listenClient] 发送心跳
2026_07_30-14:25:23 [W] [manage-listenClient] 发送心跳
2026_07_30-14:25:28 [W] [manage-listenClient] 发送心跳
2026_07_30-14:25:33 [W] [manage-listenClient] 发送心跳
2026_07_30-14:25:38 [W] [manage-listenClient] 发送心跳
2026_07_30-14:25:43 [W] [manage-listenClient] 发送心跳
2026_07_30-14:25:48 [W] [manage-listenClient] 发送心跳
2026_07_30-14:25:53 [W] [manage-listenClient] 发送心跳
2026_07_30-14:25:58 [W] [manage-listenClient] 发送心跳
2026_07_30-14:26:03 [W] [manage-listenClient] 发送心跳
2026_07_30-14:26:08 [W] [manage-listenClient] 发送心跳
2026_07_30-14:26:13 [W] [manage-listenClient] 发送心跳
2026_07_30-14:26:18 [W] [manage-listenClient] 发送心跳
2026_07_30-14:26:23 [W] [manage-listenClient] 发送心跳
2026_07_30-14:26:28 [W] [manage-listenClient] 发送心跳
2026_07_30-14:26:33 [W] [manage-listenClient] 发送心跳
2026_07_30-14:26:38 [W] [manage-listenClient] 发送心跳
2026_07_30-14:26:43 [W] [manage-listenClient] 发送心跳
2026_07_30-14:26:48 [W] [manage-listenClient] 发送心跳
2026_07_30-14:26:53 [W] [manage-listenClient] 发送心跳
2026_07_30-14:26:58 [W] [manage-listenClient] 发送心跳
2026_07_30-14:27:03 [W] [manage-listenClient] 发送心跳
2026_07_30-14:27:08 [W] [manage-listenClient] 发送心跳
2026_07_30-14:27:13 [W] [manage-listenClient] 发送心跳
2026_07_30-14:27:18 [W] [manage-listenClient] 发送心跳
2026_07_30-14:27:23 [W] [manage-listenClient] 发送心跳
2026_07_30-14:27:28 [W] [manage-listenClient] 发送心跳
2026_07_30-14:27:33 [W] [manage-listenClient] 发送心跳
2026_07_30-14:27:38 [W] [manage-listenClient] 发送心跳
2026_07_30-14:27:43 [W] [manage-listenClient] 发送心跳
2026_07_30-14:27:48 [W] [manage-listenClient] 发送心跳
2026_07_30-14:27:53 [W] [manage-listenClient] 发送心跳
2026_07_30-14:27:58 [W] [manage-listenClient] 发送心跳
2026_07_30-14:28:03 [W] [manage-listenClient] 发送心跳
2026_07_30-14:28:08 [W] [manage-listenClient] 发送心跳
2026_07_30-14:28:13 [W] [manage-listenClient] 发送心跳
2026_07_30-14:28:18 [W] [manage-listenClient] 发送心跳
2026_07_30-14:28:23 [W] [manage-listenClient] 发送心跳
2026_07_30-14:28:28 [W] [manage-listenClient] 发送心跳
2026_07_30-14:28:33 [W] [manage-listenClient] 发送心跳
2026_07_30-14:28:38 [W] [manage-listenClient] 发送心跳
2026_07_30-14:28:43 [W] [manage-listenClient] 发送心跳
2026_07_30-14:28:48 [W] [manage-listenClient] 发送心跳
2026_07_30-14:28:53 [W] [manage-listenClient] 发送心跳
2026_07_30-14:28:58 [W] [manage-listenClient] 发送心跳
2026_07_30-14:29:03 [W] [manage-listenClient] 发送心跳
2026_07_30-14:29:08 [W] [manage-listenClient] 发送心跳
2026_07_30-14:29:13 [W] [manage-listenClient] 发送心跳
2026_07_30-14:29:18 [W] [manage-listenClient] 发送心跳
2026_07_30-14:29:23 [W] [manage-listenClient] 发送心跳
2026_07_30-14:29:28 [W] [manage-listenClient] 发送心跳
2026_07_30-14:29:33 [W] [manage-listenClient] 发送心跳
2026_07_30-14:29:38 [W] [manage-listenClient] 发送心跳
2026_07_30-14:29:43 [W] [manage-listenClient] 发送心跳
2026_07_30-14:29:48 [W] [manage-listenClient] 发送心跳
2026_07_30-14:29:53 [W] [manage-listenClient] 发送心跳
2026_07_30-14:29:58 [W] [manage-listenClient] 发送心跳
2026_07_30-14:30:03 [W] [manage-listenClient] 发送心跳
2026_07_30-14:30:08 [W] [manage-listenClient] 发送心跳
2026_07_30-14:30:13 [W] [manage-listenClient] 发送心跳
2026_07_30-14:30:18 [W] [manage-listenClient] 发送心跳
2026_07_30-14:30:23 [W] [manage-listenClient] 发送心跳
2026_07_30-14:30:28 [W] [manage-listenClient] 发送心跳
2026_07_30-14:30:33 [W] [manage-listenClient] 发送心跳
2026_07_30-14:30:38 [W] [manage-listenClient] 发送心跳
2026_07_30-14:30:43 [W] [manage-listenClient] 发送心跳
2026_07_30-14:30:48 [W] [manage-listenClient] 发送心跳
2026_07_30-14:30:53 [W] [manage-listenClient] 发送心跳
2026_07_30-14:30:58 [W] [manage-listenClient] 发送心跳
2026_07_30-14:31:03 [W] [manage-listenClient] 发送心跳
2026_07_30-14:31:08 [W] [manage-listenClient] 发送心跳
2026_07_30-14:31:13 [W] [manage-listenClient] 发送心跳
2026_07_30-14:31:18 [W] [manage-listenClient] 发送心跳
2026_07_30-14:31:23 [W] [manage-listenClient] 发送心跳
2026_07_30-14:31:28 [W] [manage-listenClient] 发送心跳
2026_07_30-14:31:33 [W] [manage-listenClient] 发送心跳
2026_07_30-14:31:38 [W] [manage-listenClient] 发送心跳
2026_07_30-14:31:43 [W] [manage-listenClient] 发送心跳
2026_07_30-14:31:48 [W] [manage-listenClient] 发送心跳
2026_07_30-14:31:53 [W] [manage-listenClient] 发送心跳
2026_07_30-14:31:58 [W] [manage-listenClient] 发送心跳
2026_07_30-14:32:03 [W] [manage-listenClient] 发送心跳
2026_07_30-14:32:08 [W] [manage-listenClient] 发送心跳
2026_07_30-14:32:13 [W] [manage-listenClient] 发送心跳
2026_07_30-14:32:18 [W] [manage-listenClient] 发送心跳
2026_07_30-14:32:23 [W] [manage-listenClient] 发送心跳
2026_07_30-14:32:28 [W] [manage-listenClient] 发送心跳
2026_07_30-14:32:33 [W] [manage-listenClient] 发送心跳
2026_07_30-14:32:38 [W] [manage-listenClient] 发送心跳
2026_07_30-14:32:43 [W] [manage-listenClient] 发送心跳
2026_07_30-14:32:48 [W] [manage-listenClient] 发送心跳
2026_07_30-14:32:53 [W] [manage-listenClient] 发送心跳
2026_07_30-14:32:58 [W] [manage-listenClient] 发送心跳
2026_07_30-14:33:03 [W] [manage-listenClient] 发送心跳
2026_07_30-14:33:08 [W] [manage-listenClient] 发送心跳
2026_07_30-14:33:13 [W] [manage-listenClient] 发送心跳
2026_07_30-14:33:18 [W] [manage-listenClient] 发送心跳
2026_07_30-14:33:23 [W] [manage-listenClient] 发送心跳
2026_07_30-14:33:28 [W] [manage-listenClient] 发送心跳
2026_07_30-14:33:33 [W] [manage-listenClient] 发送心跳
2026_07_30-14:33:38 [W] [manage-listenClient] 发送心跳
2026_07_30-14:33:43 [D] [client] disconnect from 192.168.10.1:8090
2026_07_30-14:33:43 [I] [client] socket close = 3
2026_07_30-14:33:43 [W] [manage-listenClient] 断联：开始释放资源
2026_07_30-14:33:43 [W] [manage-listenClient] ClientQue.front()->getClientID() = 21,CurClientID.load() = 20
2026_07_30-14:33:43 [I] [client] socket connect = 1 kConnecting = 0 kConnected = 1 kDisconnecting = 2 kDisconnected = 3
2026_07_30-14:33:43 [W] [manage-CreateClient] 需要创建client Index = 23
2026_07_30-14:33:43 [D] [<UNNAME>] Connection::kConnected
2026_07_30-14:33:43 [W] [analysis] RxFlg.store(1)---serial_number = 2541 check_sn = 2541
2026_07_30-14:33:43 [W] [analysis] cv通知下发---serial_number = 2541 check_sn = 2541
2026_07_30-14:33:43 [D] [manage-listenClient] 已经授权成功，重复验证授权码
2026_07_30-14:33:43 [D] [manage-listenClient] Random: bxMjTE..., VIN: HTWW312510A000123
2026_07_30-14:33:43 [I] [manage-listenClient] License verified successfully for VIN: HTWW312510A000123
2026_07_30-14:33:43 [D] [manage-listenClient] License valid until: 2026-10-15 10:12:20
2026_07_30-14:33:43 [I] [manage-listenClient] License verified successfully for expiry: 1A0A0F0A0C14
2026_07_30-14:33:43 [W] [manage-listenClient] 发送心跳
2026_07_30-14:33:48 [W] [manage-listenClient] 发送心跳
2026_07_30-14:33:53 [W] [manage-listenClient] 发送心跳
2026_07_30-14:33:58 [W] [manage-listenClient] 发送心跳
2026_07_30-14:34:03 [W] [manage-listenClient] 发送心跳
2026_07_30-14:34:08 [W] [manage-listenClient] 发送心跳
2026_07_30-14:34:13 [W] [manage-listenClient] 发送心跳
2026_07_30-14:34:18 [W] [manage-listenClient] 发送心跳
2026_07_30-14:34:23 [W] [manage-listenClient] 发送心跳
2026_07_30-14:34:28 [W] [manage-listenClient] 发送心跳
2026_07_30-14:34:33 [W] [manage-listenClient] 发送心跳
2026_07_30-14:34:38 [W] [manage-listenClient] 发送心跳
2026_07_30-14:34:43 [W] [manage-listenClient] 发送心跳
2026_07_30-14:34:48 [W] [manage-listenClient] 发送心跳
2026_07_30-14:34:53 [W] [manage-listenClient] 发送心跳
2026_07_30-14:34:58 [W] [manage-listenClient] 发送心跳
2026_07_30-14:35:03 [W] [manage-listenClient] 发送心跳
2026_07_30-14:35:08 [W] [manage-listenClient] 发送心跳
2026_07_30-14:35:13 [W] [manage-listenClient] 发送心跳
2026_07_30-14:35:18 [W] [manage-listenClient] 发送心跳
2026_07_30-14:35:23 [W] [manage-listenClient] 发送心跳
2026_07_30-14:35:28 [W] [manage-listenClient] 发送心跳
2026_07_30-14:35:33 [W] [manage-listenClient] 发送心跳
2026_07_30-14:35:38 [W] [manage-listenClient] 发送心跳
2026_07_30-14:35:43 [W] [manage-listenClient] 发送心跳
2026_07_30-14:35:49 [W] [manage-listenClient] 发送心跳
2026_07_30-14:35:54 [W] [manage-listenClient] 发送心跳
2026_07_30-14:35:59 [W] [manage-listenClient] 发送心跳
2026_07_30-14:36:04 [W] [manage-listenClient] 发送心跳
2026_07_30-14:36:09 [W] [manage-listenClient] 发送心跳
2026_07_30-14:36:14 [W] [manage-listenClient] 发送心跳
2026_07_30-14:36:19 [W] [manage-listenClient] 发送心跳
2026_07_30-14:36:24 [W] [manage-listenClient] 发送心跳
2026_07_30-14:36:29 [W] [manage-listenClient] 发送心跳
2026_07_30-14:36:34 [W] [manage-listenClient] 发送心跳
2026_07_30-14:36:39 [W] [manage-listenClient] 发送心跳
2026_07_30-14:36:44 [W] [manage-listenClient] 发送心跳
2026_07_30-14:36:49 [W] [manage-listenClient] 发送心跳
2026_07_30-14:36:54 [W] [manage-listenClient] 发送心跳
2026_07_30-14:36:59 [W] [manage-listenClient] 发送心跳
2026_07_30-14:37:04 [W] [manage-listenClient] 发送心跳
2026_07_30-14:37:09 [W] [manage-listenClient] 发送心跳
2026_07_30-14:37:14 [W] [manage-listenClient] 发送心跳
2026_07_30-14:37:19 [W] [manage-listenClient] 发送心跳
2026_07_30-14:37:24 [W] [manage-listenClient] 发送心跳
2026_07_30-14:37:29 [W] [manage-listenClient] 发送心跳
2026_07_30-14:37:34 [W] [manage-listenClient] 发送心跳
2026_07_30-14:37:39 [W] [manage-listenClient] 发送心跳
2026_07_30-14:37:44 [W] [manage-listenClient] 发送心跳
2026_07_30-14:37:49 [W] [manage-listenClient] 发送心跳
2026_07_30-14:37:54 [W] [manage-listenClient] 发送心跳
2026_07_30-14:37:59 [W] [manage-listenClient] 发送心跳
2026_07_30-14:38:04 [W] [manage-listenClient] 发送心跳
2026_07_30-14:38:09 [W] [manage-listenClient] 发送心跳
2026_07_30-14:38:14 [W] [manage-listenClient] 发送心跳
2026_07_30-14:38:19 [W] [manage-listenClient] 发送心跳
2026_07_30-14:38:24 [W] [manage-listenClient] 发送心跳
2026_07_30-14:38:29 [W] [manage-listenClient] 发送心跳
2026_07_30-14:38:34 [W] [manage-listenClient] 发送心跳
2026_07_30-14:38:39 [W] [manage-listenClient] 发送心跳
2026_07_30-14:38:44 [W] [manage-listenClient] 发送心跳
2026_07_30-14:38:49 [W] [manage-listenClient] 发送心跳
2026_07_30-14:38:54 [W] [manage-listenClient] 发送心跳
2026_07_30-14:38:59 [W] [manage-listenClient] 发送心跳
2026_07_30-14:39:04 [W] [manage-listenClient] 发送心跳
2026_07_30-14:39:09 [W] [manage-listenClient] 发送心跳
2026_07_30-14:39:14 [W] [manage-listenClient] 发送心跳
2026_07_30-14:39:19 [W] [manage-listenClient] 发送心跳
2026_07_30-14:39:24 [W] [manage-listenClient] 发送心跳
2026_07_30-14:39:29 [W] [manage-listenClient] 发送心跳
2026_07_30-14:39:34 [W] [manage-listenClient] 发送心跳
2026_07_30-14:39:39 [W] [manage-listenClient] 发送心跳
2026_07_30-14:39:44 [W] [manage-listenClient] 发送心跳
2026_07_30-14:39:49 [W] [manage-listenClient] 发送心跳
2026_07_30-14:39:54 [W] [manage-listenClient] 发送心跳
2026_07_30-14:39:59 [W] [manage-listenClient] 发送心跳
2026_07_30-14:40:04 [W] [manage-listenClient] 发送心跳
2026_07_30-14:40:09 [W] [manage-listenClient] 发送心跳
2026_07_30-14:40:14 [W] [manage-listenClient] 发送心跳
2026_07_30-14:40:19 [W] [manage-listenClient] 发送心跳
2026_07_30-14:40:24 [W] [manage-listenClient] 发送心跳
2026_07_30-14:40:29 [W] [manage-listenClient] 发送心跳
2026_07_30-14:40:34 [W] [manage-listenClient] 发送心跳
2026_07_30-14:40:39 [W] [manage-listenClient] 发送心跳
2026_07_30-14:40:44 [W] [manage-listenClient] 发送心跳
2026_07_30-14:40:49 [W] [manage-listenClient] 发送心跳
2026_07_30-14:40:54 [W] [manage-listenClient] 发送心跳
2026_07_30-14:40:59 [W] [manage-listenClient] 发送心跳
2026_07_30-14:41:04 [W] [manage-listenClient] 发送心跳
2026_07_30-14:41:09 [W] [manage-listenClient] 发送心跳
2026_07_30-14:41:14 [W] [manage-listenClient] 发送心跳
2026_07_30-14:41:19 [W] [manage-listenClient] 发送心跳
2026_07_30-14:41:24 [W] [manage-listenClient] 发送心跳
2026_07_30-14:41:29 [W] [manage-listenClient] 发送心跳
2026_07_30-14:41:34 [W] [manage-listenClient] 发送心跳
2026_07_30-14:41:39 [W] [manage-listenClient] 发送心跳
2026_07_30-14:41:44 [W] [manage-listenClient] 发送心跳
2026_07_30-14:41:49 [W] [manage-listenClient] 发送心跳
2026_07_30-14:41:54 [W] [manage-listenClient] 发送心跳
2026_07_30-14:41:59 [W] [manage-listenClient] 发送心跳
2026_07_30-14:42:04 [W] [manage-listenClient] 发送心跳
2026_07_30-14:42:09 [W] [manage-listenClient] 发送心跳
2026_07_30-14:42:14 [W] [manage-listenClient] 发送心跳
2026_07_30-14:42:19 [W] [manage-listenClient] 发送心跳
2026_07_30-14:42:24 [W] [manage-listenClient] 发送心跳
2026_07_30-14:42:29 [W] [manage-listenClient] 发送心跳
2026_07_30-14:42:34 [W] [manage-listenClient] 发送心跳
2026_07_30-14:42:39 [W] [manage-listenClient] 发送心跳
2026_07_30-14:42:44 [W] [manage-listenClient] 发送心跳
2026_07_30-14:42:49 [W] [manage-listenClient] 发送心跳
2026_07_30-14:42:54 [W] [manage-listenClient] 发送心跳
2026_07_30-14:42:59 [W] [manage-listenClient] 发送心跳
2026_07_30-14:43:04 [W] [manage-listenClient] 发送心跳
2026_07_30-14:43:09 [W] [manage-listenClient] 发送心跳
2026_07_30-14:43:14 [W] [manage-listenClient] 发送心跳
2026_07_30-14:43:19 [W] [manage-listenClient] 发送心跳
2026_07_30-14:43:24 [W] [manage-listenClient] 发送心跳
2026_07_30-14:43:29 [W] [manage-listenClient] 发送心跳
2026_07_30-14:43:34 [W] [manage-listenClient] 发送心跳
2026_07_30-14:43:39 [W] [manage-listenClient] 发送心跳
2026_07_30-14:43:43 [D] [client] disconnect from 192.168.10.1:8090
2026_07_30-14:43:43 [I] [client] socket close = 3
2026_07_30-14:43:43 [W] [manage-listenClient] 断联：开始释放资源
2026_07_30-14:43:43 [W] [manage-listenClient] ClientQue.front()->getClientID() = 22,CurClientID.load() = 21
2026_07_30-14:43:43 [I] [client] socket connect = 1 kConnecting = 0 kConnected = 1 kDisconnecting = 2 kDisconnected = 3
2026_07_30-14:43:43 [W] [manage-CreateClient] 需要创建client Index = 24
2026_07_30-14:43:43 [D] [<UNNAME>] Connection::kConnected
2026_07_30-14:43:43 [W] [analysis] RxFlg.store(1)---serial_number = 2662 check_sn = 2662
2026_07_30-14:43:43 [W] [analysis] cv通知下发---serial_number = 2662 check_sn = 2662
2026_07_30-14:43:43 [D] [manage-listenClient] 已经授权成功，重复验证授权码
2026_07_30-14:43:43 [D] [manage-listenClient] Random: bxMjTE..., VIN: HTWW312510A000123
2026_07_30-14:43:43 [I] [manage-listenClient] License verified successfully for VIN: HTWW312510A000123
2026_07_30-14:43:43 [D] [manage-listenClient] License valid until: 2026-10-15 10:12:20
2026_07_30-14:43:43 [I] [manage-listenClient] License verified successfully for expiry: 1A0A0F0A0C14
2026_07_30-14:43:44 [W] [manage-listenClient] 发送心跳
2026_07_30-14:43:49 [W] [manage-listenClient] 发送心跳
2026_07_30-14:43:54 [W] [manage-listenClient] 发送心跳
2026_07_30-14:43:59 [W] [manage-listenClient] 发送心跳
2026_07_30-14:44:04 [W] [manage-listenClient] 发送心跳
2026_07_30-14:44:09 [W] [manage-listenClient] 发送心跳
2026_07_30-14:44:14 [W] [manage-listenClient] 发送心跳
2026_07_30-14:44:19 [W] [manage-listenClient] 发送心跳
2026_07_30-14:44:24 [W] [manage-listenClient] 发送心跳
2026_07_30-14:44:29 [W] [manage-listenClient] 发送心跳
2026_07_30-14:44:34 [W] [manage-listenClient] 发送心跳
2026_07_30-14:44:39 [W] [manage-listenClient] 发送心跳
2026_07_30-14:44:44 [W] [manage-listenClient] 发送心跳
2026_07_30-14:44:49 [W] [manage-listenClient] 发送心跳
2026_07_30-14:44:54 [W] [manage-listenClient] 发送心跳
2026_07_30-14:44:59 [W] [manage-listenClient] 发送心跳
2026_07_30-14:45:04 [W] [manage-listenClient] 发送心跳
2026_07_30-14:45:09 [W] [manage-listenClient] 发送心跳
2026_07_30-14:45:14 [W] [manage-listenClient] 发送心跳
2026_07_30-14:45:19 [W] [manage-listenClient] 发送心跳
2026_07_30-14:45:24 [W] [manage-listenClient] 发送心跳
2026_07_30-14:45:29 [W] [manage-listenClient] 发送心跳
2026_07_30-14:45:34 [W] [manage-listenClient] 发送心跳
2026_07_30-14:45:39 [W] [manage-listenClient] 发送心跳
2026_07_30-14:45:44 [W] [manage-listenClient] 发送心跳
2026_07_30-14:45:49 [W] [manage-listenClient] 发送心跳
2026_07_30-14:45:54 [W] [manage-listenClient] 发送心跳
2026_07_30-14:45:59 [W] [manage-listenClient] 发送心跳
2026_07_30-14:46:04 [W] [manage-listenClient] 发送心跳
2026_07_30-14:46:09 [W] [manage-listenClient] 发送心跳
2026_07_30-14:46:14 [W] [manage-listenClient] 发送心跳
2026_07_30-14:46:19 [W] [manage-listenClient] 发送心跳
2026_07_30-14:46:24 [W] [manage-listenClient] 发送心跳
2026_07_30-14:46:29 [W] [manage-listenClient] 发送心跳
2026_07_30-14:46:34 [W] [manage-listenClient] 发送心跳
2026_07_30-14:46:39 [W] [manage-listenClient] 发送心跳
2026_07_30-14:46:44 [W] [manage-listenClient] 发送心跳
2026_07_30-14:46:49 [W] [manage-listenClient] 发送心跳
2026_07_30-14:46:54 [W] [manage-listenClient] 发送心跳
2026_07_30-14:46:59 [W] [manage-listenClient] 发送心跳
2026_07_30-14:47:04 [W] [manage-listenClient] 发送心跳
2026_07_30-14:47:09 [W] [manage-listenClient] 发送心跳
2026_07_30-14:47:14 [W] [manage-listenClient] 发送心跳
2026_07_30-14:47:19 [W] [manage-listenClient] 发送心跳
2026_07_30-14:47:24 [W] [manage-listenClient] 发送心跳
2026_07_30-14:47:29 [W] [manage-listenClient] 发送心跳
2026_07_30-14:47:34 [W] [manage-listenClient] 发送心跳
2026_07_30-14:47:39 [W] [manage-listenClient] 发送心跳
2026_07_30-14:47:44 [W] [manage-listenClient] 发送心跳
2026_07_30-14:47:49 [W] [manage-listenClient] 发送心跳
2026_07_30-14:47:54 [W] [manage-listenClient] 发送心跳
2026_07_30-14:47:59 [W] [manage-listenClient] 发送心跳
2026_07_30-14:48:04 [W] [manage-listenClient] 发送心跳
2026_07_30-14:48:09 [W] [manage-listenClient] 发送心跳
2026_07_30-14:48:14 [W] [manage-listenClient] 发送心跳
2026_07_30-14:48:19 [W] [manage-listenClient] 发送心跳
2026_07_30-14:48:24 [W] [manage-listenClient] 发送心跳
2026_07_30-14:48:29 [W] [manage-listenClient] 发送心跳
2026_07_30-14:48:34 [W] [manage-listenClient] 发送心跳
2026_07_30-14:48:39 [W] [manage-listenClient] 发送心跳
2026_07_30-14:48:44 [W] [manage-listenClient] 发送心跳
2026_07_30-14:48:49 [W] [manage-listenClient] 发送心跳
2026_07_30-14:48:54 [W] [manage-listenClient] 发送心跳
2026_07_30-14:48:59 [W] [manage-listenClient] 发送心跳
2026_07_30-14:49:04 [W] [manage-listenClient] 发送心跳
2026_07_30-14:49:09 [W] [manage-listenClient] 发送心跳
2026_07_30-14:49:14 [W] [manage-listenClient] 发送心跳
2026_07_30-14:49:19 [W] [manage-listenClient] 发送心跳
2026_07_30-14:49:24 [W] [manage-listenClient] 发送心跳
2026_07_30-14:49:29 [W] [manage-listenClient] 发送心跳
2026_07_30-14:49:34 [W] [manage-listenClient] 发送心跳
2026_07_30-14:49:39 [W] [manage-listenClient] 发送心跳
2026_07_30-14:49:44 [W] [manage-listenClient] 发送心跳
2026_07_30-14:49:49 [W] [manage-listenClient] 发送心跳
2026_07_30-14:49:54 [W] [manage-listenClient] 发送心跳
2026_07_30-14:49:59 [W] [manage-listenClient] 发送心跳
2026_07_30-14:50:04 [W] [manage-listenClient] 发送心跳
2026_07_30-14:50:09 [W] [manage-listenClient] 发送心跳
2026_07_30-14:50:14 [W] [manage-listenClient] 发送心跳
2026_07_30-14:50:19 [W] [manage-listenClient] 发送心跳
2026_07_30-14:50:24 [W] [manage-listenClient] 发送心跳
2026_07_30-14:50:29 [W] [manage-listenClient] 发送心跳
2026_07_30-14:50:34 [W] [manage-listenClient] 发送心跳
2026_07_30-14:50:39 [W] [manage-listenClient] 发送心跳
2026_07_30-14:50:44 [W] [manage-listenClient] 发送心跳
2026_07_30-14:50:49 [W] [manage-listenClient] 发送心跳
2026_07_30-14:50:54 [W] [manage-listenClient] 发送心跳
2026_07_30-14:50:59 [W] [manage-listenClient] 发送心跳
2026_07_30-14:51:04 [W] [manage-listenClient] 发送心跳
2026_07_30-14:51:09 [W] [manage-listenClient] 发送心跳
2026_07_30-14:51:14 [W] [manage-listenClient] 发送心跳
2026_07_30-14:51:19 [W] [manage-listenClient] 发送心跳
2026_07_30-14:51:25 [W] [manage-listenClient] 发送心跳
2026_07_30-14:51:30 [W] [manage-listenClient] 发送心跳
2026_07_30-14:51:35 [W] [manage-listenClient] 发送心跳
2026_07_30-14:51:40 [W] [manage-listenClient] 发送心跳
2026_07_30-14:51:45 [W] [manage-listenClient] 发送心跳
2026_07_30-14:51:50 [W] [manage-listenClient] 发送心跳
2026_07_30-14:51:55 [W] [manage-listenClient] 发送心跳
2026_07_30-14:52:00 [W] [manage-listenClient] 发送心跳
2026_07_30-14:52:05 [W] [manage-listenClient] 发送心跳
2026_07_30-14:52:10 [W] [manage-listenClient] 发送心跳
2026_07_30-14:52:15 [W] [manage-listenClient] 发送心跳
2026_07_30-14:52:20 [W] [manage-listenClient] 发送心跳
2026_07_30-14:52:25 [W] [manage-listenClient] 发送心跳
2026_07_30-14:52:30 [W] [manage-listenClient] 发送心跳
2026_07_30-14:52:35 [W] [manage-listenClient] 发送心跳
2026_07_30-14:52:40 [W] [manage-listenClient] 发送心跳
2026_07_30-14:52:45 [W] [manage-listenClient] 发送心跳
2026_07_30-14:52:50 [W] [manage-listenClient] 发送心跳
2026_07_30-14:52:55 [W] [manage-listenClient] 发送心跳
2026_07_30-14:53:00 [W] [manage-listenClient] 发送心跳
2026_07_30-14:53:05 [W] [manage-listenClient] 发送心跳
2026_07_30-14:53:10 [W] [manage-listenClient] 发送心跳
2026_07_30-14:53:15 [W] [manage-listenClient] 发送心跳
2026_07_30-14:53:20 [W] [manage-listenClient] 发送心跳
2026_07_30-14:53:25 [W] [manage-listenClient] 发送心跳
2026_07_30-14:53:30 [W] [manage-listenClient] 发送心跳
2026_07_30-14:53:35 [W] [manage-listenClient] 发送心跳
2026_07_30-14:53:40 [W] [manage-listenClient] 发送心跳
2026_07_30-14:53:43 [D] [client] disconnect from 192.168.10.1:8090
2026_07_30-14:53:43 [I] [client] socket close = 3
2026_07_30-14:53:43 [W] [manage-listenClient] 断联：开始释放资源
2026_07_30-14:53:43 [W] [manage-listenClient] ClientQue.front()->getClientID() = 23,CurClientID.load() = 22
2026_07_30-14:53:43 [I] [client] socket connect = 1 kConnecting = 0 kConnected = 1 kDisconnecting = 2 kDisconnected = 3
2026_07_30-14:53:43 [W] [manage-CreateClient] 需要创建client Index = 25
2026_07_30-14:53:43 [D] [<UNNAME>] Connection::kConnected
2026_07_30-14:53:43 [W] [analysis] RxFlg.store(1)---serial_number = 2783 check_sn = 2783
2026_07_30-14:53:43 [W] [analysis] cv通知下发---serial_number = 2783 check_sn = 2783
2026_07_30-14:53:43 [D] [manage-listenClient] 已经授权成功，重复验证授权码
2026_07_30-14:53:43 [D] [manage-listenClient] Random: bxMjTE..., VIN: HTWW312510A000123
2026_07_30-14:53:43 [I] [manage-listenClient] License verified successfully for VIN: HTWW312510A000123
2026_07_30-14:53:43 [D] [manage-listenClient] License valid until: 2026-10-15 10:12:20
2026_07_30-14:53:43 [I] [manage-listenClient] License verified successfully for expiry: 1A0A0F0A0C14
2026_07_30-14:53:45 [W] [manage-listenClient] 发送心跳
2026_07_30-14:53:50 [W] [manage-listenClient] 发送心跳
2026_07_30-14:53:55 [W] [manage-listenClient] 发送心跳
2026_07_30-14:54:00 [W] [manage-listenClient] 发送心跳
2026_07_30-14:54:05 [W] [manage-listenClient] 发送心跳
2026_07_30-14:54:10 [W] [manage-listenClient] 发送心跳
2026_07_30-14:54:15 [W] [manage-listenClient] 发送心跳
2026_07_30-14:54:20 [W] [manage-listenClient] 发送心跳
2026_07_30-14:54:25 [W] [manage-listenClient] 发送心跳
2026_07_30-14:54:30 [W] [manage-listenClient] 发送心跳
2026_07_30-14:54:35 [W] [manage-listenClient] 发送心跳
2026_07_30-14:54:40 [W] [manage-listenClient] 发送心跳
2026_07_30-14:54:45 [W] [manage-listenClient] 发送心跳
2026_07_30-14:54:50 [W] [manage-listenClient] 发送心跳
2026_07_30-14:54:55 [W] [manage-listenClient] 发送心跳
2026_07_30-14:55:00 [W] [manage-listenClient] 发送心跳
2026_07_30-14:55:05 [W] [manage-listenClient] 发送心跳
2026_07_30-14:55:10 [W] [manage-listenClient] 发送心跳
2026_07_30-14:55:15 [W] [manage-listenClient] 发送心跳
2026_07_30-14:55:20 [W] [manage-listenClient] 发送心跳
2026_07_30-14:55:25 [W] [manage-listenClient] 发送心跳
2026_07_30-14:55:30 [W] [manage-listenClient] 发送心跳
2026_07_30-14:55:35 [W] [manage-listenClient] 发送心跳
2026_07_30-14:55:40 [W] [manage-listenClient] 发送心跳
2026_07_30-14:55:45 [W] [manage-listenClient] 发送心跳
2026_07_30-14:55:50 [W] [manage-listenClient] 发送心跳
2026_07_30-14:55:55 [W] [manage-listenClient] 发送心跳
2026_07_30-14:56:00 [W] [manage-listenClient] 发送心跳
2026_07_30-14:56:05 [W] [manage-listenClient] 发送心跳
2026_07_30-14:56:10 [W] [manage-listenClient] 发送心跳
2026_07_30-14:56:15 [W] [manage-listenClient] 发送心跳
2026_07_30-14:56:20 [W] [manage-listenClient] 发送心跳
2026_07_30-14:56:25 [W] [manage-listenClient] 发送心跳
2026_07_30-14:56:30 [W] [manage-listenClient] 发送心跳
2026_07_30-14:56:35 [W] [manage-listenClient] 发送心跳
2026_07_30-14:56:40 [W] [manage-listenClient] 发送心跳
2026_07_30-14:56:45 [W] [manage-listenClient] 发送心跳
2026_07_30-14:56:50 [W] [manage-listenClient] 发送心跳
2026_07_30-14:56:55 [W] [manage-listenClient] 发送心跳
2026_07_30-14:57:00 [W] [manage-listenClient] 发送心跳
2026_07_30-14:57:05 [W] [manage-listenClient] 发送心跳
2026_07_30-14:57:10 [W] [manage-listenClient] 发送心跳
2026_07_30-14:57:15 [W] [manage-listenClient] 发送心跳
2026_07_30-14:57:20 [W] [manage-listenClient] 发送心跳
2026_07_30-14:57:25 [W] [manage-listenClient] 发送心跳
2026_07_30-14:57:30 [W] [manage-listenClient] 发送心跳
2026_07_30-14:57:35 [W] [manage-listenClient] 发送心跳
2026_07_30-14:57:40 [W] [manage-listenClient] 发送心跳
2026_07_30-14:57:45 [W] [manage-listenClient] 发送心跳
2026_07_30-14:57:50 [W] [manage-listenClient] 发送心跳
2026_07_30-14:57:55 [W] [manage-listenClient] 发送心跳
2026_07_30-14:58:00 [W] [manage-listenClient] 发送心跳
2026_07_30-14:58:05 [W] [manage-listenClient] 发送心跳
2026_07_30-14:58:10 [W] [manage-listenClient] 发送心跳
2026_07_30-14:58:15 [W] [manage-listenClient] 发送心跳
2026_07_30-14:58:20 [W] [manage-listenClient] 发送心跳
2026_07_30-14:58:25 [W] [manage-listenClient] 发送心跳
2026_07_30-14:58:30 [W] [manage-listenClient] 发送心跳
2026_07_30-14:58:35 [W] [manage-listenClient] 发送心跳
2026_07_30-14:58:40 [W] [manage-listenClient] 发送心跳
2026_07_30-14:58:45 [W] [manage-listenClient] 发送心跳
2026_07_30-14:58:50 [W] [manage-listenClient] 发送心跳
2026_07_30-14:58:55 [W] [manage-listenClient] 发送心跳
2026_07_30-14:59:00 [W] [manage-listenClient] 发送心跳
2026_07_30-14:59:05 [W] [manage-listenClient] 发送心跳
2026_07_30-14:59:10 [W] [manage-listenClient] 发送心跳
2026_07_30-14:59:15 [W] [manage-listenClient] 发送心跳
2026_07_30-14:59:20 [W] [manage-listenClient] 发送心跳
2026_07_30-14:59:25 [W] [manage-listenClient] 发送心跳
2026_07_30-14:59:30 [W] [manage-listenClient] 发送心跳
2026_07_30-14:59:35 [W] [manage-listenClient] 发送心跳
2026_07_30-14:59:40 [W] [manage-listenClient] 发送心跳
2026_07_30-14:59:45 [W] [manage-listenClient] 发送心跳
2026_07_30-14:59:50 [W] [manage-listenClient] 发送心跳
2026_07_30-14:59:55 [W] [manage-listenClient] 发送心跳
2026_07_30-15:00:00 [W] [manage-listenClient] 发送心跳
2026_07_30-15:00:05 [W] [manage-listenClient] 发送心跳
2026_07_30-15:00:10 [W] [manage-listenClient] 发送心跳
2026_07_30-15:00:15 [W] [manage-listenClient] 发送心跳
2026_07_30-15:00:20 [W] [manage-listenClient] 发送心跳
2026_07_30-15:00:25 [W] [manage-listenClient] 发送心跳
2026_07_30-15:00:30 [W] [manage-listenClient] 发送心跳
2026_07_30-15:00:35 [W] [manage-listenClient] 发送心跳
2026_07_30-15:00:40 [W] [manage-listenClient] 发送心跳
2026_07_30-15:00:45 [W] [manage-listenClient] 发送心跳
2026_07_30-15:00:50 [W] [manage-listenClient] 发送心跳
2026_07_30-15:00:55 [W] [manage-listenClient] 发送心跳
2026_07_30-15:01:00 [W] [manage-listenClient] 发送心跳
2026_07_30-15:01:05 [W] [manage-listenClient] 发送心跳
2026_07_30-15:01:10 [W] [manage-listenClient] 发送心跳
2026_07_30-15:01:15 [W] [manage-listenClient] 发送心跳
2026_07_30-15:01:20 [W] [manage-listenClient] 发送心跳
2026_07_30-15:01:25 [W] [manage-listenClient] 发送心跳
2026_07_30-15:01:30 [W] [manage-listenClient] 发送心跳
2026_07_30-15:01:35 [W] [manage-listenClient] 发送心跳
2026_07_30-15:01:40 [W] [manage-listenClient] 发送心跳
2026_07_30-15:01:45 [W] [manage-listenClient] 发送心跳
2026_07_30-15:01:50 [W] [manage-listenClient] 发送心跳
2026_07_30-15:01:55 [W] [manage-listenClient] 发送心跳
2026_07_30-15:02:00 [W] [manage-listenClient] 发送心跳
2026_07_30-15:02:05 [W] [manage-listenClient] 发送心跳
2026_07_30-15:02:10 [W] [manage-listenClient] 发送心跳
2026_07_30-15:02:15 [W] [manage-listenClient] 发送心跳
2026_07_30-15:02:20 [W] [manage-listenClient] 发送心跳
2026_07_30-15:02:25 [W] [manage-listenClient] 发送心跳
2026_07_30-15:02:30 [W] [manage-listenClient] 发送心跳
2026_07_30-15:02:35 [W] [manage-listenClient] 发送心跳
2026_07_30-15:02:40 [W] [manage-listenClient] 发送心跳
2026_07_30-15:02:45 [W] [manage-listenClient] 发送心跳
2026_07_30-15:02:50 [W] [manage-listenClient] 发送心跳
2026_07_30-15:02:55 [W] [manage-listenClient] 发送心跳
2026_07_30-15:03:00 [W] [manage-listenClient] 发送心跳
2026_07_30-15:03:05 [W] [manage-listenClient] 发送心跳
2026_07_30-15:03:10 [W] [manage-listenClient] 发送心跳
2026_07_30-15:03:15 [W] [manage-listenClient] 发送心跳
2026_07_30-15:03:20 [W] [manage-listenClient] 发送心跳
2026_07_30-15:03:25 [W] [manage-listenClient] 发送心跳
2026_07_30-15:03:30 [W] [manage-listenClient] 发送心跳
2026_07_30-15:03:35 [W] [manage-listenClient] 发送心跳
2026_07_30-15:03:40 [W] [manage-listenClient] 发送心跳
2026_07_30-15:03:43 [D] [client] disconnect from 192.168.10.1:8090
2026_07_30-15:03:43 [I] [client] socket close = 3
2026_07_30-15:03:44 [W] [manage-listenClient] 断联：开始释放资源
2026_07_30-15:03:44 [W] [manage-listenClient] ClientQue.front()->getClientID() = 24,CurClientID.load() = 23
2026_07_30-15:03:44 [I] [client] socket connect = 1 kConnecting = 0 kConnected = 1 kDisconnecting = 2 kDisconnected = 3
2026_07_30-15:03:44 [W] [manage-CreateClient] 需要创建client Index = 26
2026_07_30-15:03:44 [D] [<UNNAME>] Connection::kConnected
2026_07_30-15:03:44 [W] [analysis] RxFlg.store(1)---serial_number = 2904 check_sn = 2904
2026_07_30-15:03:44 [W] [analysis] cv通知下发---serial_number = 2904 check_sn = 2904
2026_07_30-15:03:44 [D] [manage-listenClient] 已经授权成功，重复验证授权码
2026_07_30-15:03:44 [D] [manage-listenClient] Random: bxMjTE..., VIN: HTWW312510A000123
2026_07_30-15:03:44 [I] [manage-listenClient] License verified successfully for VIN: HTWW312510A000123
2026_07_30-15:03:44 [D] [manage-listenClient] License valid until: 2026-10-15 10:12:20
2026_07_30-15:03:44 [I] [manage-listenClient] License verified successfully for expiry: 1A0A0F0A0C14
2026_07_30-15:03:45 [W] [manage-listenClient] 发送心跳
2026_07_30-15:03:50 [W] [manage-listenClient] 发送心跳
2026_07_30-15:03:55 [W] [manage-listenClient] 发送心跳
2026_07_30-15:04:00 [W] [manage-listenClient] 发送心跳
2026_07_30-15:04:05 [W] [manage-listenClient] 发送心跳
2026_07_30-15:04:10 [W] [manage-listenClient] 发送心跳
2026_07_30-15:04:15 [W] [manage-listenClient] 发送心跳
2026_07_30-15:04:20 [W] [manage-listenClient] 发送心跳
2026_07_30-15:04:25 [W] [manage-listenClient] 发送心跳
2026_07_30-15:04:30 [W] [manage-listenClient] 发送心跳
2026_07_30-15:04:35 [W] [manage-listenClient] 发送心跳
2026_07_30-15:04:40 [W] [manage-listenClient] 发送心跳
2026_07_30-15:04:45 [W] [manage-listenClient] 发送心跳
2026_07_30-15:04:50 [W] [manage-listenClient] 发送心跳
2026_07_30-15:04:55 [W] [manage-listenClient] 发送心跳
2026_07_30-15:05:00 [W] [manage-listenClient] 发送心跳
2026_07_30-15:05:05 [W] [manage-listenClient] 发送心跳
2026_07_30-15:05:10 [W] [manage-listenClient] 发送心跳
2026_07_30-15:05:15 [W] [manage-listenClient] 发送心跳
2026_07_30-15:05:20 [W] [manage-listenClient] 发送心跳
2026_07_30-15:05:25 [W] [manage-listenClient] 发送心跳
2026_07_30-15:05:30 [W] [manage-listenClient] 发送心跳
2026_07_30-15:05:35 [W] [manage-listenClient] 发送心跳
2026_07_30-15:05:40 [W] [manage-listenClient] 发送心跳
2026_07_30-15:05:45 [W] [manage-listenClient] 发送心跳
2026_07_30-15:05:50 [W] [manage-listenClient] 发送心跳
2026_07_30-15:05:55 [W] [manage-listenClient] 发送心跳
2026_07_30-15:06:00 [W] [manage-listenClient] 发送心跳
2026_07_30-15:06:06 [W] [manage-listenClient] 发送心跳
2026_07_30-15:06:11 [W] [manage-listenClient] 发送心跳
2026_07_30-15:06:16 [W] [manage-listenClient] 发送心跳
2026_07_30-15:06:21 [W] [manage-listenClient] 发送心跳
2026_07_30-15:06:26 [W] [manage-listenClient] 发送心跳
2026_07_30-15:06:31 [W] [manage-listenClient] 发送心跳
2026_07_30-15:06:36 [W] [manage-listenClient] 发送心跳
2026_07_30-15:06:41 [W] [manage-listenClient] 发送心跳
2026_07_30-15:06:46 [W] [manage-listenClient] 发送心跳
2026_07_30-15:06:51 [W] [manage-listenClient] 发送心跳
2026_07_30-15:06:56 [W] [manage-listenClient] 发送心跳
2026_07_30-15:07:01 [W] [manage-listenClient] 发送心跳
2026_07_30-15:07:06 [W] [manage-listenClient] 发送心跳
2026_07_30-15:07:11 [W] [manage-listenClient] 发送心跳
2026_07_30-15:07:16 [W] [manage-listenClient] 发送心跳
2026_07_30-15:07:21 [W] [manage-listenClient] 发送心跳
2026_07_30-15:07:26 [W] [manage-listenClient] 发送心跳
2026_07_30-15:07:31 [W] [manage-listenClient] 发送心跳
2026_07_30-15:07:36 [W] [manage-listenClient] 发送心跳
2026_07_30-15:07:41 [W] [manage-listenClient] 发送心跳
2026_07_30-15:07:46 [W] [manage-listenClient] 发送心跳
2026_07_30-15:07:51 [W] [manage-listenClient] 发送心跳
2026_07_30-15:07:56 [W] [manage-listenClient] 发送心跳
2026_07_30-15:08:01 [W] [manage-listenClient] 发送心跳
2026_07_30-15:08:06 [W] [manage-listenClient] 发送心跳
2026_07_30-15:08:11 [W] [manage-listenClient] 发送心跳
2026_07_30-15:08:16 [W] [manage-listenClient] 发送心跳
2026_07_30-15:08:21 [W] [manage-listenClient] 发送心跳
2026_07_30-15:08:26 [W] [manage-listenClient] 发送心跳
2026_07_30-15:08:31 [W] [manage-listenClient] 发送心跳
2026_07_30-15:08:36 [W] [manage-listenClient] 发送心跳
2026_07_30-15:08:41 [W] [manage-listenClient] 发送心跳
2026_07_30-15:08:46 [W] [manage-listenClient] 发送心跳
2026_07_30-15:08:51 [W] [manage-listenClient] 发送心跳
2026_07_30-15:08:56 [W] [manage-listenClient] 发送心跳
2026_07_30-15:09:01 [W] [manage-listenClient] 发送心跳
2026_07_30-15:09:06 [W] [manage-listenClient] 发送心跳
2026_07_30-15:09:11 [W] [manage-listenClient] 发送心跳
2026_07_30-15:09:16 [W] [manage-listenClient] 发送心跳
2026_07_30-15:09:21 [W] [manage-listenClient] 发送心跳
2026_07_30-15:09:26 [W] [manage-listenClient] 发送心跳
2026_07_30-15:09:31 [W] [manage-listenClient] 发送心跳
2026_07_30-15:09:36 [W] [manage-listenClient] 发送心跳
2026_07_30-15:09:41 [W] [manage-listenClient] 发送心跳
2026_07_30-15:09:46 [W] [manage-listenClient] 发送心跳
2026_07_30-15:09:51 [W] [manage-listenClient] 发送心跳
2026_07_30-15:09:56 [W] [manage-listenClient] 发送心跳
2026_07_30-15:10:01 [W] [manage-listenClient] 发送心跳
2026_07_30-15:10:06 [W] [manage-listenClient] 发送心跳
2026_07_30-15:10:11 [W] [manage-listenClient] 发送心跳
2026_07_30-15:10:16 [W] [manage-listenClient] 发送心跳
2026_07_30-15:10:21 [W] [manage-listenClient] 发送心跳
2026_07_30-15:10:26 [W] [manage-listenClient] 发送心跳
2026_07_30-15:10:31 [W] [manage-listenClient] 发送心跳
2026_07_30-15:10:36 [W] [manage-listenClient] 发送心跳
2026_07_30-15:10:41 [W] [manage-listenClient] 发送心跳
2026_07_30-15:10:46 [W] [manage-listenClient] 发送心跳
2026_07_30-15:10:51 [W] [manage-listenClient] 发送心跳
2026_07_30-15:10:56 [W] [manage-listenClient] 发送心跳
2026_07_30-15:11:01 [W] [manage-listenClient] 发送心跳
2026_07_30-15:11:06 [W] [manage-listenClient] 发送心跳
2026_07_30-15:11:11 [W] [manage-listenClient] 发送心跳
2026_07_30-15:11:16 [W] [manage-listenClient] 发送心跳
2026_07_30-15:11:21 [W] [manage-listenClient] 发送心跳
2026_07_30-15:11:26 [W] [manage-listenClient] 发送心跳
2026_07_30-15:11:31 [W] [manage-listenClient] 发送心跳
2026_07_30-15:11:36 [W] [manage-listenClient] 发送心跳
2026_07_30-15:11:41 [W] [manage-listenClient] 发送心跳
2026_07_30-15:11:46 [W] [manage-listenClient] 发送心跳
2026_07_30-15:11:51 [W] [manage-listenClient] 发送心跳
2026_07_30-15:11:56 [W] [manage-listenClient] 发送心跳
2026_07_30-15:12:01 [W] [manage-listenClient] 发送心跳
2026_07_30-15:12:06 [W] [manage-listenClient] 发送心跳
2026_07_30-15:12:11 [W] [manage-listenClient] 发送心跳
2026_07_30-15:12:16 [W] [manage-listenClient] 发送心跳
2026_07_30-15:12:21 [W] [manage-listenClient] 发送心跳
2026_07_30-15:12:26 [W] [manage-listenClient] 发送心跳
2026_07_30-15:12:31 [W] [manage-listenClient] 发送心跳
2026_07_30-15:12:36 [W] [manage-listenClient] 发送心跳
2026_07_30-15:12:41 [W] [manage-listenClient] 发送心跳
2026_07_30-15:12:46 [W] [manage-listenClient] 发送心跳
2026_07_30-15:12:51 [W] [manage-listenClient] 发送心跳
2026_07_30-15:12:56 [W] [manage-listenClient] 发送心跳
2026_07_30-15:13:01 [W] [manage-listenClient] 发送心跳
2026_07_30-15:13:06 [W] [manage-listenClient] 发送心跳
2026_07_30-15:13:11 [W] [manage-listenClient] 发送心跳
2026_07_30-15:13:16 [W] [manage-listenClient] 发送心跳
2026_07_30-15:13:21 [W] [manage-listenClient] 发送心跳
2026_07_30-15:13:26 [W] [manage-listenClient] 发送心跳
2026_07_30-15:13:31 [W] [manage-listenClient] 发送心跳
2026_07_30-15:13:36 [W] [manage-listenClient] 发送心跳
2026_07_30-15:13:41 [W] [manage-listenClient] 发送心跳
2026_07_30-15:13:44 [D] [client] disconnect from 192.168.10.1:8090
2026_07_30-15:13:44 [I] [client] socket close = 3
2026_07_30-15:13:44 [W] [manage-listenClient] 断联：开始释放资源
2026_07_30-15:13:44 [W] [manage-listenClient] ClientQue.front()->getClientID() = 25,CurClientID.load() = 24
2026_07_30-15:13:44 [I] [client] socket connect = 1 kConnecting = 0 kConnected = 1 kDisconnecting = 2 kDisconnected = 3
2026_07_30-15:13:44 [W] [manage-CreateClient] 需要创建client Index = 27
2026_07_30-15:13:44 [D] [<UNNAME>] Connection::kConnected
2026_07_30-15:13:45 [W] [analysis] RxFlg.store(1)---serial_number = 3025 check_sn = 3025
2026_07_30-15:13:45 [W] [analysis] cv通知下发---serial_number = 3025 check_sn = 3025
2026_07_30-15:13:45 [D] [manage-listenClient] 已经授权成功，重复验证授权码
2026_07_30-15:13:45 [D] [manage-listenClient] Random: bxMjTE..., VIN: HTWW312510A000123
2026_07_30-15:13:45 [I] [manage-listenClient] License verified successfully for VIN: HTWW312510A000123
2026_07_30-15:13:45 [D] [manage-listenClient] License valid until: 2026-10-15 10:12:20
2026_07_30-15:13:45 [I] [manage-listenClient] License verified successfully for expiry: 1A0A0F0A0C14
2026_07_30-15:13:46 [W] [manage-listenClient] 发送心跳
2026_07_30-15:13:51 [W] [manage-listenClient] 发送心跳
2026_07_30-15:13:56 [W] [manage-listenClient] 发送心跳
2026_07_30-15:14:01 [W] [manage-listenClient] 发送心跳
2026_07_30-15:14:06 [W] [manage-listenClient] 发送心跳
2026_07_30-15:14:11 [W] [manage-listenClient] 发送心跳
2026_07_30-15:14:16 [W] [manage-listenClient] 发送心跳
2026_07_30-15:14:21 [W] [manage-listenClient] 发送心跳
2026_07_30-15:14:26 [W] [manage-listenClient] 发送心跳
2026_07_30-15:14:31 [W] [manage-listenClient] 发送心跳
2026_07_30-15:14:36 [W] [manage-listenClient] 发送心跳
2026_07_30-15:14:41 [W] [manage-listenClient] 发送心跳
2026_07_30-15:14:46 [W] [manage-listenClient] 发送心跳
2026_07_30-15:14:51 [W] [manage-listenClient] 发送心跳
2026_07_30-15:14:56 [W] [manage-listenClient] 发送心跳
2026_07_30-15:15:01 [W] [manage-listenClient] 发送心跳
2026_07_30-15:15:06 [W] [manage-listenClient] 发送心跳
2026_07_30-15:15:11 [W] [manage-listenClient] 发送心跳
2026_07_30-15:15:16 [W] [manage-listenClient] 发送心跳
2026_07_30-15:15:21 [W] [manage-listenClient] 发送心跳
2026_07_30-15:15:26 [W] [manage-listenClient] 发送心跳
2026_07_30-15:15:31 [W] [manage-listenClient] 发送心跳
2026_07_30-15:15:36 [W] [manage-listenClient] 发送心跳
2026_07_30-15:15:41 [W] [manage-listenClient] 发送心跳
2026_07_30-15:15:46 [W] [manage-listenClient] 发送心跳
2026_07_30-15:15:51 [W] [manage-listenClient] 发送心跳
2026_07_30-15:15:56 [W] [manage-listenClient] 发送心跳
2026_07_30-15:16:02 [W] [manage-listenClient] 发送心跳
2026_07_30-15:16:07 [W] [manage-listenClient] 发送心跳
2026_07_30-15:16:12 [W] [manage-listenClient] 发送心跳
2026_07_30-15:16:17 [W] [manage-listenClient] 发送心跳
2026_07_30-15:16:22 [W] [manage-listenClient] 发送心跳
2026_07_30-15:16:27 [W] [manage-listenClient] 发送心跳
2026_07_30-15:16:32 [W] [manage-listenClient] 发送心跳
2026_07_30-15:16:37 [W] [manage-listenClient] 发送心跳
2026_07_30-15:16:42 [W] [manage-listenClient] 发送心跳
2026_07_30-15:16:47 [W] [manage-listenClient] 发送心跳
2026_07_30-15:16:52 [W] [manage-listenClient] 发送心跳
2026_07_30-15:16:57 [W] [manage-listenClient] 发送心跳
2026_07_30-15:17:02 [W] [manage-listenClient] 发送心跳
2026_07_30-15:17:07 [W] [manage-listenClient] 发送心跳
2026_07_30-15:17:12 [W] [manage-listenClient] 发送心跳
2026_07_30-15:17:17 [W] [manage-listenClient] 发送心跳
2026_07_30-15:17:22 [W] [manage-listenClient] 发送心跳
2026_07_30-15:17:27 [W] [manage-listenClient] 发送心跳
2026_07_30-15:17:32 [W] [manage-listenClient] 发送心跳
2026_07_30-15:17:37 [W] [manage-listenClient] 发送心跳
2026_07_30-15:17:42 [W] [manage-listenClient] 发送心跳
2026_07_30-15:17:47 [W] [manage-listenClient] 发送心跳
2026_07_30-15:17:52 [W] [manage-listenClient] 发送心跳
2026_07_30-15:17:57 [W] [manage-listenClient] 发送心跳
2026_07_30-15:18:02 [W] [manage-listenClient] 发送心跳
2026_07_30-15:18:07 [W] [manage-listenClient] 发送心跳
2026_07_30-15:18:12 [W] [manage-listenClient] 发送心跳
2026_07_30-15:18:17 [W] [manage-listenClient] 发送心跳
2026_07_30-15:18:22 [W] [manage-listenClient] 发送心跳
2026_07_30-15:18:27 [W] [manage-listenClient] 发送心跳
2026_07_30-15:18:32 [W] [manage-listenClient] 发送心跳
2026_07_30-15:18:37 [W] [manage-listenClient] 发送心跳
2026_07_30-15:18:42 [W] [manage-listenClient] 发送心跳
2026_07_30-15:18:47 [W] [manage-listenClient] 发送心跳
2026_07_30-15:18:52 [W] [manage-listenClient] 发送心跳
2026_07_30-15:18:57 [W] [manage-listenClient] 发送心跳
2026_07_30-15:19:02 [W] [manage-listenClient] 发送心跳
2026_07_30-15:19:07 [W] [manage-listenClient] 发送心跳
2026_07_30-15:19:12 [W] [manage-listenClient] 发送心跳
2026_07_30-15:19:17 [W] [manage-listenClient] 发送心跳
2026_07_30-15:19:22 [W] [manage-listenClient] 发送心跳
2026_07_30-15:19:27 [W] [manage-listenClient] 发送心跳
2026_07_30-15:19:32 [W] [manage-listenClient] 发送心跳
2026_07_30-15:19:37 [W] [manage-listenClient] 发送心跳
2026_07_30-15:19:42 [W] [manage-listenClient] 发送心跳
2026_07_30-15:19:47 [W] [manage-listenClient] 发送心跳
2026_07_30-15:19:52 [W] [manage-listenClient] 发送心跳
2026_07_30-15:19:57 [W] [manage-listenClient] 发送心跳
2026_07_30-15:20:02 [W] [manage-listenClient] 发送心跳
2026_07_30-15:20:07 [W] [manage-listenClient] 发送心跳
2026_07_30-15:20:12 [W] [manage-listenClient] 发送心跳
2026_07_30-15:20:17 [W] [manage-listenClient] 发送心跳
2026_07_30-15:20:22 [W] [manage-listenClient] 发送心跳
2026_07_30-15:20:27 [W] [manage-listenClient] 发送心跳
2026_07_30-15:20:32 [W] [manage-listenClient] 发送心跳
2026_07_30-15:20:37 [W] [manage-listenClient] 发送心跳
2026_07_30-15:20:42 [W] [manage-listenClient] 发送心跳
2026_07_30-15:20:47 [W] [manage-listenClient] 发送心跳
2026_07_30-15:20:52 [W] [manage-listenClient] 发送心跳
2026_07_30-15:20:57 [W] [manage-listenClient] 发送心跳
2026_07_30-15:21:02 [W] [manage-listenClient] 发送心跳
2026_07_30-15:21:07 [W] [manage-listenClient] 发送心跳
2026_07_30-15:21:12 [W] [manage-listenClient] 发送心跳
2026_07_30-15:21:17 [W] [manage-listenClient] 发送心跳
2026_07_30-15:21:22 [W] [manage-listenClient] 发送心跳
2026_07_30-15:21:27 [W] [manage-listenClient] 发送心跳
2026_07_30-15:21:32 [W] [manage-listenClient] 发送心跳
2026_07_30-15:21:37 [W] [manage-listenClient] 发送心跳
2026_07_30-15:21:42 [W] [manage-listenClient] 发送心跳
2026_07_30-15:21:47 [W] [manage-listenClient] 发送心跳
2026_07_30-15:21:52 [W] [manage-listenClient] 发送心跳
2026_07_30-15:21:57 [W] [manage-listenClient] 发送心跳
2026_07_30-15:22:02 [W] [manage-listenClient] 发送心跳
2026_07_30-15:22:07 [W] [manage-listenClient] 发送心跳
2026_07_30-15:22:12 [W] [manage-listenClient] 发送心跳
2026_07_30-15:22:17 [W] [manage-listenClient] 发送心跳
2026_07_30-15:22:22 [W] [manage-listenClient] 发送心跳
2026_07_30-15:22:27 [W] [manage-listenClient] 发送心跳
2026_07_30-15:22:32 [W] [manage-listenClient] 发送心跳
2026_07_30-15:22:37 [W] [manage-listenClient] 发送心跳
2026_07_30-15:22:42 [W] [manage-listenClient] 发送心跳
2026_07_30-15:22:47 [W] [manage-listenClient] 发送心跳
2026_07_30-15:22:52 [W] [manage-listenClient] 发送心跳
2026_07_30-15:22:57 [W] [manage-listenClient] 发送心跳
2026_07_30-15:23:02 [W] [manage-listenClient] 发送心跳
2026_07_30-15:23:07 [W] [manage-listenClient] 发送心跳
2026_07_30-15:23:12 [W] [manage-listenClient] 发送心跳
2026_07_30-15:23:17 [W] [manage-listenClient] 发送心跳
2026_07_30-15:23:22 [W] [manage-listenClient] 发送心跳
2026_07_30-15:23:27 [W] [manage-listenClient] 发送心跳
2026_07_30-15:23:32 [W] [manage-listenClient] 发送心跳
2026_07_30-15:23:37 [W] [manage-listenClient] 发送心跳
2026_07_30-15:23:42 [W] [manage-listenClient] 发送心跳
2026_07_30-15:23:44 [D] [client] disconnect from 192.168.10.1:8090
2026_07_30-15:23:44 [I] [client] socket close = 3
2026_07_30-15:23:44 [W] [manage-listenClient] 断联：开始释放资源
2026_07_30-15:23:44 [W] [manage-listenClient] ClientQue.front()->getClientID() = 26,CurClientID.load() = 25
2026_07_30-15:23:44 [I] [client] socket connect = 1 kConnecting = 0 kConnected = 1 kDisconnecting = 2 kDisconnected = 3
2026_07_30-15:23:44 [W] [manage-CreateClient] 需要创建client Index = 28
2026_07_30-15:23:44 [D] [<UNNAME>] Connection::kConnected
2026_07_30-15:23:44 [W] [analysis] RxFlg.store(1)---serial_number = 3146 check_sn = 3146
2026_07_30-15:23:44 [W] [analysis] cv通知下发---serial_number = 3146 check_sn = 3146
2026_07_30-15:23:44 [D] [manage-listenClient] 已经授权成功，重复验证授权码
2026_07_30-15:23:44 [D] [manage-listenClient] Random: bxMjTE..., VIN: HTWW312510A000123
2026_07_30-15:23:44 [I] [manage-listenClient] License verified successfully for VIN: HTWW312510A000123
2026_07_30-15:23:44 [D] [manage-listenClient] License valid until: 2026-10-15 10:12:20
2026_07_30-15:23:44 [I] [manage-listenClient] License verified successfully for expiry: 1A0A0F0A0C14
2026_07_30-15:23:47 [W] [manage-listenClient] 发送心跳
2026_07_30-15:23:52 [W] [manage-listenClient] 发送心跳
2026_07_30-15:23:57 [W] [manage-listenClient] 发送心跳
2026_07_30-15:24:02 [W] [manage-listenClient] 发送心跳
2026_07_30-15:24:07 [W] [manage-listenClient] 发送心跳
2026_07_30-15:24:12 [W] [manage-listenClient] 发送心跳
2026_07_30-15:24:17 [W] [manage-listenClient] 发送心跳
2026_07_30-15:24:22 [W] [manage-listenClient] 发送心跳
2026_07_30-15:24:27 [W] [manage-listenClient] 发送心跳
2026_07_30-15:24:32 [W] [manage-listenClient] 发送心跳
2026_07_30-15:24:37 [W] [manage-listenClient] 发送心跳
2026_07_30-15:24:42 [W] [manage-listenClient] 发送心跳
2026_07_30-15:24:47 [W] [manage-listenClient] 发送心跳
2026_07_30-15:24:52 [W] [manage-listenClient] 发送心跳
2026_07_30-15:24:57 [W] [manage-listenClient] 发送心跳
2026_07_30-15:25:02 [W] [manage-listenClient] 发送心跳
2026_07_30-15:25:07 [W] [manage-listenClient] 发送心跳
2026_07_30-15:25:12 [W] [manage-listenClient] 发送心跳
2026_07_30-15:25:17 [W] [manage-listenClient] 发送心跳
2026_07_30-15:25:22 [W] [manage-listenClient] 发送心跳
2026_07_30-15:25:27 [W] [manage-listenClient] 发送心跳
2026_07_30-15:25:32 [W] [manage-listenClient] 发送心跳
2026_07_30-15:25:37 [W] [manage-listenClient] 发送心跳
2026_07_30-15:25:42 [W] [manage-listenClient] 发送心跳
2026_07_30-15:25:47 [W] [manage-listenClient] 发送心跳
2026_07_30-15:25:52 [W] [manage-listenClient] 发送心跳
2026_07_30-15:25:57 [W] [manage-listenClient] 发送心跳
2026_07_30-15:26:02 [W] [manage-listenClient] 发送心跳
2026_07_30-15:26:07 [W] [manage-listenClient] 发送心跳
2026_07_30-15:26:12 [W] [manage-listenClient] 发送心跳
2026_07_30-15:26:17 [W] [manage-listenClient] 发送心跳
2026_07_30-15:26:22 [W] [manage-listenClient] 发送心跳
2026_07_30-15:26:27 [W] [manage-listenClient] 发送心跳
2026_07_30-15:26:32 [W] [manage-listenClient] 发送心跳
2026_07_30-15:26:37 [W] [manage-listenClient] 发送心跳
2026_07_30-15:26:42 [W] [manage-listenClient] 发送心跳
2026_07_30-15:26:47 [W] [manage-listenClient] 发送心跳
2026_07_30-15:26:52 [W] [manage-listenClient] 发送心跳
2026_07_30-15:26:57 [W] [manage-listenClient] 发送心跳
2026_07_30-15:27:02 [W] [manage-listenClient] 发送心跳
2026_07_30-15:27:07 [W] [manage-listenClient] 发送心跳
2026_07_30-15:27:12 [W] [manage-listenClient] 发送心跳
2026_07_30-15:27:17 [W] [manage-listenClient] 发送心跳
2026_07_30-15:27:22 [W] [manage-listenClient] 发送心跳
2026_07_30-15:27:27 [W] [manage-listenClient] 发送心跳
2026_07_30-15:27:32 [W] [manage-listenClient] 发送心跳
2026_07_30-15:27:37 [W] [manage-listenClient] 发送心跳
2026_07_30-15:27:42 [W] [manage-listenClient] 发送心跳
2026_07_30-15:27:47 [W] [manage-listenClient] 发送心跳
2026_07_30-15:27:52 [W] [manage-listenClient] 发送心跳
2026_07_30-15:27:57 [W] [manage-listenClient] 发送心跳
2026_07_30-15:28:02 [W] [manage-listenClient] 发送心跳
2026_07_30-15:28:07 [W] [manage-listenClient] 发送心跳
2026_07_30-15:28:12 [W] [manage-listenClient] 发送心跳
2026_07_30-15:28:17 [W] [manage-listenClient] 发送心跳
2026_07_30-15:28:22 [W] [manage-listenClient] 发送心跳
2026_07_30-15:28:27 [W] [manage-listenClient] 发送心跳
2026_07_30-15:28:32 [W] [manage-listenClient] 发送心跳
2026_07_30-15:28:37 [W] [manage-listenClient] 发送心跳
2026_07_30-15:28:42 [W] [manage-listenClient] 发送心跳
2026_07_30-15:28:47 [W] [manage-listenClient] 发送心跳
2026_07_30-15:28:52 [W] [manage-listenClient] 发送心跳
2026_07_30-15:28:57 [W] [manage-listenClient] 发送心跳
2026_07_30-15:29:02 [W] [manage-listenClient] 发送心跳
2026_07_30-15:29:07 [W] [manage-listenClient] 发送心跳
2026_07_30-15:29:12 [W] [manage-listenClient] 发送心跳
2026_07_30-15:29:17 [W] [manage-listenClient] 发送心跳
2026_07_30-15:29:22 [W] [manage-listenClient] 发送心跳
2026_07_30-15:29:27 [W] [manage-listenClient] 发送心跳
2026_07_30-15:29:32 [W] [manage-listenClient] 发送心跳
2026_07_30-15:29:37 [W] [manage-listenClient] 发送心跳
2026_07_30-15:29:42 [W] [manage-listenClient] 发送心跳
2026_07_30-15:29:47 [W] [manage-listenClient] 发送心跳
2026_07_30-15:29:52 [W] [manage-listenClient] 发送心跳
2026_07_30-15:29:57 [W] [manage-listenClient] 发送心跳
2026_07_30-15:30:03 [W] [manage-listenClient] 发送心跳
2026_07_30-15:30:08 [W] [manage-listenClient] 发送心跳
2026_07_30-15:30:13 [W] [manage-listenClient] 发送心跳
2026_07_30-15:30:18 [W] [manage-listenClient] 发送心跳
2026_07_30-15:30:23 [W] [manage-listenClient] 发送心跳
2026_07_30-15:30:28 [W] [manage-listenClient] 发送心跳
2026_07_30-15:30:33 [W] [manage-listenClient] 发送心跳
2026_07_30-15:30:38 [W] [manage-listenClient] 发送心跳
2026_07_30-15:30:43 [W] [manage-listenClient] 发送心跳
2026_07_30-15:30:48 [W] [manage-listenClient] 发送心跳
2026_07_30-15:30:53 [W] [manage-listenClient] 发送心跳
2026_07_30-15:30:58 [W] [manage-listenClient] 发送心跳
2026_07_30-15:31:03 [W] [manage-listenClient] 发送心跳
2026_07_30-15:31:08 [W] [manage-listenClient] 发送心跳
2026_07_30-15:31:13 [W] [manage-listenClient] 发送心跳
2026_07_30-15:31:18 [W] [manage-listenClient] 发送心跳
2026_07_30-15:31:23 [W] [manage-listenClient] 发送心跳
2026_07_30-15:31:28 [W] [manage-listenClient] 发送心跳
2026_07_30-15:31:33 [W] [manage-listenClient] 发送心跳
2026_07_30-15:31:38 [W] [manage-listenClient] 发送心跳
2026_07_30-15:31:43 [W] [manage-listenClient] 发送心跳
2026_07_30-15:31:48 [W] [manage-listenClient] 发送心跳
2026_07_30-15:31:53 [W] [manage-listenClient] 发送心跳
2026_07_30-15:31:58 [W] [manage-listenClient] 发送心跳
2026_07_30-15:32:03 [W] [manage-listenClient] 发送心跳
2026_07_30-15:32:08 [W] [manage-listenClient] 发送心跳
2026_07_30-15:32:13 [W] [manage-listenClient] 发送心跳
2026_07_30-15:32:18 [W] [manage-listenClient] 发送心跳
2026_07_30-15:32:23 [W] [manage-listenClient] 发送心跳
2026_07_30-15:32:28 [W] [manage-listenClient] 发送心跳
2026_07_30-15:32:33 [W] [manage-listenClient] 发送心跳
2026_07_30-15:32:38 [W] [manage-listenClient] 发送心跳
2026_07_30-15:32:43 [W] [manage-listenClient] 发送心跳
2026_07_30-15:32:48 [W] [manage-listenClient] 发送心跳
2026_07_30-15:32:53 [W] [manage-listenClient] 发送心跳
2026_07_30-15:32:58 [W] [manage-listenClient] 发送心跳
2026_07_30-15:33:03 [W] [manage-listenClient] 发送心跳
2026_07_30-15:33:08 [W] [manage-listenClient] 发送心跳
2026_07_30-15:33:13 [W] [manage-listenClient] 发送心跳
2026_07_30-15:33:18 [W] [manage-listenClient] 发送心跳
2026_07_30-15:33:23 [W] [manage-listenClient] 发送心跳
2026_07_30-15:33:28 [W] [manage-listenClient] 发送心跳
2026_07_30-15:33:33 [W] [manage-listenClient] 发送心跳
2026_07_30-15:33:38 [W] [manage-listenClient] 发送心跳
2026_07_30-15:33:43 [W] [manage-listenClient] 发送心跳
2026_07_30-15:33:44 [D] [client] disconnect from 192.168.10.1:8090
2026_07_30-15:33:44 [I] [client] socket close = 3
2026_07_30-15:33:44 [W] [manage-listenClient] 断联：开始释放资源
2026_07_30-15:33:44 [W] [manage-listenClient] ClientQue.front()->getClientID() = 27,CurClientID.load() = 26
2026_07_30-15:33:44 [I] [client] socket connect = 1 kConnecting = 0 kConnected = 1 kDisconnecting = 2 kDisconnected = 3
2026_07_30-15:33:44 [W] [manage-CreateClient] 需要创建client Index = 29
2026_07_30-15:33:44 [D] [<UNNAME>] Connection::kConnected
2026_07_30-15:33:45 [W] [analysis] RxFlg.store(1)---serial_number = 3267 check_sn = 3267
2026_07_30-15:33:45 [W] [analysis] cv通知下发---serial_number = 3267 check_sn = 3267
2026_07_30-15:33:45 [D] [manage-listenClient] 已经授权成功，重复验证授权码
2026_07_30-15:33:45 [D] [manage-listenClient] Random: bxMjTE..., VIN: HTWW312510A000123
2026_07_30-15:33:45 [I] [manage-listenClient] License verified successfully for VIN: HTWW312510A000123
2026_07_30-15:33:45 [D] [manage-listenClient] License valid until: 2026-10-15 10:12:20
2026_07_30-15:33:45 [I] [manage-listenClient] License verified successfully for expiry: 1A0A0F0A0C14
2026_07_30-15:33:48 [W] [manage-listenClient] 发送心跳
2026_07_30-15:33:53 [W] [manage-listenClient] 发送心跳
2026_07_30-15:33:58 [W] [manage-listenClient] 发送心跳
2026_07_30-15:34:03 [W] [manage-listenClient] 发送心跳
2026_07_30-15:34:08 [W] [manage-listenClient] 发送心跳
2026_07_30-15:34:13 [W] [manage-listenClient] 发送心跳
2026_07_30-15:34:18 [W] [manage-listenClient] 发送心跳
2026_07_30-15:34:23 [W] [manage-listenClient] 发送心跳
2026_07_30-15:34:28 [W] [manage-listenClient] 发送心跳
2026_07_30-15:34:33 [W] [manage-listenClient] 发送心跳
2026_07_30-15:34:38 [W] [manage-listenClient] 发送心跳
2026_07_30-15:34:43 [W] [manage-listenClient] 发送心跳
2026_07_30-15:34:48 [W] [manage-listenClient] 发送心跳
2026_07_30-15:34:53 [W] [manage-listenClient] 发送心跳
2026_07_30-15:34:58 [W] [manage-listenClient] 发送心跳
2026_07_30-15:35:03 [W] [manage-listenClient] 发送心跳
2026_07_30-15:35:08 [W] [manage-listenClient] 发送心跳
2026_07_30-15:35:13 [W] [manage-listenClient] 发送心跳
2026_07_30-15:35:18 [W] [manage-listenClient] 发送心跳
2026_07_30-15:35:23 [W] [manage-listenClient] 发送心跳
2026_07_30-15:35:28 [W] [manage-listenClient] 发送心跳
2026_07_30-15:35:33 [W] [manage-listenClient] 发送心跳
2026_07_30-15:35:38 [W] [manage-listenClient] 发送心跳
2026_07_30-15:35:43 [W] [manage-listenClient] 发送心跳
2026_07_30-15:35:48 [W] [manage-listenClient] 发送心跳
2026_07_30-15:35:53 [W] [manage-listenClient] 发送心跳
2026_07_30-15:35:58 [W] [manage-listenClient] 发送心跳
2026_07_30-15:36:03 [W] [manage-listenClient] 发送心跳
2026_07_30-15:36:08 [W] [manage-listenClient] 发送心跳
2026_07_30-15:36:13 [W] [manage-listenClient] 发送心跳
2026_07_30-15:36:18 [W] [manage-listenClient] 发送心跳
2026_07_30-15:36:23 [W] [manage-listenClient] 发送心跳
2026_07_30-15:36:28 [W] [manage-listenClient] 发送心跳
2026_07_30-15:36:33 [W] [manage-listenClient] 发送心跳
2026_07_30-15:36:38 [W] [manage-listenClient] 发送心跳
2026_07_30-15:36:43 [W] [manage-listenClient] 发送心跳
2026_07_30-15:36:48 [W] [manage-listenClient] 发送心跳
2026_07_30-15:36:53 [W] [manage-listenClient] 发送心跳
2026_07_30-15:36:58 [W] [manage-listenClient] 发送心跳
2026_07_30-15:37:03 [W] [manage-listenClient] 发送心跳
2026_07_30-15:37:08 [W] [manage-listenClient] 发送心跳
2026_07_30-15:37:13 [W] [manage-listenClient] 发送心跳
2026_07_30-15:37:18 [W] [manage-listenClient] 发送心跳
2026_07_30-15:37:23 [W] [manage-listenClient] 发送心跳
2026_07_30-15:37:28 [W] [manage-listenClient] 发送心跳
2026_07_30-15:37:33 [W] [manage-listenClient] 发送心跳
2026_07_30-15:37:38 [W] [manage-listenClient] 发送心跳
2026_07_30-15:37:43 [W] [manage-listenClient] 发送心跳
2026_07_30-15:37:48 [W] [manage-listenClient] 发送心跳
2026_07_30-15:37:53 [W] [manage-listenClient] 发送心跳
2026_07_30-15:37:58 [W] [manage-listenClient] 发送心跳
2026_07_30-15:38:03 [W] [manage-listenClient] 发送心跳
2026_07_30-15:38:08 [W] [manage-listenClient] 发送心跳
2026_07_30-15:38:13 [W] [manage-listenClient] 发送心跳
2026_07_30-15:38:18 [W] [manage-listenClient] 发送心跳
2026_07_30-15:38:23 [W] [manage-listenClient] 发送心跳
2026_07_30-15:38:28 [W] [manage-listenClient] 发送心跳
2026_07_30-15:38:33 [W] [manage-listenClient] 发送心跳
2026_07_30-15:38:38 [W] [manage-listenClient] 发送心跳
2026_07_30-15:38:43 [W] [manage-listenClient] 发送心跳
2026_07_30-15:38:48 [W] [manage-listenClient] 发送心跳
2026_07_30-15:38:53 [W] [manage-listenClient] 发送心跳
2026_07_30-15:38:58 [W] [manage-listenClient] 发送心跳
2026_07_30-15:39:03 [W] [manage-listenClient] 发送心跳
2026_07_30-15:39:08 [W] [manage-listenClient] 发送心跳
2026_07_30-15:39:13 [W] [manage-listenClient] 发送心跳
2026_07_30-15:39:18 [W] [manage-listenClient] 发送心跳
2026_07_30-15:39:23 [W] [manage-listenClient] 发送心跳
2026_07_30-15:39:28 [W] [manage-listenClient] 发送心跳
2026_07_30-15:39:33 [W] [manage-listenClient] 发送心跳
2026_07_30-15:39:38 [W] [manage-listenClient] 发送心跳
2026_07_30-15:39:43 [W] [manage-listenClient] 发送心跳
2026_07_30-15:39:48 [W] [manage-listenClient] 发送心跳
2026_07_30-15:39:53 [W] [manage-listenClient] 发送心跳
2026_07_30-15:39:58 [W] [manage-listenClient] 发送心跳
2026_07_30-15:40:03 [W] [manage-listenClient] 发送心跳
2026_07_30-15:40:08 [W] [manage-listenClient] 发送心跳
2026_07_30-15:40:13 [W] [manage-listenClient] 发送心跳
2026_07_30-15:40:18 [W] [manage-listenClient] 发送心跳
2026_07_30-15:40:23 [W] [manage-listenClient] 发送心跳
2026_07_30-15:40:28 [W] [manage-listenClient] 发送心跳
2026_07_30-15:40:33 [W] [manage-listenClient] 发送心跳
2026_07_30-15:40:38 [W] [manage-listenClient] 发送心跳
2026_07_30-15:40:43 [W] [manage-listenClient] 发送心跳
2026_07_30-15:40:48 [W] [manage-listenClient] 发送心跳
2026_07_30-15:40:53 [W] [manage-listenClient] 发送心跳
2026_07_30-15:40:58 [W] [manage-listenClient] 发送心跳
2026_07_30-15:41:03 [W] [manage-listenClient] 发送心跳
2026_07_30-15:41:08 [W] [manage-listenClient] 发送心跳
2026_07_30-15:41:13 [W] [manage-listenClient] 发送心跳
2026_07_30-15:41:18 [W] [manage-listenClient] 发送心跳
2026_07_30-15:41:23 [W] [manage-listenClient] 发送心跳
2026_07_30-15:41:28 [W] [manage-listenClient] 发送心跳
2026_07_30-15:41:33 [W] [manage-listenClient] 发送心跳
2026_07_30-15:41:38 [W] [manage-listenClient] 发送心跳
2026_07_30-15:41:43 [W] [manage-listenClient] 发送心跳
2026_07_30-15:41:48 [W] [manage-listenClient] 发送心跳
2026_07_30-15:41:53 [W] [manage-listenClient] 发送心跳
2026_07_30-15:41:58 [W] [manage-listenClient] 发送心跳
2026_07_30-15:42:03 [W] [manage-listenClient] 发送心跳
2026_07_30-15:42:08 [W] [manage-listenClient] 发送心跳
2026_07_30-15:42:13 [W] [manage-listenClient] 发送心跳
2026_07_30-15:42:18 [W] [manage-listenClient] 发送心跳
2026_07_30-15:42:23 [W] [manage-listenClient] 发送心跳
2026_07_30-15:42:28 [W] [manage-listenClient] 发送心跳
2026_07_30-15:42:33 [W] [manage-listenClient] 发送心跳
2026_07_30-15:42:38 [W] [manage-listenClient] 发送心跳
2026_07_30-15:42:43 [W] [manage-listenClient] 发送心跳
2026_07_30-15:42:48 [W] [manage-listenClient] 发送心跳
2026_07_30-15:42:53 [W] [manage-listenClient] 发送心跳
2026_07_30-15:42:58 [W] [manage-listenClient] 发送心跳
2026_07_30-15:43:03 [W] [manage-listenClient] 发送心跳
2026_07_30-15:43:08 [W] [manage-listenClient] 发送心跳
2026_07_30-15:43:13 [W] [manage-listenClient] 发送心跳
2026_07_30-15:43:18 [W] [manage-listenClient] 发送心跳
2026_07_30-15:43:23 [W] [manage-listenClient] 发送心跳
2026_07_30-15:43:28 [W] [manage-listenClient] 发送心跳
2026_07_30-15:43:33 [W] [manage-listenClient] 发送心跳
2026_07_30-15:43:38 [W] [manage-listenClient] 发送心跳
2026_07_30-15:43:43 [W] [manage-listenClient] 发送心跳
2026_07_30-15:43:44 [D] [client] disconnect from 192.168.10.1:8090
2026_07_30-15:43:44 [I] [client] socket close = 3
2026_07_30-15:43:44 [W] [manage-listenClient] 断联：开始释放资源
2026_07_30-15:43:44 [W] [manage-listenClient] ClientQue.front()->getClientID() = 28,CurClientID.load() = 27
2026_07_30-15:43:44 [I] [client] socket connect = 1 kConnecting = 0 kConnected = 1 kDisconnecting = 2 kDisconnected = 3
2026_07_30-15:43:44 [W] [manage-CreateClient] 需要创建client Index = 30
2026_07_30-15:43:45 [D] [<UNNAME>] Connection::kConnected
2026_07_30-15:43:45 [W] [analysis] RxFlg.store(1)---serial_number = 3388 check_sn = 3388
2026_07_30-15:43:45 [W] [analysis] cv通知下发---serial_number = 3388 check_sn = 3388
2026_07_30-15:43:45 [D] [manage-listenClient] 已经授权成功，重复验证授权码
2026_07_30-15:43:45 [D] [manage-listenClient] Random: bxMjTE..., VIN: HTWW312510A000123
2026_07_30-15:43:45 [I] [manage-listenClient] License verified successfully for VIN: HTWW312510A000123
2026_07_30-15:43:45 [D] [manage-listenClient] License valid until: 2026-10-15 10:12:20
2026_07_30-15:43:45 [I] [manage-listenClient] License verified successfully for expiry: 1A0A0F0A0C14
2026_07_30-15:43:48 [W] [manage-listenClient] 发送心跳
2026_07_30-15:43:53 [W] [manage-listenClient] 发送心跳
2026_07_30-15:43:58 [W] [manage-listenClient] 发送心跳
2026_07_30-15:44:03 [W] [manage-listenClient] 发送心跳
2026_07_30-15:44:08 [W] [manage-listenClient] 发送心跳
2026_07_30-15:44:13 [W] [manage-listenClient] 发送心跳
2026_07_30-15:44:18 [W] [manage-listenClient] 发送心跳
2026_07_30-15:44:23 [W] [manage-listenClient] 发送心跳
2026_07_30-15:44:28 [W] [manage-listenClient] 发送心跳
2026_07_30-15:44:33 [W] [manage-listenClient] 发送心跳
2026_07_30-15:44:38 [W] [manage-listenClient] 发送心跳
2026_07_30-15:44:43 [W] [manage-listenClient] 发送心跳
2026_07_30-15:44:48 [W] [manage-listenClient] 发送心跳
2026_07_30-15:44:53 [W] [manage-listenClient] 发送心跳
2026_07_30-15:44:58 [W] [manage-listenClient] 发送心跳
2026_07_30-15:45:03 [W] [manage-listenClient] 发送心跳
2026_07_30-15:45:08 [W] [manage-listenClient] 发送心跳
2026_07_30-15:45:13 [W] [manage-listenClient] 发送心跳
2026_07_30-15:45:18 [W] [manage-listenClient] 发送心跳
2026_07_30-15:45:23 [W] [manage-listenClient] 发送心跳
2026_07_30-15:45:28 [W] [manage-listenClient] 发送心跳
2026_07_30-15:45:33 [W] [manage-listenClient] 发送心跳
2026_07_30-15:45:38 [W] [manage-listenClient] 发送心跳
2026_07_30-15:45:43 [W] [manage-listenClient] 发送心跳
2026_07_30-15:45:48 [W] [manage-listenClient] 发送心跳
2026_07_30-15:45:53 [W] [manage-listenClient] 发送心跳
2026_07_30-15:45:58 [W] [manage-listenClient] 发送心跳
2026_07_30-15:46:03 [W] [manage-listenClient] 发送心跳
2026_07_30-15:46:08 [W] [manage-listenClient] 发送心跳
2026_07_30-15:46:13 [W] [manage-listenClient] 发送心跳
2026_07_30-15:46:18 [W] [manage-listenClient] 发送心跳
2026_07_30-15:46:23 [W] [manage-listenClient] 发送心跳
2026_07_30-15:46:28 [W] [manage-listenClient] 发送心跳
2026_07_30-15:46:33 [W] [manage-listenClient] 发送心跳
2026_07_30-15:46:38 [W] [manage-listenClient] 发送心跳
2026_07_30-15:46:43 [W] [manage-listenClient] 发送心跳
2026_07_30-15:46:48 [W] [manage-listenClient] 发送心跳
2026_07_30-15:46:53 [W] [manage-listenClient] 发送心跳
2026_07_30-15:46:58 [W] [manage-listenClient] 发送心跳
2026_07_30-15:47:03 [W] [manage-listenClient] 发送心跳
2026_07_30-15:47:08 [W] [manage-listenClient] 发送心跳
2026_07_30-15:47:13 [W] [manage-listenClient] 发送心跳
2026_07_30-15:47:19 [W] [manage-listenClient] 发送心跳
2026_07_30-15:47:24 [W] [manage-listenClient] 发送心跳
2026_07_30-15:47:29 [W] [manage-listenClient] 发送心跳
2026_07_30-15:47:34 [W] [manage-listenClient] 发送心跳
2026_07_30-15:47:39 [W] [manage-listenClient] 发送心跳
2026_07_30-15:47:44 [W] [manage-listenClient] 发送心跳
2026_07_30-15:47:49 [W] [manage-listenClient] 发送心跳
2026_07_30-15:47:54 [W] [manage-listenClient] 发送心跳
2026_07_30-15:47:59 [W] [manage-listenClient] 发送心跳
2026_07_30-15:48:04 [W] [manage-listenClient] 发送心跳
2026_07_30-15:48:09 [W] [manage-listenClient] 发送心跳
2026_07_30-15:48:14 [W] [manage-listenClient] 发送心跳
2026_07_30-15:48:19 [W] [manage-listenClient] 发送心跳
2026_07_30-15:48:24 [W] [manage-listenClient] 发送心跳
2026_07_30-15:48:29 [W] [manage-listenClient] 发送心跳
2026_07_30-15:48:34 [W] [manage-listenClient] 发送心跳
2026_07_30-15:48:39 [W] [manage-listenClient] 发送心跳
2026_07_30-15:48:44 [W] [manage-listenClient] 发送心跳
2026_07_30-15:48:49 [W] [manage-listenClient] 发送心跳
2026_07_30-15:48:54 [W] [manage-listenClient] 发送心跳
2026_07_30-15:48:59 [W] [manage-listenClient] 发送心跳
2026_07_30-15:49:04 [W] [manage-listenClient] 发送心跳
2026_07_30-15:49:09 [W] [manage-listenClient] 发送心跳
2026_07_30-15:49:14 [W] [manage-listenClient] 发送心跳
2026_07_30-15:49:19 [W] [manage-listenClient] 发送心跳
2026_07_30-15:49:24 [W] [manage-listenClient] 发送心跳
2026_07_30-15:49:29 [W] [manage-listenClient] 发送心跳
2026_07_30-15:49:34 [W] [manage-listenClient] 发送心跳
2026_07_30-15:49:39 [W] [manage-listenClient] 发送心跳
2026_07_30-15:49:44 [W] [manage-listenClient] 发送心跳
2026_07_30-15:49:49 [W] [manage-listenClient] 发送心跳
2026_07_30-15:49:54 [W] [manage-listenClient] 发送心跳
2026_07_30-15:49:59 [W] [manage-listenClient] 发送心跳
2026_07_30-15:50:04 [W] [manage-listenClient] 发送心跳
2026_07_30-15:50:09 [W] [manage-listenClient] 发送心跳
2026_07_30-15:50:14 [W] [manage-listenClient] 发送心跳
2026_07_30-15:50:19 [W] [manage-listenClient] 发送心跳
2026_07_30-15:50:24 [W] [manage-listenClient] 发送心跳
2026_07_30-15:50:29 [W] [manage-listenClient] 发送心跳
2026_07_30-15:50:34 [W] [manage-listenClient] 发送心跳
2026_07_30-15:50:39 [W] [manage-listenClient] 发送心跳
2026_07_30-15:50:44 [W] [manage-listenClient] 发送心跳
2026_07_30-15:50:49 [W] [manage-listenClient] 发送心跳
2026_07_30-15:50:54 [W] [manage-listenClient] 发送心跳
2026_07_30-15:50:59 [W] [manage-listenClient] 发送心跳
2026_07_30-15:51:04 [W] [manage-listenClient] 发送心跳
2026_07_30-15:51:09 [W] [manage-listenClient] 发送心跳
2026_07_30-15:51:14 [W] [manage-listenClient] 发送心跳
2026_07_30-15:51:19 [W] [manage-listenClient] 发送心跳
2026_07_30-15:51:24 [W] [manage-listenClient] 发送心跳
2026_07_30-15:51:29 [W] [manage-listenClient] 发送心跳
2026_07_30-15:51:34 [W] [manage-listenClient] 发送心跳
2026_07_30-15:51:39 [W] [manage-listenClient] 发送心跳
2026_07_30-15:51:44 [W] [manage-listenClient] 发送心跳
2026_07_30-15:51:49 [W] [manage-listenClient] 发送心跳
2026_07_30-15:51:54 [W] [manage-listenClient] 发送心跳
2026_07_30-15:51:59 [W] [manage-listenClient] 发送心跳
2026_07_30-15:52:04 [W] [manage-listenClient] 发送心跳
2026_07_30-15:52:09 [W] [manage-listenClient] 发送心跳
2026_07_30-15:52:14 [W] [manage-listenClient] 发送心跳
2026_07_30-15:52:19 [W] [manage-listenClient] 发送心跳
2026_07_30-15:52:24 [W] [manage-listenClient] 发送心跳
2026_07_30-15:52:29 [W] [manage-listenClient] 发送心跳
2026_07_30-15:52:34 [W] [manage-listenClient] 发送心跳
2026_07_30-15:52:39 [W] [manage-listenClient] 发送心跳
2026_07_30-15:52:44 [W] [manage-listenClient] 发送心跳
2026_07_30-15:52:49 [W] [manage-listenClient] 发送心跳
2026_07_30-15:52:54 [W] [manage-listenClient] 发送心跳
2026_07_30-15:52:59 [W] [manage-listenClient] 发送心跳
2026_07_30-15:53:04 [W] [manage-listenClient] 发送心跳
2026_07_30-15:53:09 [W] [manage-listenClient] 发送心跳
2026_07_30-15:53:14 [W] [manage-listenClient] 发送心跳
2026_07_30-15:53:19 [W] [manage-listenClient] 发送心跳
2026_07_30-15:53:24 [W] [manage-listenClient] 发送心跳
2026_07_30-15:53:29 [W] [manage-listenClient] 发送心跳
2026_07_30-15:53:34 [W] [manage-listenClient] 发送心跳
2026_07_30-15:53:39 [W] [manage-listenClient] 发送心跳
2026_07_30-15:53:44 [W] [manage-listenClient] 发送心跳
2026_07_30-15:53:45 [D] [client] disconnect from 192.168.10.1:8090
2026_07_30-15:53:45 [I] [client] socket close = 3
2026_07_30-15:53:45 [W] [manage-listenClient] 断联：开始释放资源
2026_07_30-15:53:45 [W] [manage-listenClient] ClientQue.front()->getClientID() = 29,CurClientID.load() = 28
2026_07_30-15:53:45 [I] [client] socket connect = 1 kConnecting = 0 kConnected = 1 kDisconnecting = 2 kDisconnected = 3
2026_07_30-15:53:45 [W] [manage-CreateClient] 需要创建client Index = 31
2026_07_30-15:53:45 [D] [<UNNAME>] Connection::kConnected
2026_07_30-15:53:45 [W] [analysis] RxFlg.store(1)---serial_number = 3509 check_sn = 3509
2026_07_30-15:53:45 [W] [analysis] cv通知下发---serial_number = 3509 check_sn = 3509
2026_07_30-15:53:45 [D] [manage-listenClient] 已经授权成功，重复验证授权码
2026_07_30-15:53:45 [D] [manage-listenClient] Random: bxMjTE..., VIN: HTWW312510A000123
2026_07_30-15:53:45 [I] [manage-listenClient] License verified successfully for VIN: HTWW312510A000123
2026_07_30-15:53:45 [D] [manage-listenClient] License valid until: 2026-10-15 10:12:20
2026_07_30-15:53:45 [I] [manage-listenClient] License verified successfully for expiry: 1A0A0F0A0C14
2026_07_30-15:53:49 [W] [manage-listenClient] 发送心跳
2026_07_30-15:53:54 [W] [manage-listenClient] 发送心跳
2026_07_30-15:53:59 [W] [manage-listenClient] 发送心跳
2026_07_30-15:54:04 [W] [manage-listenClient] 发送心跳
2026_07_30-15:54:09 [W] [manage-listenClient] 发送心跳
2026_07_30-15:54:14 [W] [manage-listenClient] 发送心跳
2026_07_30-15:54:19 [W] [manage-listenClient] 发送心跳
2026_07_30-15:54:24 [W] [manage-listenClient] 发送心跳
2026_07_30-15:54:29 [W] [manage-listenClient] 发送心跳
2026_07_30-15:54:34 [W] [manage-listenClient] 发送心跳
2026_07_30-15:54:39 [W] [manage-listenClient] 发送心跳
2026_07_30-15:54:44 [W] [manage-listenClient] 发送心跳
2026_07_30-15:54:49 [W] [manage-listenClient] 发送心跳
2026_07_30-15:54:54 [W] [manage-listenClient] 发送心跳
2026_07_30-15:54:59 [W] [manage-listenClient] 发送心跳
2026_07_30-15:55:04 [W] [manage-listenClient] 发送心跳
2026_07_30-15:55:09 [W] [manage-listenClient] 发送心跳
2026_07_30-15:55:14 [W] [manage-listenClient] 发送心跳
2026_07_30-15:55:19 [W] [manage-listenClient] 发送心跳
2026_07_30-15:55:24 [W] [manage-listenClient] 发送心跳
2026_07_30-15:55:29 [W] [manage-listenClient] 发送心跳
2026_07_30-15:55:34 [W] [manage-listenClient] 发送心跳
2026_07_30-15:55:39 [W] [manage-listenClient] 发送心跳
2026_07_30-15:55:44 [W] [manage-listenClient] 发送心跳
2026_07_30-15:55:49 [W] [manage-listenClient] 发送心跳
2026_07_30-15:55:54 [W] [manage-listenClient] 发送心跳
2026_07_30-15:55:59 [W] [manage-listenClient] 发送心跳
2026_07_30-15:56:04 [W] [manage-listenClient] 发送心跳
2026_07_30-15:56:09 [W] [manage-listenClient] 发送心跳
2026_07_30-15:56:14 [W] [manage-listenClient] 发送心跳
2026_07_30-15:56:19 [W] [manage-listenClient] 发送心跳
2026_07_30-15:56:24 [W] [manage-listenClient] 发送心跳
2026_07_30-15:56:29 [W] [manage-listenClient] 发送心跳
2026_07_30-15:56:34 [W] [manage-listenClient] 发送心跳
2026_07_30-15:56:39 [W] [manage-listenClient] 发送心跳
2026_07_30-15:56:44 [W] [manage-listenClient] 发送心跳
2026_07_30-15:56:49 [W] [manage-listenClient] 发送心跳
2026_07_30-15:56:54 [W] [manage-listenClient] 发送心跳
2026_07_30-15:56:59 [W] [manage-listenClient] 发送心跳
2026_07_30-15:57:04 [W] [manage-listenClient] 发送心跳
2026_07_30-15:57:09 [W] [manage-listenClient] 发送心跳
2026_07_30-15:57:14 [W] [manage-listenClient] 发送心跳
2026_07_30-15:57:19 [W] [manage-listenClient] 发送心跳
2026_07_30-15:57:24 [W] [manage-listenClient] 发送心跳
2026_07_30-15:57:29 [W] [manage-listenClient] 发送心跳
2026_07_30-15:57:34 [W] [manage-listenClient] 发送心跳
2026_07_30-15:57:39 [W] [manage-listenClient] 发送心跳
2026_07_30-15:57:44 [W] [manage-listenClient] 发送心跳
2026_07_30-15:57:49 [W] [manage-listenClient] 发送心跳
2026_07_30-15:57:54 [W] [manage-listenClient] 发送心跳
2026_07_30-15:57:59 [W] [manage-listenClient] 发送心跳
2026_07_30-15:58:04 [W] [manage-listenClient] 发送心跳
2026_07_30-15:58:09 [W] [manage-listenClient] 发送心跳
2026_07_30-15:58:14 [W] [manage-listenClient] 发送心跳
2026_07_30-15:58:19 [W] [manage-listenClient] 发送心跳
2026_07_30-15:58:24 [W] [manage-listenClient] 发送心跳
2026_07_30-15:58:29 [W] [manage-listenClient] 发送心跳
2026_07_30-15:58:34 [W] [manage-listenClient] 发送心跳
2026_07_30-15:58:39 [W] [manage-listenClient] 发送心跳
2026_07_30-15:58:44 [W] [manage-listenClient] 发送心跳
2026_07_30-15:58:49 [W] [manage-listenClient] 发送心跳
2026_07_30-15:58:54 [W] [manage-listenClient] 发送心跳
2026_07_30-15:58:59 [W] [manage-listenClient] 发送心跳
2026_07_30-15:59:04 [W] [manage-listenClient] 发送心跳
2026_07_30-15:59:09 [W] [manage-listenClient] 发送心跳
2026_07_30-15:59:14 [W] [manage-listenClient] 发送心跳
2026_07_30-15:59:19 [W] [manage-listenClient] 发送心跳
2026_07_30-15:59:24 [W] [manage-listenClient] 发送心跳
2026_07_30-15:59:29 [W] [manage-listenClient] 发送心跳
2026_07_30-15:59:34 [W] [manage-listenClient] 发送心跳
2026_07_30-15:59:39 [W] [manage-listenClient] 发送心跳
2026_07_30-15:59:44 [W] [manage-listenClient] 发送心跳
2026_07_30-15:59:49 [W] [manage-listenClient] 发送心跳
2026_07_30-15:59:54 [W] [manage-listenClient] 发送心跳
2026_07_30-15:59:59 [W] [manage-listenClient] 发送心跳
2026_07_30-16:00:04 [W] [manage-listenClient] 发送心跳
2026_07_30-16:00:09 [W] [manage-listenClient] 发送心跳
2026_07_30-16:00:14 [W] [manage-listenClient] 发送心跳
2026_07_30-16:00:19 [W] [manage-listenClient] 发送心跳
2026_07_30-16:00:24 [W] [manage-listenClient] 发送心跳
2026_07_30-16:00:29 [W] [manage-listenClient] 发送心跳
2026_07_30-16:00:34 [W] [manage-listenClient] 发送心跳
2026_07_30-16:00:39 [W] [manage-listenClient] 发送心跳
2026_07_30-16:00:44 [W] [manage-listenClient] 发送心跳
2026_07_30-16:00:49 [W] [manage-listenClient] 发送心跳
2026_07_30-16:00:54 [W] [manage-listenClient] 发送心跳
2026_07_30-16:00:59 [W] [manage-listenClient] 发送心跳
2026_07_30-16:01:04 [W] [manage-listenClient] 发送心跳
2026_07_30-16:01:09 [W] [manage-listenClient] 发送心跳
2026_07_30-16:01:14 [W] [manage-listenClient] 发送心跳
2026_07_30-16:01:19 [W] [manage-listenClient] 发送心跳
2026_07_30-16:01:24 [W] [manage-listenClient] 发送心跳
2026_07_30-16:01:29 [W] [manage-listenClient] 发送心跳
2026_07_30-16:01:34 [W] [manage-listenClient] 发送心跳
2026_07_30-16:01:39 [W] [manage-listenClient] 发送心跳
2026_07_30-16:01:44 [W] [manage-listenClient] 发送心跳
2026_07_30-16:01:49 [W] [manage-listenClient] 发送心跳
2026_07_30-16:01:54 [W] [manage-listenClient] 发送心跳
2026_07_30-16:01:59 [W] [manage-listenClient] 发送心跳
2026_07_30-16:02:04 [W] [manage-listenClient] 发送心跳
2026_07_30-16:02:09 [W] [manage-listenClient] 发送心跳
2026_07_30-16:02:14 [W] [manage-listenClient] 发送心跳
2026_07_30-16:02:19 [W] [manage-listenClient] 发送心跳
2026_07_30-16:02:24 [W] [manage-listenClient] 发送心跳
2026_07_30-16:02:29 [W] [manage-listenClient] 发送心跳
2026_07_30-16:02:34 [W] [manage-listenClient] 发送心跳
2026_07_30-16:02:39 [W] [manage-listenClient] 发送心跳
2026_07_30-16:02:44 [W] [manage-listenClient] 发送心跳
2026_07_30-16:02:49 [W] [manage-listenClient] 发送心跳
2026_07_30-16:02:54 [W] [manage-listenClient] 发送心跳
2026_07_30-16:02:59 [W] [manage-listenClient] 发送心跳
2026_07_30-16:03:04 [W] [manage-listenClient] 发送心跳
2026_07_30-16:03:09 [W] [manage-listenClient] 发送心跳
2026_07_30-16:03:14 [W] [manage-listenClient] 发送心跳
2026_07_30-16:03:19 [W] [manage-listenClient] 发送心跳
2026_07_30-16:03:24 [W] [manage-listenClient] 发送心跳
2026_07_30-16:03:29 [W] [manage-listenClient] 发送心跳
2026_07_30-16:03:34 [W] [manage-listenClient] 发送心跳
2026_07_30-16:03:39 [W] [manage-listenClient] 发送心跳
2026_07_30-16:03:44 [W] [manage-listenClient] 发送心跳
2026_07_30-16:03:45 [D] [client] disconnect from 192.168.10.1:8090
2026_07_30-16:03:45 [I] [client] socket close = 3
2026_07_30-16:03:45 [W] [manage-listenClient] 断联：开始释放资源
2026_07_30-16:03:45 [W] [manage-listenClient] ClientQue.front()->getClientID() = 30,CurClientID.load() = 29
2026_07_30-16:03:45 [I] [client] socket connect = 1 kConnecting = 0 kConnected = 1 kDisconnecting = 2 kDisconnected = 3
2026_07_30-16:03:45 [W] [manage-CreateClient] 需要创建client Index = 32
2026_07_30-16:03:45 [D] [<UNNAME>] Connection::kConnected
2026_07_30-16:03:45 [W] [analysis] RxFlg.store(1)---serial_number = 3630 check_sn = 3630
2026_07_30-16:03:45 [W] [analysis] cv通知下发---serial_number = 3630 check_sn = 3630
2026_07_30-16:03:45 [D] [manage-listenClient] 已经授权成功，重复验证授权码
2026_07_30-16:03:45 [D] [manage-listenClient] Random: bxMjTE..., VIN: HTWW312510A000123
2026_07_30-16:03:45 [I] [manage-listenClient] License verified successfully for VIN: HTWW312510A000123
2026_07_30-16:03:45 [D] [manage-listenClient] License valid until: 2026-10-15 10:12:20
2026_07_30-16:03:45 [I] [manage-listenClient] License verified successfully for expiry: 1A0A0F0A0C14
2026_07_30-16:03:50 [W] [manage-listenClient] 发送心跳
2026_07_30-16:03:55 [W] [manage-listenClient] 发送心跳
2026_07_30-16:04:00 [W] [manage-listenClient] 发送心跳
2026_07_30-16:04:05 [W] [manage-listenClient] 发送心跳
2026_07_30-16:04:10 [W] [manage-listenClient] 发送心跳
2026_07_30-16:04:15 [W] [manage-listenClient] 发送心跳
2026_07_30-16:04:20 [W] [manage-listenClient] 发送心跳
2026_07_30-16:04:25 [W] [manage-listenClient] 发送心跳
2026_07_30-16:04:30 [W] [manage-listenClient] 发送心跳
2026_07_30-16:04:35 [W] [manage-listenClient] 发送心跳
2026_07_30-16:04:40 [W] [manage-listenClient] 发送心跳
2026_07_30-16:04:45 [W] [manage-listenClient] 发送心跳
2026_07_30-16:04:50 [W] [manage-listenClient] 发送心跳
2026_07_30-16:04:55 [W] [manage-listenClient] 发送心跳
2026_07_30-16:05:00 [W] [manage-listenClient] 发送心跳
2026_07_30-16:05:05 [W] [manage-listenClient] 发送心跳
2026_07_30-16:05:10 [W] [manage-listenClient] 发送心跳
2026_07_30-16:05:15 [W] [manage-listenClient] 发送心跳
2026_07_30-16:05:20 [W] [manage-listenClient] 发送心跳
2026_07_30-16:05:25 [W] [manage-listenClient] 发送心跳
2026_07_30-16:05:30 [W] [manage-listenClient] 发送心跳
2026_07_30-16:05:35 [W] [manage-listenClient] 发送心跳
2026_07_30-16:05:40 [W] [manage-listenClient] 发送心跳
2026_07_30-16:05:45 [W] [manage-listenClient] 发送心跳
2026_07_30-16:05:50 [W] [manage-listenClient] 发送心跳
2026_07_30-16:05:55 [W] [manage-listenClient] 发送心跳
2026_07_30-16:06:00 [W] [manage-listenClient] 发送心跳
2026_07_30-16:06:05 [W] [manage-listenClient] 发送心跳
2026_07_30-16:06:10 [W] [manage-listenClient] 发送心跳
2026_07_30-16:06:15 [W] [manage-listenClient] 发送心跳
2026_07_30-16:06:20 [W] [manage-listenClient] 发送心跳
2026_07_30-16:06:25 [W] [manage-listenClient] 发送心跳
2026_07_30-16:06:30 [W] [manage-listenClient] 发送心跳
2026_07_30-16:06:35 [W] [manage-listenClient] 发送心跳
2026_07_30-16:06:40 [W] [manage-listenClient] 发送心跳
2026_07_30-16:06:45 [W] [manage-listenClient] 发送心跳
2026_07_30-16:06:50 [W] [manage-listenClient] 发送心跳
2026_07_30-16:06:55 [W] [manage-listenClient] 发送心跳
2026_07_30-16:07:00 [W] [manage-listenClient] 发送心跳
2026_07_30-16:07:05 [W] [manage-listenClient] 发送心跳
2026_07_30-16:07:10 [W] [manage-listenClient] 发送心跳
2026_07_30-16:07:15 [W] [manage-listenClient] 发送心跳
2026_07_30-16:07:20 [W] [manage-listenClient] 发送心跳
2026_07_30-16:07:25 [W] [manage-listenClient] 发送心跳
2026_07_30-16:07:30 [W] [manage-listenClient] 发送心跳
2026_07_30-16:07:35 [W] [manage-listenClient] 发送心跳
2026_07_30-16:07:40 [W] [manage-listenClient] 发送心跳
2026_07_30-16:07:45 [W] [manage-listenClient] 发送心跳
2026_07_30-16:07:50 [W] [manage-listenClient] 发送心跳
2026_07_30-16:07:55 [W] [manage-listenClient] 发送心跳
2026_07_30-16:08:00 [W] [manage-listenClient] 发送心跳
2026_07_30-16:08:05 [W] [manage-listenClient] 发送心跳
2026_07_30-16:08:10 [W] [manage-listenClient] 发送心跳
2026_07_30-16:08:15 [W] [manage-listenClient] 发送心跳
2026_07_30-16:08:20 [W] [manage-listenClient] 发送心跳
2026_07_30-16:08:25 [W] [manage-listenClient] 发送心跳
2026_07_30-16:08:30 [W] [manage-listenClient] 发送心跳
2026_07_30-16:08:35 [W] [manage-listenClient] 发送心跳
2026_07_30-16:08:40 [W] [manage-listenClient] 发送心跳
2026_07_30-16:08:45 [W] [manage-listenClient] 发送心跳
2026_07_30-16:08:50 [W] [manage-listenClient] 发送心跳
2026_07_30-16:08:55 [W] [manage-listenClient] 发送心跳
2026_07_30-16:09:00 [W] [manage-listenClient] 发送心跳
2026_07_30-16:09:05 [W] [manage-listenClient] 发送心跳
2026_07_30-16:09:10 [W] [manage-listenClient] 发送心跳
2026_07_30-16:09:15 [W] [manage-listenClient] 发送心跳
2026_07_30-16:09:20 [W] [manage-listenClient] 发送心跳
2026_07_30-16:09:25 [W] [manage-listenClient] 发送心跳
2026_07_30-16:09:30 [W] [manage-listenClient] 发送心跳
2026_07_30-16:09:35 [W] [manage-listenClient] 发送心跳
2026_07_30-16:09:40 [W] [manage-listenClient] 发送心跳
2026_07_30-16:09:45 [W] [manage-listenClient] 发送心跳
2026_07_30-16:09:50 [W] [manage-listenClient] 发送心跳
2026_07_30-16:09:55 [W] [manage-listenClient] 发送心跳
2026_07_30-16:10:00 [W] [manage-listenClient] 发送心跳
2026_07_30-16:10:05 [W] [manage-listenClient] 发送心跳
2026_07_30-16:10:10 [W] [manage-listenClient] 发送心跳
2026_07_30-16:10:15 [W] [manage-listenClient] 发送心跳
2026_07_30-16:10:20 [W] [manage-listenClient] 发送心跳
2026_07_30-16:10:25 [W] [manage-listenClient] 发送心跳
2026_07_30-16:10:30 [W] [manage-listenClient] 发送心跳
2026_07_30-16:10:35 [W] [manage-listenClient] 发送心跳
2026_07_30-16:10:40 [W] [manage-listenClient] 发送心跳
2026_07_30-16:10:45 [W] [manage-listenClient] 发送心跳
2026_07_30-16:10:50 [W] [manage-listenClient] 发送心跳
2026_07_30-16:10:55 [W] [manage-listenClient] 发送心跳
2026_07_30-16:11:00 [W] [manage-listenClient] 发送心跳
2026_07_30-16:11:05 [W] [manage-listenClient] 发送心跳
2026_07_30-16:11:10 [W] [manage-listenClient] 发送心跳
2026_07_30-16:11:15 [W] [manage-listenClient] 发送心跳
2026_07_30-16:11:20 [W] [manage-listenClient] 发送心跳
2026_07_30-16:11:25 [W] [manage-listenClient] 发送心跳
2026_07_30-16:11:30 [W] [manage-listenClient] 发送心跳
2026_07_30-16:11:35 [W] [manage-listenClient] 发送心跳
2026_07_30-16:11:40 [W] [manage-listenClient] 发送心跳
2026_07_30-16:11:45 [W] [manage-listenClient] 发送心跳
2026_07_30-16:11:50 [W] [manage-listenClient] 发送心跳
2026_07_30-16:11:55 [W] [manage-listenClient] 发送心跳
2026_07_30-16:12:00 [W] [manage-listenClient] 发送心跳
2026_07_30-16:12:05 [W] [manage-listenClient] 发送心跳
2026_07_30-16:12:10 [W] [manage-listenClient] 发送心跳
2026_07_30-16:12:15 [W] [manage-listenClient] 发送心跳
2026_07_30-16:12:20 [W] [manage-listenClient] 发送心跳
2026_07_30-16:12:25 [W] [manage-listenClient] 发送心跳
2026_07_30-16:12:30 [W] [manage-listenClient] 发送心跳
2026_07_30-16:12:35 [W] [manage-listenClient] 发送心跳
2026_07_30-16:12:40 [W] [manage-listenClient] 发送心跳
2026_07_30-16:12:45 [W] [manage-listenClient] 发送心跳
2026_07_30-16:12:50 [W] [manage-listenClient] 发送心跳
2026_07_30-16:12:55 [W] [manage-listenClient] 发送心跳
2026_07_30-16:13:00 [W] [manage-listenClient] 发送心跳
2026_07_30-16:13:05 [W] [manage-listenClient] 发送心跳
2026_07_30-16:13:10 [W] [manage-listenClient] 发送心跳
2026_07_30-16:13:15 [W] [manage-listenClient] 发送心跳
2026_07_30-16:13:20 [W] [manage-listenClient] 发送心跳
2026_07_30-16:13:25 [W] [manage-listenClient] 发送心跳
2026_07_30-16:13:30 [W] [manage-listenClient] 发送心跳
2026_07_30-16:13:35 [W] [manage-listenClient] 发送心跳
2026_07_30-16:13:40 [W] [manage-listenClient] 发送心跳
2026_07_30-16:13:45 [W] [manage-listenClient] 发送心跳
2026_07_30-16:13:45 [D] [client] disconnect from 192.168.10.1:8090
2026_07_30-16:13:45 [I] [client] socket close = 3
2026_07_30-16:13:45 [W] [manage-listenClient] 断联：开始释放资源
2026_07_30-16:13:45 [W] [manage-listenClient] ClientQue.front()->getClientID() = 31,CurClientID.load() = 30
2026_07_30-16:13:45 [I] [client] socket connect = 1 kConnecting = 0 kConnected = 1 kDisconnecting = 2 kDisconnected = 3
2026_07_30-16:13:46 [W] [manage-CreateClient] 需要创建client Index = 33
2026_07_30-16:13:46 [D] [<UNNAME>] Connection::kConnected
2026_07_30-16:13:46 [W] [analysis] RxFlg.store(1)---serial_number = 3751 check_sn = 3751
2026_07_30-16:13:46 [W] [analysis] cv通知下发---serial_number = 3751 check_sn = 3751
2026_07_30-16:13:46 [D] [manage-listenClient] 已经授权成功，重复验证授权码
2026_07_30-16:13:46 [D] [manage-listenClient] Random: bxMjTE..., VIN: HTWW312510A000123
2026_07_30-16:13:46 [I] [manage-listenClient] License verified successfully for VIN: HTWW312510A000123
2026_07_30-16:13:46 [D] [manage-listenClient] License valid until: 2026-10-15 10:12:20
2026_07_30-16:13:46 [I] [manage-listenClient] License verified successfully for expiry: 1A0A0F0A0C14
2026_07_30-16:13:50 [W] [manage-listenClient] 发送心跳
2026_07_30-16:13:55 [W] [manage-listenClient] 发送心跳
2026_07_30-16:14:00 [W] [manage-listenClient] 发送心跳
2026_07_30-16:14:05 [W] [manage-listenClient] 发送心跳
2026_07_30-16:14:10 [W] [manage-listenClient] 发送心跳
2026_07_30-16:14:15 [W] [manage-listenClient] 发送心跳
2026_07_30-16:14:20 [W] [manage-listenClient] 发送心跳
2026_07_30-16:14:25 [W] [manage-listenClient] 发送心跳
2026_07_30-16:14:30 [W] [manage-listenClient] 发送心跳
2026_07_30-16:14:35 [W] [manage-listenClient] 发送心跳
2026_07_30-16:14:40 [W] [manage-listenClient] 发送心跳
2026_07_30-16:14:45 [W] [manage-listenClient] 发送心跳
2026_07_30-16:14:50 [W] [manage-listenClient] 发送心跳
2026_07_30-16:14:55 [W] [manage-listenClient] 发送心跳
2026_07_30-16:15:00 [W] [manage-listenClient] 发送心跳
2026_07_30-16:15:05 [W] [manage-listenClient] 发送心跳
2026_07_30-16:15:10 [W] [manage-listenClient] 发送心跳
2026_07_30-16:15:15 [W] [manage-listenClient] 发送心跳
2026_07_30-16:15:20 [W] [manage-listenClient] 发送心跳
2026_07_30-16:15:25 [W] [manage-listenClient] 发送心跳
2026_07_30-16:15:30 [W] [manage-listenClient] 发送心跳
2026_07_30-16:15:35 [W] [manage-listenClient] 发送心跳
2026_07_30-16:15:41 [W] [manage-listenClient] 发送心跳
2026_07_30-16:15:46 [W] [manage-listenClient] 发送心跳
2026_07_30-16:15:51 [W] [manage-listenClient] 发送心跳
2026_07_30-16:15:56 [W] [manage-listenClient] 发送心跳
2026_07_30-16:16:01 [W] [manage-listenClient] 发送心跳
2026_07_30-16:16:06 [W] [manage-listenClient] 发送心跳
2026_07_30-16:16:11 [W] [manage-listenClient] 发送心跳
2026_07_30-16:16:16 [W] [manage-listenClient] 发送心跳
2026_07_30-16:16:21 [W] [manage-listenClient] 发送心跳
2026_07_30-16:16:26 [W] [manage-listenClient] 发送心跳
2026_07_30-16:16:31 [W] [manage-listenClient] 发送心跳
2026_07_30-16:16:36 [W] [manage-listenClient] 发送心跳
2026_07_30-16:16:41 [W] [manage-listenClient] 发送心跳
2026_07_30-16:16:46 [W] [manage-listenClient] 发送心跳
2026_07_30-16:16:51 [W] [manage-listenClient] 发送心跳
2026_07_30-16:16:56 [W] [manage-listenClient] 发送心跳
2026_07_30-16:17:01 [W] [manage-listenClient] 发送心跳
2026_07_30-16:17:06 [W] [manage-listenClient] 发送心跳
2026_07_30-16:17:11 [W] [manage-listenClient] 发送心跳
2026_07_30-16:17:16 [W] [manage-listenClient] 发送心跳
2026_07_30-16:17:21 [W] [manage-listenClient] 发送心跳
2026_07_30-16:17:26 [W] [manage-listenClient] 发送心跳
2026_07_30-16:17:31 [W] [manage-listenClient] 发送心跳
2026_07_30-16:17:36 [W] [manage-listenClient] 发送心跳
2026_07_30-16:17:41 [W] [manage-listenClient] 发送心跳
2026_07_30-16:17:46 [W] [manage-listenClient] 发送心跳
2026_07_30-16:17:51 [W] [manage-listenClient] 发送心跳
2026_07_30-16:17:56 [W] [manage-listenClient] 发送心跳
2026_07_30-16:18:01 [W] [manage-listenClient] 发送心跳
2026_07_30-16:18:06 [W] [manage-listenClient] 发送心跳
2026_07_30-16:18:11 [W] [manage-listenClient] 发送心跳
2026_07_30-16:18:16 [W] [manage-listenClient] 发送心跳
2026_07_30-16:18:21 [W] [manage-listenClient] 发送心跳
2026_07_30-16:18:26 [W] [manage-listenClient] 发送心跳
2026_07_30-16:18:31 [W] [manage-listenClient] 发送心跳
2026_07_30-16:18:36 [W] [manage-listenClient] 发送心跳
2026_07_30-16:18:41 [W] [manage-listenClient] 发送心跳
2026_07_30-16:18:46 [W] [manage-listenClient] 发送心跳
2026_07_30-16:18:51 [W] [manage-listenClient] 发送心跳
2026_07_30-16:18:56 [W] [manage-listenClient] 发送心跳
2026_07_30-16:19:01 [W] [manage-listenClient] 发送心跳
2026_07_30-16:19:06 [W] [manage-listenClient] 发送心跳
2026_07_30-16:19:11 [W] [manage-listenClient] 发送心跳
2026_07_30-16:19:16 [W] [manage-listenClient] 发送心跳
2026_07_30-16:19:21 [W] [manage-listenClient] 发送心跳
2026_07_30-16:19:26 [W] [manage-listenClient] 发送心跳
2026_07_30-16:19:31 [W] [manage-listenClient] 发送心跳
2026_07_30-16:19:36 [W] [manage-listenClient] 发送心跳
2026_07_30-16:19:41 [W] [manage-listenClient] 发送心跳
2026_07_30-16:19:46 [W] [manage-listenClient] 发送心跳
2026_07_30-16:19:51 [W] [manage-listenClient] 发送心跳
2026_07_30-16:19:56 [W] [manage-listenClient] 发送心跳
2026_07_30-16:20:01 [W] [manage-listenClient] 发送心跳
2026_07_30-16:20:06 [W] [manage-listenClient] 发送心跳
2026_07_30-16:20:11 [W] [manage-listenClient] 发送心跳
2026_07_30-16:20:16 [W] [manage-listenClient] 发送心跳
2026_07_30-16:20:21 [W] [manage-listenClient] 发送心跳
2026_07_30-16:20:26 [W] [manage-listenClient] 发送心跳
2026_07_30-16:20:31 [W] [manage-listenClient] 发送心跳
2026_07_30-16:20:36 [W] [manage-listenClient] 发送心跳
2026_07_30-16:20:41 [W] [manage-listenClient] 发送心跳
2026_07_30-16:20:46 [W] [manage-listenClient] 发送心跳
2026_07_30-16:20:51 [W] [manage-listenClient] 发送心跳
2026_07_30-16:20:56 [W] [manage-listenClient] 发送心跳
2026_07_30-16:21:01 [W] [manage-listenClient] 发送心跳
2026_07_30-16:21:06 [W] [manage-listenClient] 发送心跳
2026_07_30-16:21:11 [W] [manage-listenClient] 发送心跳
2026_07_30-16:21:16 [W] [manage-listenClient] 发送心跳
2026_07_30-16:21:21 [W] [manage-listenClient] 发送心跳
2026_07_30-16:21:26 [W] [manage-listenClient] 发送心跳
2026_07_30-16:21:31 [W] [manage-listenClient] 发送心跳
2026_07_30-16:21:36 [W] [manage-listenClient] 发送心跳
2026_07_30-16:21:41 [W] [manage-listenClient] 发送心跳
2026_07_30-16:21:46 [W] [manage-listenClient] 发送心跳
2026_07_30-16:21:51 [W] [manage-listenClient] 发送心跳
2026_07_30-16:21:56 [W] [manage-listenClient] 发送心跳
2026_07_30-16:22:01 [W] [manage-listenClient] 发送心跳
2026_07_30-16:22:06 [W] [manage-listenClient] 发送心跳
2026_07_30-16:22:11 [W] [manage-listenClient] 发送心跳
2026_07_30-16:22:16 [W] [manage-listenClient] 发送心跳
2026_07_30-16:22:21 [W] [manage-listenClient] 发送心跳
2026_07_30-16:22:26 [W] [manage-listenClient] 发送心跳
2026_07_30-16:22:31 [W] [manage-listenClient] 发送心跳
2026_07_30-16:22:36 [W] [manage-listenClient] 发送心跳
2026_07_30-16:22:41 [W] [manage-listenClient] 发送心跳
2026_07_30-16:22:46 [W] [manage-listenClient] 发送心跳
2026_07_30-16:22:51 [W] [manage-listenClient] 发送心跳
2026_07_30-16:22:56 [W] [manage-listenClient] 发送心跳
2026_07_30-16:23:01 [W] [manage-listenClient] 发送心跳
2026_07_30-16:23:06 [W] [manage-listenClient] 发送心跳
2026_07_30-16:23:11 [W] [manage-listenClient] 发送心跳
2026_07_30-16:23:16 [W] [manage-listenClient] 发送心跳
2026_07_30-16:23:21 [W] [manage-listenClient] 发送心跳
2026_07_30-16:23:26 [W] [manage-listenClient] 发送心跳
2026_07_30-16:23:31 [W] [manage-listenClient] 发送心跳
2026_07_30-16:23:36 [W] [manage-listenClient] 发送心跳
2026_07_30-16:23:41 [W] [manage-listenClient] 发送心跳
2026_07_30-16:23:46 [D] [client] disconnect from 192.168.10.1:8090
2026_07_30-16:23:46 [I] [client] socket close = 3
2026_07_30-16:23:46 [W] [manage-listenClient] 断联：开始释放资源
2026_07_30-16:23:46 [W] [manage-listenClient] ClientQue.front()->getClientID() = 32,CurClientID.load() = 31
2026_07_30-16:23:46 [I] [client] socket connect = 1 kConnecting = 0 kConnected = 1 kDisconnecting = 2 kDisconnected = 3
2026_07_30-16:23:46 [W] [manage-CreateClient] 需要创建client Index = 34
2026_07_30-16:23:46 [D] [<UNNAME>] Connection::kConnected
2026_07_30-16:23:46 [W] [analysis] RxFlg.store(1)---serial_number = 3871 check_sn = 3871
2026_07_30-16:23:46 [W] [analysis] cv通知下发---serial_number = 3871 check_sn = 3871
2026_07_30-16:23:46 [W] [manage-listenClient] 发送心跳
2026_07_30-16:23:46 [D] [manage-listenClient] 已经授权成功，重复验证授权码
2026_07_30-16:23:46 [D] [manage-listenClient] Random: bxMjTE..., VIN: HTWW312510A000123
2026_07_30-16:23:46 [I] [manage-listenClient] License verified successfully for VIN: HTWW312510A000123
2026_07_30-16:23:46 [D] [manage-listenClient] License valid until: 2026-10-15 10:12:20
2026_07_30-16:23:46 [I] [manage-listenClient] License verified successfully for expiry: 1A0A0F0A0C14
2026_07_30-16:23:51 [W] [manage-listenClient] 发送心跳
2026_07_30-16:23:56 [W] [manage-listenClient] 发送心跳
2026_07_30-16:24:01 [W] [manage-listenClient] 发送心跳
2026_07_30-16:24:06 [W] [manage-listenClient] 发送心跳
2026_07_30-16:24:11 [W] [manage-listenClient] 发送心跳
2026_07_30-16:24:16 [W] [manage-listenClient] 发送心跳
2026_07_30-16:24:21 [W] [manage-listenClient] 发送心跳
2026_07_30-16:24:26 [W] [manage-listenClient] 发送心跳
2026_07_30-16:24:31 [W] [manage-listenClient] 发送心跳
2026_07_30-16:24:36 [W] [manage-listenClient] 发送心跳
2026_07_30-16:24:41 [W] [manage-listenClient] 发送心跳
2026_07_30-16:24:46 [W] [manage-listenClient] 发送心跳
2026_07_30-16:24:51 [W] [manage-listenClient] 发送心跳
2026_07_30-16:24:56 [W] [manage-listenClient] 发送心跳
2026_07_30-16:25:01 [W] [manage-listenClient] 发送心跳
2026_07_30-16:25:06 [W] [manage-listenClient] 发送心跳
2026_07_30-16:25:11 [W] [manage-listenClient] 发送心跳
2026_07_30-16:25:16 [W] [manage-listenClient] 发送心跳
2026_07_30-16:25:21 [W] [manage-listenClient] 发送心跳
2026_07_30-16:25:26 [W] [manage-listenClient] 发送心跳
2026_07_30-16:25:31 [W] [manage-listenClient] 发送心跳
2026_07_30-16:25:36 [W] [manage-listenClient] 发送心跳
2026_07_30-16:25:41 [W] [manage-listenClient] 发送心跳
2026_07_30-16:25:46 [W] [manage-listenClient] 发送心跳
2026_07_30-16:25:51 [W] [manage-listenClient] 发送心跳
2026_07_30-16:25:56 [W] [manage-listenClient] 发送心跳
2026_07_30-16:26:01 [W] [manage-listenClient] 发送心跳
2026_07_30-16:26:06 [W] [manage-listenClient] 发送心跳
2026_07_30-16:26:11 [W] [manage-listenClient] 发送心跳
2026_07_30-16:26:16 [W] [manage-listenClient] 发送心跳
2026_07_30-16:26:21 [W] [manage-listenClient] 发送心跳
2026_07_30-16:26:26 [W] [manage-listenClient] 发送心跳
2026_07_30-16:26:31 [W] [manage-listenClient] 发送心跳
2026_07_30-16:26:36 [W] [manage-listenClient] 发送心跳
2026_07_30-16:26:41 [W] [manage-listenClient] 发送心跳
2026_07_30-16:26:46 [W] [manage-listenClient] 发送心跳
2026_07_30-16:26:51 [W] [manage-listenClient] 发送心跳
2026_07_30-16:26:56 [W] [manage-listenClient] 发送心跳
2026_07_30-16:27:01 [W] [manage-listenClient] 发送心跳
2026_07_30-16:27:06 [W] [manage-listenClient] 发送心跳
2026_07_30-16:27:11 [W] [manage-listenClient] 发送心跳
2026_07_30-16:27:16 [W] [manage-listenClient] 发送心跳
2026_07_30-16:27:21 [W] [manage-listenClient] 发送心跳
2026_07_30-16:27:26 [W] [manage-listenClient] 发送心跳
2026_07_30-16:27:31 [W] [manage-listenClient] 发送心跳
2026_07_30-16:27:36 [W] [manage-listenClient] 发送心跳
2026_07_30-16:27:41 [W] [manage-listenClient] 发送心跳
2026_07_30-16:27:46 [W] [manage-listenClient] 发送心跳
2026_07_30-16:27:51 [W] [manage-listenClient] 发送心跳
2026_07_30-16:27:56 [W] [manage-listenClient] 发送心跳
2026_07_30-16:28:01 [W] [manage-listenClient] 发送心跳
2026_07_30-16:28:06 [W] [manage-listenClient] 发送心跳
2026_07_30-16:28:11 [W] [manage-listenClient] 发送心跳
2026_07_30-16:28:16 [W] [manage-listenClient] 发送心跳
2026_07_30-16:28:21 [W] [manage-listenClient] 发送心跳
2026_07_30-16:28:26 [W] [manage-listenClient] 发送心跳
2026_07_30-16:28:31 [W] [manage-listenClient] 发送心跳
2026_07_30-16:28:36 [W] [manage-listenClient] 发送心跳
2026_07_30-16:28:41 [W] [manage-listenClient] 发送心跳
2026_07_30-16:28:46 [W] [manage-listenClient] 发送心跳
2026_07_30-16:28:51 [W] [manage-listenClient] 发送心跳
2026_07_30-16:28:56 [W] [manage-listenClient] 发送心跳
2026_07_30-16:29:01 [W] [manage-listenClient] 发送心跳
2026_07_30-16:29:06 [W] [manage-listenClient] 发送心跳
2026_07_30-16:29:11 [W] [manage-listenClient] 发送心跳
2026_07_30-16:29:16 [W] [manage-listenClient] 发送心跳
2026_07_30-16:29:21 [W] [manage-listenClient] 发送心跳
2026_07_30-16:29:26 [W] [manage-listenClient] 发送心跳
2026_07_30-16:29:31 [W] [manage-listenClient] 发送心跳
2026_07_30-16:29:36 [W] [manage-listenClient] 发送心跳
2026_07_30-16:29:41 [W] [manage-listenClient] 发送心跳
2026_07_30-16:29:46 [W] [manage-listenClient] 发送心跳
2026_07_30-16:29:51 [W] [manage-listenClient] 发送心跳
2026_07_30-16:29:56 [W] [manage-listenClient] 发送心跳
2026_07_30-16:30:01 [W] [manage-listenClient] 发送心跳
2026_07_30-16:30:06 [W] [manage-listenClient] 发送心跳
2026_07_30-16:30:11 [W] [manage-listenClient] 发送心跳
2026_07_30-16:30:16 [W] [manage-listenClient] 发送心跳
2026_07_30-16:30:21 [W] [manage-listenClient] 发送心跳
2026_07_30-16:30:26 [W] [manage-listenClient] 发送心跳
2026_07_30-16:30:31 [W] [manage-listenClient] 发送心跳
2026_07_30-16:30:35 [D] [<UNNAME>] Connection::kConnected
2026_07_30-16:30:35 [W] [analysis] RxFlg.store(1)---serial_number = 3954 check_sn = 3954
2026_07_30-16:30:35 [W] [analysis] cv通知下发---serial_number = 3954 check_sn = 3954
2026_07_30-16:30:35 [D] [<UNNAME>] linear_speed=0.000000, angular_speed=0.000000, iscanmove=0
2026_07_30-16:30:35 [D] [<UNNAME>] Connection::kConnected
2026_07_30-16:30:36 [W] [analysis] RxFlg.store(1)---serial_number = 3955 check_sn = 3955
2026_07_30-16:30:36 [W] [analysis] cv通知下发---serial_number = 3955 check_sn = 3955
2026_07_30-16:30:36 [D] [<UNNAME>] brake_ctrl=0
